2026-01-04 17:09:25 - render - INFO - Iniciando frame 0 (50x50, 50 iter) - Modo: Estándar
2026-01-04 17:09:25 - render - INFO - Frame 0 completado en 0.05s (1.7 KB)
2026-01-04 17:09:25 - render - INFO - Iniciando frame 1 (100x80, 50 iter) - Modo: Estándar
2026-01-04 17:09:25 - render - INFO - Frame 1 completado en 0.01s (3.3 KB)
2026-01-04 17:09:25 - render - INFO - Iniciando frame 0 (100x100, 50 iter) - Modo: Optimizado
2026-01-04 17:09:25 - render - INFO - Frame 0 completado en 0.00s (4.0 KB)
2026-01-04 17:10:55 - render - INFO - Frame 0 obtenido del caché
2026-01-04 17:10:55 - render - INFO - Frame 1 obtenido del caché
2026-01-04 17:10:55 - render - INFO - Frame 0 obtenido del caché
2026-01-04 17:11:30 - render - INFO - Iniciando frame 1 (800x608, 100 iter) - Modo: Optimizado
2026-01-04 17:11:30 - render - INFO - Iniciando frame 0 (800x608, 100 iter) - Modo: Optimizado
2026-01-04 17:11:30 - render - INFO - Iniciando frame 2 (800x608, 100 iter) - Modo: Optimizado
2026-01-04 17:11:30 - render - INFO - Iniciando frame 3 (800x608, 100 iter) - Modo: Optimizado
2026-01-04 17:11:30 - render - INFO - Iniciando frame 4 (800x608, 100 iter) - Modo: Optimizado
2026-01-04 17:11:30 - render - INFO - Iniciando frame 5 (800x608, 100 iter) - Modo: Optimizado
2026-01-04 17:11:30 - render - INFO - Iniciando frame 6 (800x608, 100 iter) - Modo: Optimizado
2026-01-04 17:11:30 - render - INFO - Iniciando frame 7 (800x608, 100 iter) - Modo: Optimizado
2026-01-04 17:11:30 - render - INFO - Iniciando frame 8 (800x608, 100 iter) - Modo: Optimizado
2026-01-04 17:11:30 - render - INFO - Iniciando frame 9 (800x608, 100 iter) - Modo: Optimizado
2026-01-04 17:11:30 - render - INFO - Iniciando frame 10 (800x608, 100 iter) - Modo: Optimizado
2026-01-04 17:11:30 - render - INFO - Iniciando frame 11 (800x608, 100 iter) - Modo: Optimizado
2026-01-04 17:11:30 - render - INFO - Iniciando frame 12 (800x608, 100 iter) - Modo: Optimizado
2026-01-04 17:11:30 - render - INFO - Iniciando frame 13 (800x608, 100 iter) - Modo: Optimizado
2026-01-04 17:11:30 - render - INFO - Iniciando frame 14 (800x608, 100 iter) - Modo: Optimizado
2026-01-04 17:11:30 - render - INFO - Iniciando frame 15 (800x608, 100 iter) - Modo: Optimizado
2026-01-04 17:11:30 - render - INFO - Iniciando frame 16 (800x608, 100 iter) - Modo: Optimizado
2026-01-04 17:11:30 - render - INFO - Iniciando frame 17 (800x608, 100 iter) - Modo: Optimizado
2026-01-04 17:11:30 - render - INFO - Iniciando frame 18 (800x608, 100 iter) - Modo: Optimizado
2026-01-04 17:11:30 - render - INFO - Iniciando frame 20 (800x608, 100 iter) - Modo: Optimizado
2026-01-04 17:11:30 - render - INFO - Iniciando frame 19 (800x608, 100 iter) - Modo: Optimizado
2026-01-04 17:11:30 - render - INFO - Iniciando frame 21 (800x608, 100 iter) - Modo: Optimizado
2026-01-04 17:11:30 - render - INFO - Iniciando frame 22 (800x608, 100 iter) - Modo: Optimizado
2026-01-04 17:11:30 - render - INFO - Iniciando frame 23 (800x608, 100 iter) - Modo: Optimizado
2026-01-04 17:11:30 - render - INFO - Iniciando frame 24 (800x608, 100 iter) - Modo: Optimizado
2026-01-04 17:11:30 - render - INFO - Iniciando frame 25 (800x608, 100 iter) - Modo: Optimizado
2026-01-04 17:11:30 - render - INFO - Iniciando frame 26 (800x608, 100 iter) - Modo: Optimizado
2026-01-04 17:11:30 - render - INFO - Iniciando frame 27 (800x608, 100 iter) - Modo: Optimizado
2026-01-04 17:11:30 - render - INFO - Iniciando frame 28 (800x608, 100 iter) - Modo: Optimizado
2026-01-04 17:11:30 - render - INFO - Iniciando frame 29 (800x608, 100 iter) - Modo: Optimizado
2026-01-04 17:11:30 - render - INFO - Iniciando frame 30 (800x608, 100 iter) - Modo: Optimizado
2026-01-04 17:11:30 - render - INFO - Iniciando frame 31 (800x608, 100 iter) - Modo: Optimizado
2026-01-04 17:11:31 - render - INFO - Frame 22 completado en 0.89s (75.7 KB)
2026-01-04 17:11:31 - render - INFO - Iniciando frame 32 (800x608, 100 iter) - Modo: Optimizado
2026-01-04 17:11:31 - render - INFO - Frame 19 completado en 0.90s (92.3 KB)
2026-01-04 17:11:31 - render - INFO - Frame 16 completado en 0.90s (93.9 KB)
2026-01-04 17:11:31 - render - INFO - Frame 21 completado en 0.90s (70.5 KB)
2026-01-04 17:11:31 - render - INFO - Frame 15 completado en 0.90s (87.3 KB)
2026-01-04 17:11:31 - render - INFO - Frame 20 completado en 0.89s (83.2 KB)
2026-01-04 17:11:31 - render - INFO - Frame 24 completado en 0.89s (89.1 KB)
2026-01-04 17:11:31 - render - INFO - Frame 27 completado en 0.89s (102.2 KB)
2026-01-04 17:11:31 - render - INFO - Frame 14 completado en 0.90s (81.5 KB)
2026-01-04 17:11:31 - render - INFO - Frame 25 completado en 0.89s (94.7 KB)
2026-01-04 17:11:31 - render - INFO - Frame 18 completado en 0.90s (100.1 KB)
2026-01-04 17:11:31 - render - INFO - Frame 11 completado en 0.90s (73.5 KB)
2026-01-04 17:11:31 - render - INFO - Frame 23 completado en 0.90s (79.7 KB)
2026-01-04 17:11:31 - render - INFO - Frame 17 completado en 0.90s (98.0 KB)
2026-01-04 17:11:31 - render - INFO - Frame 13 completado en 0.90s (76.5 KB)
2026-01-04 17:11:31 - render - INFO - Frame 28 completado en 0.91s (101.8 KB)
2026-01-04 17:11:31 - render - INFO - Frame 12 completado en 0.90s (75.2 KB)
2026-01-04 17:11:31 - render - INFO - Iniciando frame 33 (800x608, 100 iter) - Modo: Optimizado
2026-01-04 17:11:31 - render - INFO - Frame 29 completado en 0.94s (99.9 KB)
2026-01-04 17:11:31 - render - INFO - Frame 26 completado en 0.92s (102.8 KB)
2026-01-04 17:11:31 - render - INFO - Iniciando frame 35 (800x608, 100 iter) - Modo: Optimizado
2026-01-04 17:11:31 - render - INFO - Iniciando frame 36 (800x608, 100 iter) - Modo: Optimizado
2026-01-04 17:11:31 - render - INFO - Iniciando frame 37 (800x608, 100 iter) - Modo: Optimizado
2026-01-04 17:11:31 - render - INFO - Iniciando frame 38 (800x608, 100 iter) - Modo: Optimizado
2026-01-04 17:11:31 - render - INFO - Iniciando frame 34 (800x608, 100 iter) - Modo: Optimizado
2026-01-04 17:11:31 - render - INFO - Iniciando frame 39 (800x608, 100 iter) - Modo: Optimizado
2026-01-04 17:11:31 - render - INFO - Iniciando frame 40 (800x608, 100 iter) - Modo: Optimizado
2026-01-04 17:11:31 - render - INFO - Iniciando frame 41 (800x608, 100 iter) - Modo: Optimizado
2026-01-04 17:11:31 - render - INFO - Frame 4 completado en 0.92s (110.2 KB)
2026-01-04 17:11:31 - render - INFO - Frame 0 completado en 0.93s (79.8 KB)
2026-01-04 17:11:31 - render - INFO - Iniciando frame 42 (800x608, 100 iter) - Modo: Optimizado
2026-01-04 17:11:31 - render - INFO - Iniciando frame 43 (800x608, 100 iter) - Modo: Optimizado
2026-01-04 17:11:31 - render - INFO - Frame 8 completado en 0.95s (73.2 KB)
2026-01-04 17:11:31 - render - INFO - Frame 31 completado en 0.99s (75.2 KB)
2026-01-04 17:11:31 - render - INFO - Iniciando frame 44 (800x608, 100 iter) - Modo: Optimizado
2026-01-04 17:11:31 - render - INFO - Iniciando frame 45 (800x608, 100 iter) - Modo: Optimizado
2026-01-04 17:11:31 - render - INFO - Iniciando frame 46 (800x608, 100 iter) - Modo: Optimizado
2026-01-04 17:11:31 - render - INFO - Iniciando frame 47 (800x608, 100 iter) - Modo: Optimizado
2026-01-04 17:11:31 - render - INFO - Frame 9 completado en 1.00s (72.6 KB)
2026-01-04 17:11:31 - render - INFO - Iniciando frame 48 (800x608, 100 iter) - Modo: Optimizado
2026-01-04 17:11:31 - render - INFO - Frame 6 completado en 1.01s (99.2 KB)
2026-01-04 17:11:31 - render - INFO - Iniciando frame 49 (800x608, 100 iter) - Modo: Optimizado
2026-01-04 17:11:31 - render - INFO - Frame 3 completado en 1.00s (100.5 KB)
2026-01-04 17:11:31 - render - INFO - Frame 7 completado en 1.05s (73.4 KB)
2026-01-04 17:11:31 - render - INFO - Frame 10 completado en 1.04s (73.2 KB)
2026-01-04 17:11:31 - render - INFO - Frame 5 completado en 1.02s (108.7 KB)
2026-01-04 17:11:31 - render - INFO - Frame 2 completado en 1.04s (117.9 KB)
2026-01-04 17:11:31 - render - INFO - Frame 1 completado en 1.06s (100.6 KB)
2026-01-04 17:11:31 - render - INFO - Frame 30 completado en 1.08s (90.8 KB)
2026-01-04 17:11:31 - render - INFO - Frame 32 completado en 0.27s (69.9 KB)
2026-01-04 17:11:31 - render - INFO - Frame 38 completado en 0.42s (50.4 KB)
2026-01-04 17:11:31 - render - INFO - Frame 42 completado en 0.39s (23.7 KB)
2026-01-04 17:11:31 - render - INFO - Frame 44 completado en 0.40s (0.7 KB)
2026-01-04 17:11:31 - render - INFO - Frame 39 completado en 0.44s (53.5 KB)
2026-01-04 17:11:31 - render - INFO - Frame 43 completado en 0.43s (8.5 KB)
2026-01-04 17:11:31 - render - INFO - Frame 33 completado en 0.46s (59.4 KB)
2026-01-04 17:11:31 - render - INFO - Frame 35 completado en 0.45s (52.2 KB)
2026-01-04 17:11:31 - render - INFO - Frame 36 completado en 0.43s (52.5 KB)
2026-01-04 17:11:31 - render - INFO - Frame 41 completado en 0.44s (36.2 KB)
2026-01-04 17:11:31 - render - INFO - Frame 40 completado en 0.44s (50.1 KB)
2026-01-04 17:11:31 - render - INFO - Frame 37 completado en 0.46s (48.7 KB)
2026-01-04 17:11:31 - render - INFO - Frame 49 completado en 0.26s (0.1 KB)
2026-01-04 17:11:31 - render - INFO - Frame 48 completado en 0.27s (0.1 KB)
2026-01-04 17:11:31 - render - INFO - Frame 46 completado en 0.28s (0.1 KB)
2026-01-04 17:11:31 - render - INFO - Frame 47 completado en 0.29s (0.1 KB)
2026-01-04 17:11:31 - render - INFO - Frame 34 completado en 0.49s (57.4 KB)
2026-01-04 17:11:31 - render - INFO - Frame 45 completado en 0.30s (0.1 KB)
2026-01-04 17:12:08 - render - INFO - Frame 20 obtenido del caché
2026-01-04 17:12:08 - render - INFO - Frame 7 obtenido del caché
2026-01-04 17:12:08 - render - INFO - Frame 18 obtenido del caché
2026-01-04 17:12:08 - render - INFO - Frame 21 obtenido del caché
2026-01-04 17:12:08 - render - INFO - Frame 29 obtenido del caché
2026-01-04 17:12:08 - render - INFO - Frame 0 obtenido del caché
2026-01-04 17:12:08 - render - INFO - Frame 24 obtenido del caché
2026-01-04 17:12:08 - render - INFO - Frame 15 obtenido del caché
2026-01-04 17:12:08 - render - INFO - Frame 23 obtenido del caché
2026-01-04 17:12:08 - render - INFO - Frame 2 obtenido del caché
2026-01-04 17:12:08 - render - INFO - Frame 17 obtenido del caché
2026-01-04 17:12:08 - render - INFO - Frame 12 obtenido del caché
2026-01-04 17:12:08 - render - INFO - Frame 19 obtenido del caché
2026-01-04 17:12:08 - render - INFO - Frame 27 obtenido del caché
2026-01-04 17:12:08 - render - INFO - Frame 28 obtenido del caché
2026-01-04 17:12:08 - render - INFO - Frame 9 obtenido del caché
2026-01-04 17:12:08 - render - INFO - Frame 1 obtenido del caché
2026-01-04 17:12:08 - render - INFO - Frame 14 obtenido del caché
2026-01-04 17:12:08 - render - INFO - Frame 22 obtenido del caché
2026-01-04 17:12:08 - render - INFO - Frame 31 obtenido del caché
2026-01-04 17:12:08 - render - INFO - Frame 13 obtenido del caché
2026-01-04 17:12:08 - render - INFO - Frame 4 obtenido del caché
2026-01-04 17:12:08 - render - INFO - Frame 16 obtenido del caché
2026-01-04 17:12:08 - render - INFO - Frame 25 obtenido del caché
2026-01-04 17:12:08 - render - INFO - Frame 5 obtenido del caché
2026-01-04 17:12:08 - render - INFO - Frame 6 obtenido del caché
2026-01-04 17:12:08 - render - INFO - Frame 26 obtenido del caché
2026-01-04 17:12:08 - render - INFO - Frame 32 obtenido del caché
2026-01-04 17:12:08 - render - INFO - Frame 10 obtenido del caché
2026-01-04 17:12:08 - render - INFO - Frame 3 obtenido del caché
2026-01-04 17:12:08 - render - INFO - Frame 11 obtenido del caché
2026-01-04 17:12:08 - render - INFO - Frame 8 obtenido del caché
2026-01-04 17:12:08 - render - INFO - Frame 30 obtenido del caché
2026-01-04 17:12:08 - render - INFO - Frame 33 obtenido del caché
2026-01-04 17:12:08 - render - INFO - Frame 35 obtenido del caché
2026-01-04 17:12:08 - render - INFO - Frame 34 obtenido del caché
2026-01-04 17:12:08 - render - INFO - Frame 36 obtenido del caché
2026-01-04 17:12:08 - render - INFO - Frame 38 obtenido del caché
2026-01-04 17:12:08 - render - INFO - Frame 37 obtenido del caché
2026-01-04 17:12:08 - render - INFO - Frame 40 obtenido del caché
2026-01-04 17:12:08 - render - INFO - Frame 39 obtenido del caché
2026-01-04 17:12:08 - render - INFO - Frame 41 obtenido del caché
2026-01-04 17:12:08 - render - INFO - Frame 43 obtenido del caché
2026-01-04 17:12:08 - render - INFO - Frame 42 obtenido del caché
2026-01-04 17:12:08 - render - INFO - Frame 46 obtenido del caché
2026-01-04 17:12:08 - render - INFO - Frame 44 obtenido del caché
2026-01-04 17:12:08 - render - INFO - Frame 47 obtenido del caché
2026-01-04 17:12:08 - render - INFO - Frame 45 obtenido del caché
2026-01-04 17:12:08 - render - INFO - Frame 48 obtenido del caché
2026-01-04 17:12:08 - render - INFO - Frame 49 obtenido del caché
2026-01-04 17:14:25 - render - INFO - Iniciando frame 0 (50x50, 50 iter) - Modo: Estándar
2026-01-04 17:14:25 - render - INFO - Frame 0 completado en 0.02s (1.6 KB)
2026-01-04 17:14:25 - render - INFO - Iniciando frame 1 (100x80, 50 iter) - Modo: Estándar
2026-01-04 17:14:25 - render - INFO - Frame 1 completado en 0.03s (3.3 KB)
2026-01-04 17:14:25 - render - INFO - Iniciando frame 0 (100x100, 50 iter) - Modo: Optimizado
2026-01-04 17:14:25 - render - INFO - Frame 0 completado en 0.00s (4.0 KB)
2026-01-04 17:15:11 - render - INFO - Iniciando frame 0 (854x480, 80 iter) - Modo: Optimizado
2026-01-04 17:15:11 - render - INFO - Iniciando frame 3 (854x480, 80 iter) - Modo: Optimizado
2026-01-04 17:15:11 - render - INFO - Iniciando frame 4 (854x480, 80 iter) - Modo: Optimizado
2026-01-04 17:15:11 - render - INFO - Iniciando frame 1 (854x480, 80 iter) - Modo: Optimizado
2026-01-04 17:15:11 - render - INFO - Iniciando frame 6 (854x480, 80 iter) - Modo: Optimizado
2026-01-04 17:15:11 - render - INFO - Iniciando frame 5 (854x480, 80 iter) - Modo: Optimizado
2026-01-04 17:15:11 - render - INFO - Iniciando frame 7 (854x480, 80 iter) - Modo: Optimizado
2026-01-04 17:15:11 - render - INFO - Iniciando frame 8 (854x480, 80 iter) - Modo: Optimizado
2026-01-04 17:15:11 - render - INFO - Iniciando frame 2 (854x480, 80 iter) - Modo: Optimizado
2026-01-04 17:15:11 - render - INFO - Iniciando frame 9 (854x480, 80 iter) - Modo: Optimizado
2026-01-04 17:15:11 - render - INFO - Iniciando frame 10 (854x480, 80 iter) - Modo: Optimizado
2026-01-04 17:15:11 - render - INFO - Iniciando frame 11 (854x480, 80 iter) - Modo: Optimizado
2026-01-04 17:15:11 - render - INFO - Iniciando frame 12 (854x480, 80 iter) - Modo: Optimizado
2026-01-04 17:15:11 - render - INFO - Iniciando frame 13 (854x480, 80 iter) - Modo: Optimizado
2026-01-04 17:15:11 - render - INFO - Iniciando frame 14 (854x480, 80 iter) - Modo: Optimizado
2026-01-04 17:15:11 - render - INFO - Iniciando frame 15 (854x480, 80 iter) - Modo: Optimizado
2026-01-04 17:15:11 - render - INFO - Iniciando frame 16 (854x480, 80 iter) - Modo: Optimizado
2026-01-04 17:15:11 - render - INFO - Iniciando frame 17 (854x480, 80 iter) - Modo: Optimizado
2026-01-04 17:15:11 - render - INFO - Iniciando frame 18 (854x480, 80 iter) - Modo: Optimizado
2026-01-04 17:15:11 - render - INFO - Iniciando frame 19 (854x480, 80 iter) - Modo: Optimizado
2026-01-04 17:15:11 - render - INFO - Iniciando frame 20 (854x480, 80 iter) - Modo: Optimizado
2026-01-04 17:15:11 - render - INFO - Iniciando frame 21 (854x480, 80 iter) - Modo: Optimizado
2026-01-04 17:15:11 - render - INFO - Iniciando frame 22 (854x480, 80 iter) - Modo: Optimizado
2026-01-04 17:15:11 - render - INFO - Iniciando frame 23 (854x480, 80 iter) - Modo: Optimizado
2026-01-04 17:15:11 - render - INFO - Iniciando frame 24 (854x480, 80 iter) - Modo: Optimizado
2026-01-04 17:15:11 - render - INFO - Iniciando frame 25 (854x480, 80 iter) - Modo: Optimizado
2026-01-04 17:15:11 - render - INFO - Iniciando frame 26 (854x480, 80 iter) - Modo: Optimizado
2026-01-04 17:15:11 - render - INFO - Iniciando frame 27 (854x480, 80 iter) - Modo: Optimizado
2026-01-04 17:15:11 - render - INFO - Iniciando frame 28 (854x480, 80 iter) - Modo: Optimizado
2026-01-04 17:15:11 - render - INFO - Iniciando frame 29 (854x480, 80 iter) - Modo: Optimizado
2026-01-04 17:15:11 - render - INFO - Frame 15 completado en 0.57s (51.6 KB)
2026-01-04 17:15:11 - render - INFO - Frame 9 completado en 0.59s (58.6 KB)
2026-01-04 17:15:11 - render - INFO - Frame 7 completado en 0.58s (55.7 KB)
2026-01-04 17:15:11 - render - INFO - Frame 14 completado en 0.60s (53.4 KB)
2026-01-04 17:15:11 - render - INFO - Frame 10 completado en 0.60s (62.6 KB)
2026-01-04 17:15:11 - render - INFO - Frame 17 completado en 0.61s (60.5 KB)
2026-01-04 17:15:11 - render - INFO - Frame 16 completado en 0.61s (56.5 KB)
2026-01-04 17:15:12 - render - INFO - Frame 20 completado en 0.65s (82.8 KB)
2026-01-04 17:15:12 - render - INFO - Frame 26 completado en 0.64s (56.0 KB)
2026-01-04 17:15:12 - render - INFO - Frame 18 completado en 0.65s (66.3 KB)
2026-01-04 17:15:12 - render - INFO - Frame 1 completado en 0.66s (91.6 KB)
2026-01-04 17:15:12 - render - INFO - Frame 4 completado en 0.66s (79.6 KB)
2026-01-04 17:15:12 - render - INFO - Frame 11 completado en 0.66s (68.0 KB)
2026-01-04 17:15:12 - render - INFO - Frame 13 completado en 0.69s (65.5 KB)
2026-01-04 17:15:12 - render - INFO - Frame 3 completado en 0.70s (91.0 KB)
2026-01-04 17:15:12 - render - INFO - Frame 12 completado en 0.67s (70.9 KB)
2026-01-04 17:15:12 - render - INFO - Frame 21 completado en 0.68s (76.8 KB)
2026-01-04 17:15:12 - render - INFO - Frame 22 completado en 0.68s (73.7 KB)
2026-01-04 17:15:12 - render - INFO - Frame 6 completado en 0.70s (56.8 KB)
2026-01-04 17:15:12 - render - INFO - Frame 5 completado en 0.71s (55.8 KB)
2026-01-04 17:15:12 - render - INFO - Frame 19 completado en 0.67s (77.3 KB)
2026-01-04 17:15:12 - render - INFO - Frame 24 completado en 0.70s (62.8 KB)
2026-01-04 17:15:12 - render - INFO - Frame 23 completado en 0.69s (72.8 KB)
2026-01-04 17:15:12 - render - INFO - Frame 25 completado en 0.69s (59.0 KB)
2026-01-04 17:15:12 - render - INFO - Frame 2 completado en 0.74s (82.3 KB)
2026-01-04 17:15:12 - render - INFO - Frame 29 completado en 0.71s (55.4 KB)
2026-01-04 17:15:12 - render - INFO - Frame 27 completado en 0.72s (56.9 KB)
2026-01-04 17:15:12 - render - INFO - Frame 28 completado en 0.73s (55.4 KB)
2026-01-04 17:15:12 - render - INFO - Frame 0 completado en 0.75s (67.5 KB)
2026-01-04 17:15:12 - render - INFO - Frame 8 completado en 0.74s (56.6 KB)
2026-01-04 17:19:54 - render - INFO - Iniciando frame 0 (854x480, 80 iter) - Modo: Optimizado
2026-01-04 17:19:54 - render - INFO - Iniciando frame 3 (854x480, 80 iter) - Modo: Optimizado
2026-01-04 17:19:54 - render - INFO - Iniciando frame 2 (854x480, 80 iter) - Modo: Optimizado
2026-01-04 17:19:54 - render - INFO - Iniciando frame 4 (854x480, 80 iter) - Modo: Optimizado
2026-01-04 17:19:54 - render - INFO - Iniciando frame 5 (854x480, 80 iter) - Modo: Optimizado
2026-01-04 17:19:54 - render - INFO - Iniciando frame 1 (854x480, 80 iter) - Modo: Optimizado
2026-01-04 17:19:54 - render - INFO - Iniciando frame 6 (854x480, 80 iter) - Modo: Optimizado
2026-01-04 17:19:54 - render - INFO - Iniciando frame 7 (854x480, 80 iter) - Modo: Optimizado
2026-01-04 17:19:54 - render - INFO - Iniciando frame 8 (854x480, 80 iter) - Modo: Optimizado
2026-01-04 17:19:54 - render - INFO - Iniciando frame 9 (854x480, 80 iter) - Modo: Optimizado
2026-01-04 17:19:54 - render - INFO - Iniciando frame 10 (854x480, 80 iter) - Modo: Optimizado
2026-01-04 17:19:54 - render - INFO - Iniciando frame 11 (854x480, 80 iter) - Modo: Optimizado
2026-01-04 17:19:54 - render - INFO - Iniciando frame 12 (854x480, 80 iter) - Modo: Optimizado
2026-01-04 17:19:54 - render - INFO - Iniciando frame 13 (854x480, 80 iter) - Modo: Optimizado
2026-01-04 17:19:54 - render - INFO - Iniciando frame 14 (854x480, 80 iter) - Modo: Optimizado
2026-01-04 17:19:54 - render - INFO - Iniciando frame 15 (854x480, 80 iter) - Modo: Optimizado
2026-01-04 17:19:54 - render - INFO - Iniciando frame 16 (854x480, 80 iter) - Modo: Optimizado
2026-01-04 17:19:54 - render - INFO - Iniciando frame 17 (854x480, 80 iter) - Modo: Optimizado
2026-01-04 17:19:54 - render - INFO - Iniciando frame 18 (854x480, 80 iter) - Modo: Optimizado
2026-01-04 17:19:54 - render - INFO - Iniciando frame 19 (854x480, 80 iter) - Modo: Optimizado
2026-01-04 17:19:54 - render - INFO - Iniciando frame 20 (854x480, 80 iter) - Modo: Optimizado
2026-01-04 17:19:54 - render - INFO - Iniciando frame 21 (854x480, 80 iter) - Modo: Optimizado
2026-01-04 17:19:54 - render - INFO - Iniciando frame 22 (854x480, 80 iter) - Modo: Optimizado
2026-01-04 17:19:54 - render - INFO - Iniciando frame 23 (854x480, 80 iter) - Modo: Optimizado
2026-01-04 17:19:54 - render - INFO - Iniciando frame 24 (854x480, 80 iter) - Modo: Optimizado
2026-01-04 17:19:54 - render - INFO - Iniciando frame 25 (854x480, 80 iter) - Modo: Optimizado
2026-01-04 17:19:54 - render - INFO - Iniciando frame 26 (854x480, 80 iter) - Modo: Optimizado
2026-01-04 17:19:54 - render - INFO - Iniciando frame 27 (854x480, 80 iter) - Modo: Optimizado
2026-01-04 17:19:54 - render - INFO - Iniciando frame 28 (854x480, 80 iter) - Modo: Optimizado
2026-01-04 17:19:54 - render - INFO - Iniciando frame 29 (854x480, 80 iter) - Modo: Optimizado
2026-01-04 17:19:55 - render - INFO - Frame 15 completado en 0.63s (51.6 KB)
2026-01-04 17:19:55 - render - INFO - Frame 14 completado en 0.63s (53.4 KB)
2026-01-04 17:19:55 - render - INFO - Frame 18 completado en 0.62s (66.3 KB)
2026-01-04 17:19:55 - render - INFO - Frame 19 completado en 0.62s (77.3 KB)
2026-01-04 17:19:55 - render - INFO - Frame 16 completado en 0.63s (56.5 KB)
2026-01-04 17:19:55 - render - INFO - Frame 17 completado en 0.63s (60.5 KB)
2026-01-04 17:19:55 - render - INFO - Frame 7 completado en 0.65s (55.7 KB)
2026-01-04 17:19:55 - render - INFO - Frame 8 completado en 0.65s (56.6 KB)
2026-01-04 17:19:55 - render - INFO - Frame 9 completado en 0.65s (58.6 KB)
2026-01-04 17:19:55 - render - INFO - Frame 12 completado en 0.66s (70.9 KB)
2026-01-04 17:19:55 - render - INFO - Frame 10 completado en 0.69s (62.6 KB)
2026-01-04 17:19:55 - render - INFO - Frame 2 completado en 0.66s (82.3 KB)
2026-01-04 17:19:55 - render - INFO - Frame 11 completado en 0.69s (68.0 KB)
2026-01-04 17:19:55 - render - INFO - Frame 24 completado en 0.71s (62.8 KB)
2026-01-04 17:19:55 - render - INFO - Frame 4 completado en 0.70s (79.6 KB)
2026-01-04 17:19:55 - render - INFO - Frame 22 completado en 0.71s (73.7 KB)
2026-01-04 17:19:55 - render - INFO - Frame 20 completado en 0.70s (82.8 KB)
2026-01-04 17:19:55 - render - INFO - Frame 23 completado en 0.70s (72.8 KB)
2026-01-04 17:19:55 - render - INFO - Frame 21 completado en 0.71s (76.8 KB)
2026-01-04 17:19:55 - render - INFO - Frame 13 completado en 0.69s (65.5 KB)
2026-01-04 17:19:55 - render - INFO - Frame 5 completado en 0.75s (55.8 KB)
2026-01-04 17:19:55 - render - INFO - Frame 3 completado en 0.76s (91.0 KB)
2026-01-04 17:19:55 - render - INFO - Frame 25 completado en 0.74s (59.0 KB)
2026-01-04 17:19:55 - render - INFO - Frame 6 completado en 0.76s (56.8 KB)
2026-01-04 17:19:55 - render - INFO - Frame 28 completado en 0.75s (55.4 KB)
2026-01-04 17:19:55 - render - INFO - Frame 29 completado en 0.76s (55.4 KB)
2026-01-04 17:19:55 - render - INFO - Frame 27 completado en 0.75s (56.9 KB)
2026-01-04 17:19:55 - render - INFO - Frame 26 completado en 0.76s (56.0 KB)
2026-01-04 17:19:55 - render - INFO - Frame 0 completado en 0.81s (67.5 KB)
2026-01-04 17:19:55 - render - INFO - Frame 1 completado en 0.79s (91.6 KB)
2026-01-04 17:23:28 - render - INFO - Iniciando frame 0 (854x480, 80 iter) - Modo: Optimizado
2026-01-04 17:23:28 - render - INFO - Iniciando frame 2 (854x480, 80 iter) - Modo: Optimizado
2026-01-04 17:23:28 - render - INFO - Iniciando frame 3 (854x480, 80 iter) - Modo: Optimizado
2026-01-04 17:23:28 - render - INFO - Iniciando frame 4 (854x480, 80 iter) - Modo: Optimizado
2026-01-04 17:23:28 - render - INFO - Iniciando frame 1 (854x480, 80 iter) - Modo: Optimizado
2026-01-04 17:23:28 - render - INFO - Iniciando frame 5 (854x480, 80 iter) - Modo: Optimizado
2026-01-04 17:23:28 - render - INFO - Iniciando frame 6 (854x480, 80 iter) - Modo: Optimizado
2026-01-04 17:23:28 - render - INFO - Iniciando frame 7 (854x480, 80 iter) - Modo: Optimizado
2026-01-04 17:23:28 - render - INFO - Iniciando frame 8 (854x480, 80 iter) - Modo: Optimizado
2026-01-04 17:23:28 - render - INFO - Iniciando frame 9 (854x480, 80 iter) - Modo: Optimizado
2026-01-04 17:23:28 - render - INFO - Iniciando frame 10 (854x480, 80 iter) - Modo: Optimizado
2026-01-04 17:23:28 - render - INFO - Iniciando frame 11 (854x480, 80 iter) - Modo: Optimizado
2026-01-04 17:23:28 - render - INFO - Iniciando frame 12 (854x480, 80 iter) - Modo: Optimizado
2026-01-04 17:23:28 - render - INFO - Iniciando frame 13 (854x480, 80 iter) - Modo: Optimizado
2026-01-04 17:23:28 - render - INFO - Iniciando frame 14 (854x480, 80 iter) - Modo: Optimizado
2026-01-04 17:23:28 - render - INFO - Iniciando frame 15 (854x480, 80 iter) - Modo: Optimizado
2026-01-04 17:23:28 - render - INFO - Iniciando frame 16 (854x480, 80 iter) - Modo: Optimizado
2026-01-04 17:23:28 - render - INFO - Iniciando frame 17 (854x480, 80 iter) - Modo: Optimizado
2026-01-04 17:23:28 - render - INFO - Iniciando frame 18 (854x480, 80 iter) - Modo: Optimizado
2026-01-04 17:23:28 - render - INFO - Iniciando frame 19 (854x480, 80 iter) - Modo: Optimizado
2026-01-04 17:23:28 - render - INFO - Iniciando frame 20 (854x480, 80 iter) - Modo: Optimizado
2026-01-04 17:23:28 - render - INFO - Iniciando frame 21 (854x480, 80 iter) - Modo: Optimizado
2026-01-04 17:23:28 - render - INFO - Iniciando frame 22 (854x480, 80 iter) - Modo: Optimizado
2026-01-04 17:23:28 - render - INFO - Iniciando frame 23 (854x480, 80 iter) - Modo: Optimizado
2026-01-04 17:23:28 - render - INFO - Iniciando frame 24 (854x480, 80 iter) - Modo: Optimizado
2026-01-04 17:23:28 - render - INFO - Iniciando frame 25 (854x480, 80 iter) - Modo: Optimizado
2026-01-04 17:23:28 - render - INFO - Iniciando frame 26 (854x480, 80 iter) - Modo: Optimizado
2026-01-04 17:23:28 - render - INFO - Iniciando frame 27 (854x480, 80 iter) - Modo: Optimizado
2026-01-04 17:23:28 - render - INFO - Iniciando frame 28 (854x480, 80 iter) - Modo: Optimizado
2026-01-04 17:23:28 - render - INFO - Iniciando frame 29 (854x480, 80 iter) - Modo: Optimizado
2026-01-04 17:23:29 - render - INFO - Frame 16 completado en 0.54s (56.9 KB)
2026-01-04 17:23:29 - render - INFO - Frame 14 completado en 0.54s (53.9 KB)
2026-01-04 17:23:29 - render - INFO - Frame 17 completado en 0.54s (60.9 KB)
2026-01-04 17:23:29 - render - INFO - Frame 18 completado en 0.56s (66.7 KB)
2026-01-04 17:23:29 - render - INFO - Frame 19 completado en 0.56s (77.7 KB)
2026-01-04 17:23:29 - render - INFO - Frame 21 completado en 0.56s (77.0 KB)
2026-01-04 17:23:29 - render - INFO - Frame 20 completado en 0.56s (83.1 KB)
2026-01-04 17:23:29 - render - INFO - Frame 15 completado en 0.53s (52.1 KB)
2026-01-04 17:23:29 - render - INFO - Frame 10 completado en 0.59s (63.4 KB)
2026-01-04 17:23:29 - render - INFO - Frame 11 completado en 0.59s (68.7 KB)
2026-01-04 17:23:29 - render - INFO - Frame 13 completado en 0.59s (66.0 KB)
2026-01-04 17:23:29 - render - INFO - Frame 12 completado en 0.61s (71.5 KB)
2026-01-04 17:23:29 - render - INFO - Frame 8 completado en 0.67s (57.5 KB)
2026-01-04 17:23:29 - render - INFO - Frame 6 completado en 0.70s (57.9 KB)
2026-01-04 17:23:29 - render - INFO - Frame 24 completado en 0.76s (62.9 KB)
2026-01-04 17:23:29 - render - INFO - Frame 9 completado en 0.78s (59.6 KB)
2026-01-04 17:23:29 - render - INFO - Frame 7 completado en 0.78s (56.7 KB)
2026-01-04 17:23:29 - render - INFO - Frame 22 completado en 0.76s (73.8 KB)
2026-01-04 17:23:29 - render - INFO - Frame 29 completado en 0.78s (55.5 KB)
2026-01-04 17:23:29 - render - INFO - Frame 27 completado en 0.78s (57.0 KB)
2026-01-04 17:23:29 - render - INFO - Frame 28 completado en 0.78s (55.5 KB)
2026-01-04 17:23:29 - render - INFO - Frame 25 completado en 0.79s (59.1 KB)
2026-01-04 17:23:29 - render - INFO - Frame 26 completado en 0.78s (56.1 KB)
2026-01-04 17:23:29 - render - INFO - Frame 2 completado en 0.80s (82.8 KB)
2026-01-04 17:23:29 - render - INFO - Frame 23 completado en 0.79s (72.9 KB)
2026-01-04 17:23:29 - render - INFO - Frame 5 completado en 0.80s (56.7 KB)
2026-01-04 17:23:29 - render - INFO - Frame 1 completado en 0.81s (92.0 KB)
2026-01-04 17:23:29 - render - INFO - Frame 3 completado en 0.83s (91.5 KB)
2026-01-04 17:23:29 - render - INFO - Frame 4 completado en 0.82s (80.3 KB)
2026-01-04 17:23:29 - render - INFO - Frame 0 completado en 0.83s (67.8 KB)
2026-01-04 19:48:07 - render - INFO - Frame 0 obtenido del caché
2026-01-04 19:48:07 - render - INFO - Frame 1 obtenido del caché
2026-01-04 19:48:07 - render - INFO - Frame 2 obtenido del caché
2026-01-04 19:48:07 - render - INFO - Frame 4 obtenido del caché
2026-01-04 19:48:07 - render - INFO - Frame 3 obtenido del caché
2026-01-04 19:48:07 - render - INFO - Frame 6 obtenido del caché
2026-01-04 19:48:07 - render - INFO - Frame 5 obtenido del caché
2026-01-04 19:48:07 - render - INFO - Frame 7 obtenido del caché
2026-01-04 19:48:07 - render - INFO - Frame 8 obtenido del caché
2026-01-04 19:48:07 - render - INFO - Frame 9 obtenido del caché
2026-01-04 19:48:07 - render - INFO - Frame 10 obtenido del caché
2026-01-04 19:48:07 - render - INFO - Frame 11 obtenido del caché
2026-01-04 19:48:07 - render - INFO - Frame 13 obtenido del caché
2026-01-04 19:48:07 - render - INFO - Frame 12 obtenido del caché
2026-01-04 19:48:07 - render - INFO - Frame 14 obtenido del caché
2026-01-04 19:48:07 - render - INFO - Frame 15 obtenido del caché
2026-01-04 19:48:07 - render - INFO - Frame 16 obtenido del caché
2026-01-04 19:48:07 - render - INFO - Frame 17 obtenido del caché
2026-01-04 19:48:07 - render - INFO - Frame 18 obtenido del caché
2026-01-04 19:48:07 - render - INFO - Frame 19 obtenido del caché
2026-01-04 19:48:07 - render - INFO - Frame 20 obtenido del caché
2026-01-04 19:48:07 - render - INFO - Frame 21 obtenido del caché
2026-01-04 19:48:07 - render - INFO - Frame 22 obtenido del caché
2026-01-04 19:48:07 - render - INFO - Frame 23 obtenido del caché
2026-01-04 19:48:07 - render - INFO - Frame 24 obtenido del caché
2026-01-04 19:48:07 - render - INFO - Frame 25 obtenido del caché
2026-01-04 19:48:07 - render - INFO - Frame 26 obtenido del caché
2026-01-04 19:48:07 - render - INFO - Frame 27 obtenido del caché
2026-01-04 19:48:07 - render - INFO - Frame 28 obtenido del caché
2026-01-04 19:48:07 - render - INFO - Frame 29 obtenido del caché
2026-01-04 20:06:23 - render - INFO - Frame 0 obtenido del caché
2026-01-04 20:06:23 - render - INFO - Frame 3 obtenido del caché
2026-01-04 20:06:23 - render - INFO - Frame 1 obtenido del caché
2026-01-04 20:06:23 - render - INFO - Frame 2 obtenido del caché
2026-01-04 20:06:23 - render - INFO - Frame 13 obtenido del caché
2026-01-04 20:06:23 - render - INFO - Frame 4 obtenido del caché
2026-01-04 20:06:23 - render - INFO - Frame 15 obtenido del caché
2026-01-04 20:06:23 - render - INFO - Frame 17 obtenido del caché
2026-01-04 20:06:23 - render - INFO - Frame 5 obtenido del caché
2026-01-04 20:06:23 - render - INFO - Frame 6 obtenido del caché
2026-01-04 20:06:23 - render - INFO - Frame 7 obtenido del caché
2026-01-04 20:06:23 - render - INFO - Frame 8 obtenido del caché
2026-01-04 20:06:23 - render - INFO - Frame 9 obtenido del caché
2026-01-04 20:06:23 - render - INFO - Frame 11 obtenido del caché
2026-01-04 20:06:23 - render - INFO - Frame 12 obtenido del caché
2026-01-04 20:06:23 - render - INFO - Frame 10 obtenido del caché
2026-01-04 20:06:23 - render - INFO - Frame 24 obtenido del caché
2026-01-04 20:06:23 - render - INFO - Frame 16 obtenido del caché
2026-01-04 20:06:23 - render - INFO - Frame 14 obtenido del caché
2026-01-04 20:06:23 - render - INFO - Frame 18 obtenido del caché
2026-01-04 20:06:23 - render - INFO - Frame 25 obtenido del caché
2026-01-04 20:06:23 - render - INFO - Frame 21 obtenido del caché
2026-01-04 20:06:23 - render - INFO - Frame 20 obtenido del caché
2026-01-04 20:06:23 - render - INFO - Frame 23 obtenido del caché
2026-01-04 20:06:23 - render - INFO - Frame 19 obtenido del caché
2026-01-04 20:06:23 - render - INFO - Frame 27 obtenido del caché
2026-01-04 20:06:23 - render - INFO - Frame 22 obtenido del caché
2026-01-04 20:06:23 - render - INFO - Frame 26 obtenido del caché
2026-01-04 20:06:23 - render - INFO - Frame 28 obtenido del caché
2026-01-04 20:06:23 - render - INFO - Frame 29 obtenido del caché
2026-01-04 20:12:21 - render - INFO - Iniciando frame 0 (1280x720, 100 iter) - Modo: Optimizado
2026-01-04 20:12:21 - render - INFO - Iniciando frame 2 (1280x720, 100 iter) - Modo: Optimizado
2026-01-04 20:12:21 - render - INFO - Iniciando frame 1 (1280x720, 100 iter) - Modo: Optimizado
2026-01-04 20:12:21 - render - INFO - Iniciando frame 4 (1280x720, 100 iter) - Modo: Optimizado
2026-01-04 20:12:21 - render - INFO - Iniciando frame 5 (1280x720, 100 iter) - Modo: Optimizado
2026-01-04 20:12:21 - render - INFO - Iniciando frame 3 (1280x720, 100 iter) - Modo: Optimizado
2026-01-04 20:12:21 - render - INFO - Iniciando frame 7 (1280x720, 100 iter) - Modo: Optimizado
2026-01-04 20:12:21 - render - INFO - Iniciando frame 8 (1280x720, 100 iter) - Modo: Optimizado
2026-01-04 20:12:21 - render - INFO - Iniciando frame 6 (1280x720, 100 iter) - Modo: Optimizado
2026-01-04 20:12:21 - render - INFO - Iniciando frame 9 (1280x720, 100 iter) - Modo: Optimizado
2026-01-04 20:12:21 - render - INFO - Iniciando frame 10 (1280x720, 100 iter) - Modo: Optimizado
2026-01-04 20:12:21 - render - INFO - Iniciando frame 14 (1280x720, 100 iter) - Modo: Optimizado
2026-01-04 20:12:21 - render - INFO - Iniciando frame 13 (1280x720, 100 iter) - Modo: Optimizado
2026-01-04 20:12:21 - render - INFO - Iniciando frame 11 (1280x720, 100 iter) - Modo: Optimizado
2026-01-04 20:12:21 - render - INFO - Iniciando frame 15 (1280x720, 100 iter) - Modo: Optimizado
2026-01-04 20:12:21 - render - INFO - Iniciando frame 23 (1280x720, 100 iter) - Modo: Optimizado
2026-01-04 20:12:21 - render - INFO - Iniciando frame 16 (1280x720, 100 iter) - Modo: Optimizado
2026-01-04 20:12:21 - render - INFO - Iniciando frame 12 (1280x720, 100 iter) - Modo: Optimizado
2026-01-04 20:12:21 - render - INFO - Iniciando frame 21 (1280x720, 100 iter) - Modo: Optimizado
2026-01-04 20:12:21 - render - INFO - Iniciando frame 22 (1280x720, 100 iter) - Modo: Optimizado
2026-01-04 20:12:21 - render - INFO - Iniciando frame 26 (1280x720, 100 iter) - Modo: Optimizado
2026-01-04 20:12:21 - render - INFO - Iniciando frame 17 (1280x720, 100 iter) - Modo: Optimizado
2026-01-04 20:12:21 - render - INFO - Iniciando frame 24 (1280x720, 100 iter) - Modo: Optimizado
2026-01-04 20:12:21 - render - INFO - Iniciando frame 25 (1280x720, 100 iter) - Modo: Optimizado
2026-01-04 20:12:21 - render - INFO - Iniciando frame 29 (1280x720, 100 iter) - Modo: Optimizado
2026-01-04 20:12:21 - render - INFO - Iniciando frame 30 (1280x720, 100 iter) - Modo: Optimizado
2026-01-04 20:12:21 - render - INFO - Iniciando frame 20 (1280x720, 100 iter) - Modo: Optimizado
2026-01-04 20:12:21 - render - INFO - Iniciando frame 18 (1280x720, 100 iter) - Modo: Optimizado
2026-01-04 20:12:21 - render - INFO - Iniciando frame 28 (1280x720, 100 iter) - Modo: Optimizado
2026-01-04 20:12:21 - render - INFO - Iniciando frame 31 (1280x720, 100 iter) - Modo: Optimizado
2026-01-04 20:12:21 - render - INFO - Iniciando frame 19 (1280x720, 100 iter) - Modo: Optimizado
2026-01-04 20:12:21 - render - INFO - Iniciando frame 27 (1280x720, 100 iter) - Modo: Optimizado
2026-01-04 20:12:24 - render - INFO - Frame 8 completado en 3.00s (121.1 KB)
2026-01-04 20:12:24 - render - INFO - Frame 4 completado en 3.10s (180.1 KB)
2026-01-04 20:12:24 - render - INFO - Frame 3 completado en 3.07s (164.4 KB)
2026-01-04 20:12:24 - render - INFO - Iniciando frame 33 (1280x720, 100 iter) - Modo: Optimizado
2026-01-04 20:12:24 - render - INFO - Iniciando frame 34 (1280x720, 100 iter) - Modo: Optimizado
2026-01-04 20:12:24 - render - INFO - Frame 0 completado en 3.37s (129.0 KB)
2026-01-04 20:12:24 - render - INFO - Iniciando frame 32 (1280x720, 100 iter) - Modo: Optimizado
2026-01-04 20:12:24 - render - INFO - Frame 11 completado en 3.37s (123.9 KB)
2026-01-04 20:12:24 - render - INFO - Frame 6 completado en 3.40s (164.0 KB)
2026-01-04 20:12:24 - render - INFO - Frame 15 completado en 3.39s (144.5 KB)
2026-01-04 20:12:24 - render - INFO - Iniciando frame 35 (1280x720, 100 iter) - Modo: Optimizado
2026-01-04 20:12:25 - render - INFO - Frame 10 completado en 3.40s (122.9 KB)
2026-01-04 20:12:25 - render - INFO - Frame 2 completado en 3.43s (190.9 KB)
2026-01-04 20:12:25 - render - INFO - Frame 13 completado en 3.41s (127.1 KB)
2026-01-04 20:12:25 - render - INFO - Iniciando frame 36 (1280x720, 100 iter) - Modo: Optimizado
2026-01-04 20:12:25 - render - INFO - Iniciando frame 37 (1280x720, 100 iter) - Modo: Optimizado
2026-01-04 20:12:25 - render - INFO - Frame 16 completado en 3.46s (155.5 KB)
2026-01-04 20:12:25 - render - INFO - Frame 12 completado en 3.44s (126.5 KB)
2026-01-04 20:12:25 - render - INFO - Iniciando frame 38 (1280x720, 100 iter) - Modo: Optimizado
2026-01-04 20:12:25 - render - INFO - Frame 1 completado en 3.52s (164.0 KB)
2026-01-04 20:12:25 - render - INFO - Frame 25 completado en 3.50s (159.7 KB)
2026-01-04 20:12:25 - render - INFO - Frame 9 completado en 3.45s (121.9 KB)
2026-01-04 20:12:25 - render - INFO - Frame 7 completado en 3.53s (122.5 KB)
2026-01-04 20:12:25 - render - INFO - Frame 29 completado en 3.54s (218.3 KB)
2026-01-04 20:12:25 - render - INFO - Frame 26 completado en 3.52s (166.8 KB)
2026-01-04 20:12:25 - render - INFO - Frame 5 completado en 3.53s (179.8 KB)
2026-01-04 20:12:25 - render - INFO - Iniciando frame 40 (1280x720, 100 iter) - Modo: Optimizado
2026-01-04 20:12:25 - render - INFO - Frame 28 completado en 3.54s (201.4 KB)
2026-01-04 20:12:25 - render - INFO - Frame 31 completado en 3.53s (221.5 KB)
2026-01-04 20:12:25 - render - INFO - Iniciando frame 39 (1280x720, 100 iter) - Modo: Optimizado
2026-01-04 20:12:25 - render - INFO - Frame 14 completado en 3.54s (137.4 KB)
2026-01-04 20:12:25 - render - INFO - Frame 27 completado en 3.53s (179.9 KB)
2026-01-04 20:12:25 - render - INFO - Iniciando frame 41 (1280x720, 100 iter) - Modo: Optimizado
2026-01-04 20:12:25 - render - INFO - Frame 24 completado en 3.53s (144.8 KB)
2026-01-04 20:12:25 - render - INFO - Frame 30 completado en 3.57s (227.1 KB)
2026-01-04 20:12:25 - render - INFO - Iniciando frame 43 (1280x720, 100 iter) - Modo: Optimizado
2026-01-04 20:12:25 - render - INFO - Iniciando frame 42 (1280x720, 100 iter) - Modo: Optimizado
2026-01-04 20:12:25 - render - INFO - Frame 22 completado en 3.58s (124.1 KB)
2026-01-04 20:12:25 - render - INFO - Frame 21 completado en 3.58s (129.6 KB)
2026-01-04 20:12:25 - render - INFO - Frame 20 completado en 3.55s (150.5 KB)
2026-01-04 20:12:25 - render - INFO - Frame 18 completado en 3.59s (170.4 KB)
2026-01-04 20:12:25 - render - INFO - Frame 19 completado en 3.56s (165.2 KB)
2026-01-04 20:12:25 - render - INFO - Frame 23 completado en 3.59s (132.8 KB)
2026-01-04 20:12:25 - render - INFO - Frame 17 completado en 3.64s (162.7 KB)
2026-01-04 20:12:25 - render - INFO - Iniciando frame 46 (1280x720, 100 iter) - Modo: Optimizado
2026-01-04 20:12:25 - render - INFO - Iniciando frame 45 (1280x720, 100 iter) - Modo: Optimizado
2026-01-04 20:12:25 - render - INFO - Iniciando frame 44 (1280x720, 100 iter) - Modo: Optimizado
2026-01-04 20:12:25 - render - INFO - Iniciando frame 48 (1280x720, 100 iter) - Modo: Optimizado
2026-01-04 20:12:25 - render - INFO - Iniciando frame 49 (1280x720, 100 iter) - Modo: Optimizado
2026-01-04 20:12:25 - render - INFO - Iniciando frame 47 (1280x720, 100 iter) - Modo: Optimizado
2026-01-04 20:12:25 - render - INFO - Frame 33 completado en 0.52s (206.1 KB)
2026-01-04 20:12:25 - render - INFO - Frame 32 completado en 0.56s (208.8 KB)
2026-01-04 20:12:25 - render - INFO - Frame 34 completado en 0.60s (202.6 KB)
2026-01-04 20:12:25 - render - INFO - Frame 35 completado en 0.82s (186.2 KB)
2026-01-04 20:12:25 - render - INFO - Frame 39 completado en 0.56s (175.5 KB)
2026-01-04 20:12:25 - render - INFO - Frame 37 completado en 0.77s (169.7 KB)
2026-01-04 20:12:26 - render - INFO - Frame 38 completado en 0.80s (179.5 KB)
2026-01-04 20:12:26 - render - INFO - Frame 36 completado en 0.90s (176.7 KB)
2026-01-04 20:12:26 - render - INFO - Frame 48 completado en 0.65s (88.2 KB)
2026-01-04 20:12:26 - render - INFO - Frame 47 completado en 0.65s (92.8 KB)
2026-01-04 20:12:26 - render - INFO - Frame 40 completado en 0.74s (178.4 KB)
2026-01-04 20:12:26 - render - INFO - Frame 49 completado en 0.67s (89.7 KB)
2026-01-04 20:12:26 - render - INFO - Frame 45 completado en 0.68s (147.9 KB)
2026-01-04 20:12:26 - render - INFO - Frame 41 completado en 0.76s (175.1 KB)
2026-01-04 20:12:26 - render - INFO - Frame 44 completado en 0.71s (186.8 KB)
2026-01-04 20:12:26 - render - INFO - Frame 46 completado en 0.71s (117.3 KB)
2026-01-04 20:12:26 - render - INFO - Frame 43 completado en 0.78s (187.8 KB)
2026-01-04 20:12:26 - render - INFO - Frame 42 completado en 0.77s (184.2 KB)
2026-01-04 20:18:07 - render - INFO - Iniciando frame 0 (1920x1080, 150 iter) - Modo: Optimizado
2026-01-04 20:18:07 - render - INFO - Iniciando frame 6 (1920x1080, 150 iter) - Modo: Optimizado
2026-01-04 20:18:07 - render - INFO - Iniciando frame 2 (1920x1080, 150 iter) - Modo: Optimizado
2026-01-04 20:18:07 - render - INFO - Iniciando frame 1 (1920x1080, 150 iter) - Modo: Optimizado
2026-01-04 20:18:07 - render - INFO - Iniciando frame 8 (1920x1080, 150 iter) - Modo: Optimizado
2026-01-04 20:18:07 - render - INFO - Iniciando frame 10 (1920x1080, 150 iter) - Modo: Optimizado
2026-01-04 20:18:07 - render - INFO - Iniciando frame 4 (1920x1080, 150 iter) - Modo: Optimizado
2026-01-04 20:18:07 - render - INFO - Iniciando frame 3 (1920x1080, 150 iter) - Modo: Optimizado
2026-01-04 20:18:07 - render - INFO - Iniciando frame 22 (1920x1080, 150 iter) - Modo: Optimizado
2026-01-04 20:18:07 - render - INFO - Iniciando frame 9 (1920x1080, 150 iter) - Modo: Optimizado
2026-01-04 20:18:07 - render - INFO - Iniciando frame 16 (1920x1080, 150 iter) - Modo: Optimizado
2026-01-04 20:18:07 - render - INFO - Iniciando frame 14 (1920x1080, 150 iter) - Modo: Optimizado
2026-01-04 20:18:07 - render - INFO - Iniciando frame 12 (1920x1080, 150 iter) - Modo: Optimizado
2026-01-04 20:18:07 - render - INFO - Iniciando frame 20 (1920x1080, 150 iter) - Modo: Optimizado
2026-01-04 20:18:07 - render - INFO - Iniciando frame 26 (1920x1080, 150 iter) - Modo: Optimizado
2026-01-04 20:18:07 - render - INFO - Iniciando frame 24 (1920x1080, 150 iter) - Modo: Optimizado
2026-01-04 20:18:07 - render - INFO - Iniciando frame 11 (1920x1080, 150 iter) - Modo: Optimizado
2026-01-04 20:18:07 - render - INFO - Iniciando frame 5 (1920x1080, 150 iter) - Modo: Optimizado
2026-01-04 20:18:07 - render - INFO - Iniciando frame 7 (1920x1080, 150 iter) - Modo: Optimizado
2026-01-04 20:18:07 - render - INFO - Iniciando frame 18 (1920x1080, 150 iter) - Modo: Optimizado
2026-01-04 20:18:07 - render - INFO - Iniciando frame 34 (1920x1080, 150 iter) - Modo: Optimizado
2026-01-04 20:18:07 - render - INFO - Iniciando frame 38 (1920x1080, 150 iter) - Modo: Optimizado
2026-01-04 20:18:07 - render - INFO - Iniciando frame 23 (1920x1080, 150 iter) - Modo: Optimizado
2026-01-04 20:18:07 - render - INFO - Iniciando frame 46 (1920x1080, 150 iter) - Modo: Optimizado
2026-01-04 20:18:07 - render - INFO - Iniciando frame 48 (1920x1080, 150 iter) - Modo: Optimizado
2026-01-04 20:18:07 - render - INFO - Iniciando frame 54 (1920x1080, 150 iter) - Modo: Optimizado
2026-01-04 20:18:07 - render - INFO - Iniciando frame 50 (1920x1080, 150 iter) - Modo: Optimizado
2026-01-04 20:18:07 - render - INFO - Iniciando frame 21 (1920x1080, 150 iter) - Modo: Optimizado
2026-01-04 20:18:07 - render - INFO - Iniciando frame 36 (1920x1080, 150 iter) - Modo: Optimizado
2026-01-04 20:18:07 - render - INFO - Iniciando frame 52 (1920x1080, 150 iter) - Modo: Optimizado
2026-01-04 20:18:07 - render - INFO - Iniciando frame 37 (1920x1080, 150 iter) - Modo: Optimizado
2026-01-04 20:18:07 - render - INFO - Iniciando frame 58 (1920x1080, 150 iter) - Modo: Optimizado
2026-01-04 20:18:07 - render - INFO - Iniciando frame 60 (1920x1080, 150 iter) - Modo: Optimizado
2026-01-04 20:18:07 - render - INFO - Iniciando frame 47 (1920x1080, 150 iter) - Modo: Optimizado
2026-01-04 20:18:07 - render - INFO - Iniciando frame 28 (1920x1080, 150 iter) - Modo: Optimizado
2026-01-04 20:18:07 - render - INFO - Iniciando frame 27 (1920x1080, 150 iter) - Modo: Optimizado
2026-01-04 20:18:07 - render - INFO - Iniciando frame 30 (1920x1080, 150 iter) - Modo: Optimizado
2026-01-04 20:18:07 - render - INFO - Iniciando frame 32 (1920x1080, 150 iter) - Modo: Optimizado
2026-01-04 20:18:07 - render - INFO - Iniciando frame 51 (1920x1080, 150 iter) - Modo: Optimizado
2026-01-04 20:18:07 - render - INFO - Iniciando frame 39 (1920x1080, 150 iter) - Modo: Optimizado
2026-01-04 20:18:07 - render - INFO - Iniciando frame 40 (1920x1080, 150 iter) - Modo: Optimizado
2026-01-04 20:18:07 - render - INFO - Iniciando frame 17 (1920x1080, 150 iter) - Modo: Optimizado
2026-01-04 20:18:07 - render - INFO - Iniciando frame 42 (1920x1080, 150 iter) - Modo: Optimizado
2026-01-04 20:18:07 - render - INFO - Iniciando frame 35 (1920x1080, 150 iter) - Modo: Optimizado
2026-01-04 20:18:07 - render - INFO - Iniciando frame 44 (1920x1080, 150 iter) - Modo: Optimizado
2026-01-04 20:18:07 - render - INFO - Iniciando frame 62 (1920x1080, 150 iter) - Modo: Optimizado
2026-01-04 20:18:07 - render - INFO - Iniciando frame 56 (1920x1080, 150 iter) - Modo: Optimizado
2026-01-04 20:18:07 - render - INFO - Iniciando frame 31 (1920x1080, 150 iter) - Modo: Optimizado
2026-01-04 20:18:07 - render - INFO - Iniciando frame 49 (1920x1080, 150 iter) - Modo: Optimizado
2026-01-04 20:18:07 - render - INFO - Iniciando frame 29 (1920x1080, 150 iter) - Modo: Optimizado
2026-01-04 20:18:07 - render - INFO - Iniciando frame 19 (1920x1080, 150 iter) - Modo: Optimizado
2026-01-04 20:18:07 - render - INFO - Iniciando frame 33 (1920x1080, 150 iter) - Modo: Optimizado
2026-01-04 20:18:07 - render - INFO - Iniciando frame 25 (1920x1080, 150 iter) - Modo: Optimizado
2026-01-04 20:18:07 - render - INFO - Iniciando frame 41 (1920x1080, 150 iter) - Modo: Optimizado
2026-01-04 20:18:07 - render - INFO - Iniciando frame 13 (1920x1080, 150 iter) - Modo: Optimizado
2026-01-04 20:18:07 - render - INFO - Iniciando frame 15 (1920x1080, 150 iter) - Modo: Optimizado
2026-01-04 20:18:07 - render - INFO - Iniciando frame 55 (1920x1080, 150 iter) - Modo: Optimizado
2026-01-04 20:18:07 - render - INFO - Iniciando frame 59 (1920x1080, 150 iter) - Modo: Optimizado
2026-01-04 20:18:07 - render - INFO - Iniciando frame 61 (1920x1080, 150 iter) - Modo: Optimizado
2026-01-04 20:18:07 - render - INFO - Iniciando frame 57 (1920x1080, 150 iter) - Modo: Optimizado
2026-01-04 20:18:07 - render - INFO - Iniciando frame 45 (1920x1080, 150 iter) - Modo: Optimizado
2026-01-04 20:18:07 - render - INFO - Iniciando frame 63 (1920x1080, 150 iter) - Modo: Optimizado
2026-01-04 20:18:07 - render - INFO - Iniciando frame 43 (1920x1080, 150 iter) - Modo: Optimizado
2026-01-04 20:18:07 - render - INFO - Iniciando frame 53 (1920x1080, 150 iter) - Modo: Optimizado
2026-01-04 20:21:57 - render - INFO - Iniciando frame 1 (854x480, 80 iter) - Modo: Optimizado
2026-01-04 20:21:57 - render - INFO - Iniciando frame 9 (854x480, 80 iter) - Modo: Optimizado
2026-01-04 20:21:57 - render - INFO - Iniciando frame 0 (854x480, 80 iter) - Modo: Optimizado
2026-01-04 20:21:57 - render - INFO - Iniciando frame 3 (854x480, 80 iter) - Modo: Optimizado
2026-01-04 20:21:57 - render - INFO - Iniciando frame 16 (854x480, 80 iter) - Modo: Optimizado
2026-01-04 20:21:57 - render - INFO - Iniciando frame 5 (854x480, 80 iter) - Modo: Optimizado
2026-01-04 20:21:57 - render - INFO - Iniciando frame 2 (854x480, 80 iter) - Modo: Optimizado
2026-01-04 20:21:57 - render - INFO - Iniciando frame 7 (854x480, 80 iter) - Modo: Optimizado
2026-01-04 20:21:57 - render - INFO - Iniciando frame 11 (854x480, 80 iter) - Modo: Optimizado
2026-01-04 20:21:57 - render - INFO - Iniciando frame 13 (854x480, 80 iter) - Modo: Optimizado
2026-01-04 20:21:57 - render - INFO - Iniciando frame 8 (854x480, 80 iter) - Modo: Optimizado
2026-01-04 20:21:57 - render - INFO - Iniciando frame 10 (854x480, 80 iter) - Modo: Optimizado
2026-01-04 20:21:57 - render - INFO - Iniciando frame 4 (854x480, 80 iter) - Modo: Optimizado
2026-01-04 20:21:57 - render - INFO - Iniciando frame 14 (854x480, 80 iter) - Modo: Optimizado
2026-01-04 20:21:57 - render - INFO - Iniciando frame 6 (854x480, 80 iter) - Modo: Optimizado
2026-01-04 20:21:57 - render - INFO - Iniciando frame 12 (854x480, 80 iter) - Modo: Optimizado
2026-01-04 20:21:57 - render - INFO - Iniciando frame 18 (854x480, 80 iter) - Modo: Optimizado
2026-01-04 20:21:57 - render - INFO - Iniciando frame 24 (854x480, 80 iter) - Modo: Optimizado
2026-01-04 20:21:57 - render - INFO - Iniciando frame 28 (854x480, 80 iter) - Modo: Optimizado
2026-01-04 20:21:57 - render - INFO - Iniciando frame 20 (854x480, 80 iter) - Modo: Optimizado
2026-01-04 20:21:57 - render - INFO - Iniciando frame 22 (854x480, 80 iter) - Modo: Optimizado
2026-01-04 20:21:57 - render - INFO - Iniciando frame 26 (854x480, 80 iter) - Modo: Optimizado
2026-01-04 20:21:57 - render - INFO - Iniciando frame 23 (854x480, 80 iter) - Modo: Optimizado
2026-01-04 20:21:57 - render - INFO - Iniciando frame 29 (854x480, 80 iter) - Modo: Optimizado
2026-01-04 20:21:57 - render - INFO - Iniciando frame 15 (854x480, 80 iter) - Modo: Optimizado
2026-01-04 20:21:57 - render - INFO - Iniciando frame 17 (854x480, 80 iter) - Modo: Optimizado
2026-01-04 20:21:57 - render - INFO - Iniciando frame 21 (854x480, 80 iter) - Modo: Optimizado
2026-01-04 20:21:57 - render - INFO - Iniciando frame 19 (854x480, 80 iter) - Modo: Optimizado
2026-01-04 20:21:57 - render - INFO - Iniciando frame 25 (854x480, 80 iter) - Modo: Optimizado
2026-01-04 20:21:57 - render - INFO - Iniciando frame 27 (854x480, 80 iter) - Modo: Optimizado
2026-01-04 20:21:57 - render - INFO - Frame 29 completado en 0.43s (55.5 KB)
2026-01-04 20:21:58 - render - INFO - Frame 3 completado en 0.53s (91.5 KB)
2026-01-04 20:21:58 - render - INFO - Frame 5 completado en 0.54s (56.7 KB)
2026-01-04 20:21:58 - render - INFO - Frame 11 completado en 0.51s (68.7 KB)
2026-01-04 20:21:58 - render - INFO - Frame 13 completado en 0.51s (66.0 KB)
2026-01-04 20:21:58 - render - INFO - Frame 19 completado en 0.52s (77.7 KB)
2026-01-04 20:21:58 - render - INFO - Frame 23 completado en 0.57s (72.9 KB)
2026-01-04 20:21:58 - render - INFO - Frame 1 completado en 0.58s (92.0 KB)
2026-01-04 20:21:58 - render - INFO - Frame 15 completado en 0.59s (52.1 KB)
2026-01-04 20:21:58 - render - INFO - Frame 9 completado en 0.61s (59.6 KB)
2026-01-04 20:21:58 - render - INFO - Frame 7 completado en 0.71s (56.7 KB)
2026-01-04 20:21:58 - render - INFO - Frame 21 completado en 0.71s (77.0 KB)
2026-01-04 20:21:58 - render - INFO - Frame 27 completado en 0.71s (57.0 KB)
2026-01-04 20:21:58 - render - INFO - Frame 17 completado en 0.71s (60.9 KB)
2026-01-04 20:21:58 - render - INFO - Frame 25 completado en 0.71s (59.1 KB)
2026-01-04 20:21:58 - render - INFO - Frame 12 completado en 0.85s (71.5 KB)
2026-01-04 20:21:58 - render - INFO - Frame 24 completado en 0.85s (62.9 KB)
2026-01-04 20:21:58 - render - INFO - Frame 8 completado en 0.89s (57.5 KB)
2026-01-04 20:21:58 - render - INFO - Frame 16 completado en 0.91s (56.9 KB)
2026-01-04 20:21:58 - render - INFO - Frame 10 completado en 0.87s (63.4 KB)
2026-01-04 20:21:58 - render - INFO - Frame 28 completado en 0.87s (55.5 KB)
2026-01-04 20:21:58 - render - INFO - Frame 18 completado en 0.87s (66.7 KB)
2026-01-04 20:21:58 - render - INFO - Frame 20 completado en 0.85s (83.1 KB)
2026-01-04 20:21:58 - render - INFO - Frame 6 completado en 0.93s (57.9 KB)
2026-01-04 20:21:58 - render - INFO - Frame 0 completado en 0.93s (67.8 KB)
2026-01-04 20:21:58 - render - INFO - Frame 22 completado en 0.87s (73.8 KB)
2026-01-04 20:21:58 - render - INFO - Frame 2 completado en 0.93s (82.8 KB)
2026-01-04 20:21:58 - render - INFO - Frame 4 completado en 0.89s (80.3 KB)
2026-01-04 20:21:58 - render - INFO - Frame 14 completado en 0.89s (53.9 KB)
2026-01-04 20:21:58 - render - INFO - Frame 26 completado en 0.88s (56.1 KB)
2026-01-04 20:22:05 - render - INFO - Frame 0 obtenido del caché
2026-01-04 20:22:05 - render - INFO - Frame 2 obtenido del caché
2026-01-04 20:22:05 - render - INFO - Frame 6 obtenido del caché
2026-01-04 20:22:05 - render - INFO - Frame 4 obtenido del caché
2026-01-04 20:22:05 - render - INFO - Frame 1 obtenido del caché
2026-01-04 20:22:05 - render - INFO - Frame 14 obtenido del caché
2026-01-04 20:22:05 - render - INFO - Frame 3 obtenido del caché
2026-01-04 20:22:05 - render - INFO - Frame 13 obtenido del caché
2026-01-04 20:22:05 - render - INFO - Frame 12 obtenido del caché
2026-01-04 20:22:05 - render - INFO - Frame 8 obtenido del caché
2026-01-04 20:22:05 - render - INFO - Frame 15 obtenido del caché
2026-01-04 20:22:05 - render - INFO - Frame 20 obtenido del caché
2026-01-04 20:22:05 - render - INFO - Frame 10 obtenido del caché
2026-01-04 20:22:05 - render - INFO - Frame 21 obtenido del caché
2026-01-04 20:22:05 - render - INFO - Frame 26 obtenido del caché
2026-01-04 20:22:05 - render - INFO - Frame 19 obtenido del caché
2026-01-04 20:22:05 - render - INFO - Frame 28 obtenido del caché
2026-01-04 20:22:05 - render - INFO - Frame 22 obtenido del caché
2026-01-04 20:22:05 - render - INFO - Frame 24 obtenido del caché
2026-01-04 20:22:05 - render - INFO - Frame 7 obtenido del caché
2026-01-04 20:22:05 - render - INFO - Frame 17 obtenido del caché
2026-01-04 20:22:05 - render - INFO - Frame 18 obtenido del caché
2026-01-04 20:22:05 - render - INFO - Frame 27 obtenido del caché
2026-01-04 20:22:05 - render - INFO - Frame 25 obtenido del caché
2026-01-04 20:22:05 - render - INFO - Frame 23 obtenido del caché
2026-01-04 20:22:05 - render - INFO - Frame 11 obtenido del caché
2026-01-04 20:22:05 - render - INFO - Frame 9 obtenido del caché
2026-01-04 20:22:05 - render - INFO - Frame 5 obtenido del caché
2026-01-04 20:22:05 - render - INFO - Frame 33 obtenido del caché
2026-01-04 20:22:05 - render - INFO - Frame 44 obtenido del caché
2026-01-04 20:22:05 - render - INFO - Frame 31 obtenido del caché
2026-01-04 20:22:05 - render - INFO - Frame 37 obtenido del caché
2026-01-04 20:22:05 - render - INFO - Frame 42 obtenido del caché
2026-01-04 20:22:05 - render - INFO - Frame 29 obtenido del caché
2026-01-04 20:22:05 - render - INFO - Frame 36 obtenido del caché
2026-01-04 20:22:05 - render - INFO - Frame 40 obtenido del caché
2026-01-04 20:22:05 - render - INFO - Frame 38 obtenido del caché
2026-01-04 20:22:05 - render - INFO - Frame 32 obtenido del caché
2026-01-04 20:22:05 - render - INFO - Frame 41 obtenido del caché
2026-01-04 20:22:05 - render - INFO - Frame 35 obtenido del caché
2026-01-04 20:22:05 - render - INFO - Frame 34 obtenido del caché
2026-01-04 20:22:05 - render - INFO - Frame 49 obtenido del caché
2026-01-04 20:22:05 - render - INFO - Frame 45 obtenido del caché
2026-01-04 20:22:05 - render - INFO - Frame 47 obtenido del caché
2026-01-04 20:22:05 - render - INFO - Frame 48 obtenido del caché
2026-01-04 20:22:05 - render - INFO - Frame 46 obtenido del caché
2026-01-04 20:22:05 - render - INFO - Frame 43 obtenido del caché
2026-01-04 20:22:05 - render - INFO - Frame 39 obtenido del caché
2026-01-04 20:22:05 - render - INFO - Frame 30 obtenido del caché
2026-01-04 20:22:10 - render - INFO - Iniciando frame 11 (1920x1080, 150 iter) - Modo: Optimizado
2026-01-04 20:22:10 - render - INFO - Iniciando frame 1 (1920x1080, 150 iter) - Modo: Optimizado
2026-01-04 20:22:10 - render - INFO - Iniciando frame 43 (1920x1080, 150 iter) - Modo: Optimizado
2026-01-04 20:22:10 - render - INFO - Iniciando frame 45 (1920x1080, 150 iter) - Modo: Optimizado
2026-01-04 20:22:10 - render - INFO - Iniciando frame 4 (1920x1080, 150 iter) - Modo: Optimizado
2026-01-04 20:22:10 - render - INFO - Iniciando frame 21 (1920x1080, 150 iter) - Modo: Optimizado
2026-01-04 20:22:10 - render - INFO - Iniciando frame 12 (1920x1080, 150 iter) - Modo: Optimizado
2026-01-04 20:22:10 - render - INFO - Iniciando frame 0 (1920x1080, 150 iter) - Modo: Optimizado
2026-01-04 20:22:10 - render - INFO - Iniciando frame 13 (1920x1080, 150 iter) - Modo: Optimizado
2026-01-04 20:22:10 - render - INFO - Iniciando frame 25 (1920x1080, 150 iter) - Modo: Optimizado
2026-01-04 20:22:10 - render - INFO - Iniciando frame 29 (1920x1080, 150 iter) - Modo: Optimizado
2026-01-04 20:22:10 - render - INFO - Iniciando frame 2 (1920x1080, 150 iter) - Modo: Optimizado
2026-01-04 20:22:10 - render - INFO - Iniciando frame 8 (1920x1080, 150 iter) - Modo: Optimizado
2026-01-04 20:22:10 - render - INFO - Iniciando frame 23 (1920x1080, 150 iter) - Modo: Optimizado
2026-01-04 20:22:10 - render - INFO - Iniciando frame 26 (1920x1080, 150 iter) - Modo: Optimizado
2026-01-04 20:22:10 - render - INFO - Iniciando frame 10 (1920x1080, 150 iter) - Modo: Optimizado
2026-01-04 20:22:10 - render - INFO - Iniciando frame 24 (1920x1080, 150 iter) - Modo: Optimizado
2026-01-04 20:22:10 - render - INFO - Iniciando frame 49 (1920x1080, 150 iter) - Modo: Optimizado
2026-01-04 20:22:10 - render - INFO - Iniciando frame 19 (1920x1080, 150 iter) - Modo: Optimizado
2026-01-04 20:22:10 - render - INFO - Iniciando frame 35 (1920x1080, 150 iter) - Modo: Optimizado
2026-01-04 20:22:10 - render - INFO - Iniciando frame 37 (1920x1080, 150 iter) - Modo: Optimizado
2026-01-04 20:22:10 - render - INFO - Iniciando frame 6 (1920x1080, 150 iter) - Modo: Optimizado
2026-01-04 20:22:10 - render - INFO - Iniciando frame 39 (1920x1080, 150 iter) - Modo: Optimizado
2026-01-04 20:22:10 - render - INFO - Iniciando frame 14 (1920x1080, 150 iter) - Modo: Optimizado
2026-01-04 20:22:10 - render - INFO - Iniciando frame 28 (1920x1080, 150 iter) - Modo: Optimizado
2026-01-04 20:22:10 - render - INFO - Iniciando frame 20 (1920x1080, 150 iter) - Modo: Optimizado
2026-01-04 20:22:10 - render - INFO - Iniciando frame 30 (1920x1080, 150 iter) - Modo: Optimizado
2026-01-04 20:22:10 - render - INFO - Iniciando frame 34 (1920x1080, 150 iter) - Modo: Optimizado
2026-01-04 20:22:10 - render - INFO - Iniciando frame 55 (1920x1080, 150 iter) - Modo: Optimizado
2026-01-04 20:22:10 - render - INFO - Iniciando frame 38 (1920x1080, 150 iter) - Modo: Optimizado
2026-01-04 20:22:10 - render - INFO - Iniciando frame 42 (1920x1080, 150 iter) - Modo: Optimizado
2026-01-04 20:22:10 - render - INFO - Iniciando frame 41 (1920x1080, 150 iter) - Modo: Optimizado
2026-01-04 20:22:10 - render - INFO - Iniciando frame 15 (1920x1080, 150 iter) - Modo: Optimizado
2026-01-04 20:22:10 - render - INFO - Iniciando frame 44 (1920x1080, 150 iter) - Modo: Optimizado
2026-01-04 20:22:10 - render - INFO - Iniciando frame 46 (1920x1080, 150 iter) - Modo: Optimizado
2026-01-04 20:22:10 - render - INFO - Iniciando frame 7 (1920x1080, 150 iter) - Modo: Optimizado
2026-01-04 20:22:10 - render - INFO - Iniciando frame 3 (1920x1080, 150 iter) - Modo: Optimizado
2026-01-04 20:22:10 - render - INFO - Iniciando frame 17 (1920x1080, 150 iter) - Modo: Optimizado
2026-01-04 20:22:10 - render - INFO - Iniciando frame 33 (1920x1080, 150 iter) - Modo: Optimizado
2026-01-04 20:22:10 - render - INFO - Iniciando frame 31 (1920x1080, 150 iter) - Modo: Optimizado
2026-01-04 20:22:10 - render - INFO - Iniciando frame 5 (1920x1080, 150 iter) - Modo: Optimizado
2026-01-04 20:22:10 - render - INFO - Iniciando frame 9 (1920x1080, 150 iter) - Modo: Optimizado
2026-01-04 20:22:10 - render - INFO - Iniciando frame 48 (1920x1080, 150 iter) - Modo: Optimizado
2026-01-04 20:22:10 - render - INFO - Iniciando frame 16 (1920x1080, 150 iter) - Modo: Optimizado
2026-01-04 20:22:10 - render - INFO - Iniciando frame 22 (1920x1080, 150 iter) - Modo: Optimizado
2026-01-04 20:22:10 - render - INFO - Iniciando frame 32 (1920x1080, 150 iter) - Modo: Optimizado
2026-01-04 20:22:10 - render - INFO - Iniciando frame 40 (1920x1080, 150 iter) - Modo: Optimizado
2026-01-04 20:22:10 - render - INFO - Iniciando frame 18 (1920x1080, 150 iter) - Modo: Optimizado
2026-01-04 20:22:10 - render - INFO - Iniciando frame 36 (1920x1080, 150 iter) - Modo: Optimizado
2026-01-04 20:22:10 - render - INFO - Iniciando frame 50 (1920x1080, 150 iter) - Modo: Optimizado
2026-01-04 20:22:10 - render - INFO - Iniciando frame 52 (1920x1080, 150 iter) - Modo: Optimizado
2026-01-04 20:22:10 - render - INFO - Iniciando frame 54 (1920x1080, 150 iter) - Modo: Optimizado
2026-01-04 20:22:10 - render - INFO - Iniciando frame 56 (1920x1080, 150 iter) - Modo: Optimizado
2026-01-04 20:22:10 - render - INFO - Iniciando frame 58 (1920x1080, 150 iter) - Modo: Optimizado
2026-01-04 20:22:10 - render - INFO - Iniciando frame 60 (1920x1080, 150 iter) - Modo: Optimizado
2026-01-04 20:22:10 - render - INFO - Iniciando frame 62 (1920x1080, 150 iter) - Modo: Optimizado
2026-01-04 20:22:10 - render - INFO - Iniciando frame 53 (1920x1080, 150 iter) - Modo: Optimizado
2026-01-04 20:22:10 - render - INFO - Iniciando frame 27 (1920x1080, 150 iter) - Modo: Optimizado
2026-01-04 20:22:10 - render - INFO - Iniciando frame 47 (1920x1080, 150 iter) - Modo: Optimizado
2026-01-04 20:22:10 - render - INFO - Iniciando frame 51 (1920x1080, 150 iter) - Modo: Optimizado
2026-01-04 20:22:10 - render - INFO - Iniciando frame 57 (1920x1080, 150 iter) - Modo: Optimizado
2026-01-04 20:22:10 - render - INFO - Iniciando frame 61 (1920x1080, 150 iter) - Modo: Optimizado
2026-01-04 20:22:10 - render - INFO - Iniciando frame 59 (1920x1080, 150 iter) - Modo: Optimizado
2026-01-04 20:22:10 - render - INFO - Iniciando frame 63 (1920x1080, 150 iter) - Modo: Optimizado
2026-01-04 20:22:15 - render - INFO - Frame 11 completado en 4.56s (356.6 KB)
2026-01-04 20:22:15 - render - INFO - Frame 19 completado en 4.56s (278.3 KB)
2026-01-04 20:22:16 - render - INFO - Frame 1 completado en 5.49s (292.8 KB)
2026-01-04 20:22:16 - render - INFO - Frame 39 completado en 5.49s (381.4 KB)
2026-01-04 20:22:17 - render - INFO - Frame 14 completado en 6.56s (253.9 KB)
2026-01-04 20:22:17 - render - INFO - Frame 25 completado en 5.48s (317.4 KB)
2026-01-04 20:22:17 - render - INFO - Frame 23 completado en 5.50s (302.1 KB)
2026-01-04 20:22:17 - render - INFO - Frame 13 completado en 5.54s (275.3 KB)
2026-01-04 20:22:17 - render - INFO - Iniciando frame 65 (1920x1080, 150 iter) - Modo: Optimizado
2026-01-04 20:22:17 - render - INFO - Iniciando frame 64 (1920x1080, 150 iter) - Modo: Optimizado
2026-01-04 20:22:17 - render - INFO - Iniciando frame 67 (1920x1080, 150 iter) - Modo: Optimizado
2026-01-04 20:22:17 - render - INFO - Frame 29 completado en 5.53s (380.6 KB)
2026-01-04 20:22:17 - render - INFO - Frame 35 completado en 6.99s (446.7 KB)
2026-01-04 20:22:17 - render - INFO - Frame 49 completado en 7.31s (537.4 KB)
2026-01-04 20:22:17 - render - INFO - Frame 3 completado en 4.51s (366.2 KB)
2026-01-04 20:22:18 - render - INFO - Frame 0 completado en 7.40s (257.2 KB)
2026-01-04 20:22:18 - render - INFO - Frame 4 completado en 7.43s (389.4 KB)
2026-01-04 20:22:18 - render - INFO - Frame 15 completado en 4.55s (263.7 KB)
2026-01-04 20:22:18 - render - INFO - Frame 37 completado en 6.98s (425.4 KB)
2026-01-04 20:22:18 - render - INFO - Frame 45 completado en 7.02s (433.9 KB)
2026-01-04 20:22:18 - render - INFO - Frame 41 completado en 4.57s (355.7 KB)
2026-01-04 20:22:18 - render - INFO - Iniciando frame 66 (1920x1080, 150 iter) - Modo: Optimizado
2026-01-04 20:22:18 - render - INFO - Iniciando frame 68 (1920x1080, 150 iter) - Modo: Optimizado
2026-01-04 20:22:18 - render - INFO - Frame 21 completado en 7.04s (285.9 KB)
2026-01-04 20:22:18 - render - INFO - Iniciando frame 73 (1920x1080, 150 iter) - Modo: Optimizado
2026-01-04 20:22:18 - render - INFO - Iniciando frame 69 (1920x1080, 150 iter) - Modo: Optimizado
2026-01-04 20:22:18 - render - INFO - Iniciando frame 71 (1920x1080, 150 iter) - Modo: Optimizado
2026-01-04 20:22:18 - render - INFO - Iniciando frame 75 (1920x1080, 150 iter) - Modo: Optimizado
2026-01-04 20:22:18 - render - INFO - Iniciando frame 77 (1920x1080, 150 iter) - Modo: Optimizado
2026-01-04 20:22:18 - render - INFO - Frame 50 completado en 3.18s (569.2 KB)
2026-01-04 20:22:18 - render - INFO - Iniciando frame 81 (1920x1080, 150 iter) - Modo: Optimizado
2026-01-04 20:22:18 - render - INFO - Frame 40 completado en 2.59s (356.8 KB)
2026-01-04 20:22:18 - render - INFO - Iniciando frame 70 (1920x1080, 150 iter) - Modo: Optimizado
2026-01-04 20:22:18 - render - INFO - Iniciando frame 83 (1920x1080, 150 iter) - Modo: Optimizado
2026-01-04 20:22:18 - render - INFO - Iniciando frame 79 (1920x1080, 150 iter) - Modo: Optimizado
2026-01-04 20:22:18 - render - INFO - Frame 20 completado en 7.85s (278.0 KB)
2026-01-04 20:22:18 - render - INFO - Frame 43 completado en 7.03s (389.8 KB)
2026-01-04 20:22:18 - render - INFO - Frame 30 completado en 7.94s (396.6 KB)
2026-01-04 20:22:18 - render - INFO - Iniciando frame 85 (1920x1080, 150 iter) - Modo: Optimizado
2026-01-04 20:22:18 - render - INFO - Iniciando frame 87 (1920x1080, 150 iter) - Modo: Optimizado
2026-01-04 20:22:18 - render - INFO - Frame 5 completado en 5.03s (342.1 KB)
2026-01-04 20:22:18 - render - INFO - Iniciando frame 89 (1920x1080, 150 iter) - Modo: Optimizado
2026-01-04 20:22:18 - render - INFO - Iniciando frame 91 (1920x1080, 150 iter) - Modo: Optimizado
2026-01-04 20:22:18 - render - INFO - Iniciando frame 93 (1920x1080, 150 iter) - Modo: Optimizado
2026-01-04 20:22:18 - render - INFO - Iniciando frame 95 (1920x1080, 150 iter) - Modo: Optimizado
2026-01-04 20:22:18 - render - INFO - Frame 17 completado en 4.67s (269.1 KB)
2026-01-04 20:22:18 - render - INFO - Frame 7 completado en 5.30s (360.9 KB)
2026-01-04 20:22:18 - render - INFO - Frame 12 completado en 7.99s (314.8 KB)
2026-01-04 20:22:19 - render - INFO - Frame 8 completado en 8.00s (382.0 KB)
2026-01-04 20:22:19 - render - INFO - Frame 44 completado en 4.62s (401.8 KB)
2026-01-04 20:22:19 - render - INFO - Frame 6 completado en 8.04s (342.3 KB)
2026-01-04 20:22:19 - render - INFO - Frame 26 completado en 7.89s (336.1 KB)
2026-01-04 20:22:19 - render - INFO - Frame 46 completado en 4.72s (465.7 KB)
2026-01-04 20:22:19 - render - INFO - Frame 38 completado en 7.98s (408.8 KB)
2026-01-04 20:22:19 - render - INFO - Frame 32 completado en 2.65s (423.0 KB)
2026-01-04 20:22:19 - render - INFO - Frame 24 completado en 8.01s (305.8 KB)
2026-01-04 20:22:19 - render - INFO - Frame 2 completado en 7.98s (332.2 KB)
2026-01-04 20:22:19 - render - INFO - Frame 16 completado en 2.51s (271.9 KB)
2026-01-04 20:22:19 - render - INFO - Frame 34 completado en 8.05s (450.7 KB)
2026-01-04 20:22:19 - render - INFO - Frame 48 completado en 3.36s (517.2 KB)
2026-01-04 20:22:19 - render - INFO - Frame 22 completado en 2.68s (290.8 KB)
2026-01-04 20:22:19 - render - INFO - Frame 54 completado en 2.86s (707.9 KB)
2026-01-04 20:22:19 - render - INFO - Frame 36 completado en 3.33s (440.2 KB)
2026-01-04 20:22:19 - render - INFO - Frame 10 completado en 8.05s (367.2 KB)
2026-01-04 20:22:19 - render - INFO - Frame 28 completado en 8.10s (357.4 KB)
2026-01-04 20:22:19 - render - INFO - Frame 18 completado en 2.74s (273.6 KB)
2026-01-04 20:22:19 - render - INFO - Frame 42 completado en 6.28s (373.8 KB)
2026-01-04 20:22:19 - render - INFO - Frame 64 completado en 1.50s (650.4 KB)
2026-01-04 20:22:19 - render - INFO - Frame 62 completado en 3.69s (687.0 KB)
2026-01-04 20:22:19 - render - INFO - Frame 60 completado en 3.71s (719.7 KB)
2026-01-04 20:22:19 - render - INFO - Frame 52 completado en 3.49s (635.7 KB)
2026-01-04 20:22:19 - render - INFO - Iniciando frame 72 (1920x1080, 150 iter) - Modo: Optimizado
2026-01-04 20:22:19 - render - INFO - Iniciando frame 74 (1920x1080, 150 iter) - Modo: Optimizado
2026-01-04 20:22:19 - render - INFO - Frame 56 completado en 3.53s (756.0 KB)
2026-01-04 20:22:19 - render - INFO - Iniciando frame 76 (1920x1080, 150 iter) - Modo: Optimizado
2026-01-04 20:22:19 - render - INFO - Iniciando frame 97 (1920x1080, 150 iter) - Modo: Optimizado
2026-01-04 20:22:19 - render - INFO - Iniciando frame 78 (1920x1080, 150 iter) - Modo: Optimizado
2026-01-04 20:22:20 - render - INFO - Iniciando frame 88 (1920x1080, 150 iter) - Modo: Optimizado
2026-01-04 20:22:20 - render - INFO - Iniciando frame 90 (1920x1080, 150 iter) - Modo: Optimizado
2026-01-04 20:22:20 - render - INFO - Iniciando frame 82 (1920x1080, 150 iter) - Modo: Optimizado
2026-01-04 20:22:20 - render - INFO - Iniciando frame 92 (1920x1080, 150 iter) - Modo: Optimizado
2026-01-04 20:22:20 - render - INFO - Frame 58 completado en 3.81s (745.0 KB)
2026-01-04 20:22:20 - render - INFO - Iniciando frame 98 (1920x1080, 150 iter) - Modo: Optimizado
2026-01-04 20:22:20 - render - INFO - Iniciando frame 94 (1920x1080, 150 iter) - Modo: Optimizado
2026-01-04 20:22:20 - render - INFO - Iniciando frame 96 (1920x1080, 150 iter) - Modo: Optimizado
2026-01-04 20:22:20 - render - INFO - Iniciando frame 80 (1920x1080, 150 iter) - Modo: Optimizado
2026-01-04 20:22:20 - render - INFO - Iniciando frame 86 (1920x1080, 150 iter) - Modo: Optimizado
2026-01-04 20:22:20 - render - INFO - Iniciando frame 84 (1920x1080, 150 iter) - Modo: Optimizado
2026-01-04 20:22:20 - render - INFO - Frame 66 completado en 1.82s (594.8 KB)
2026-01-04 20:22:20 - render - INFO - Frame 68 completado en 1.82s (602.1 KB)
2026-01-04 20:22:21 - render - INFO - Frame 9 completado en 6.22s (382.3 KB)
2026-01-04 20:22:21 - render - INFO - Frame 31 completado en 5.22s (408.7 KB)
2026-01-04 20:22:21 - render - INFO - Frame 33 completado en 6.19s (441.9 KB)
2026-01-04 20:22:21 - render - INFO - Frame 70 completado en 2.17s (624.2 KB)
2026-01-04 20:22:21 - render - INFO - Frame 55 completado en 9.14s (737.8 KB)
2026-01-04 20:22:22 - render - INFO - Iniciando frame 99 (1920x1080, 150 iter) - Modo: Optimizado
2026-01-04 20:22:22 - render - INFO - Frame 27 completado en 7.06s (344.1 KB)
2026-01-04 20:22:22 - render - INFO - Frame 76 completado en 2.19s (695.8 KB)
2026-01-04 20:22:22 - render - INFO - Frame 84 completado en 1.77s (832.8 KB)
2026-01-04 20:22:22 - render - INFO - Frame 98 completado en 1.75s (477.2 KB)
2026-01-04 20:22:22 - render - INFO - Frame 72 completado en 2.50s (667.9 KB)
2026-01-04 20:22:22 - render - INFO - Frame 74 completado en 2.52s (688.4 KB)
2026-01-04 20:22:22 - render - INFO - Frame 92 completado en 1.83s (629.2 KB)
2026-01-04 20:22:22 - render - INFO - Frame 96 completado en 1.70s (519.6 KB)
2026-01-04 20:22:22 - render - INFO - Frame 94 completado en 1.97s (579.3 KB)
2026-01-04 20:22:22 - render - INFO - Frame 78 completado en 1.93s (731.0 KB)
2026-01-04 20:22:22 - render - INFO - Frame 65 completado en 4.62s (629.5 KB)
2026-01-04 20:22:22 - render - INFO - Frame 90 completado en 1.95s (648.4 KB)
2026-01-04 20:22:22 - render - INFO - Frame 80 completado en 1.97s (808.7 KB)
2026-01-04 20:22:22 - render - INFO - Frame 88 completado en 2.05s (678.1 KB)
2026-01-04 20:22:22 - render - INFO - Frame 82 completado en 2.00s (833.5 KB)
2026-01-04 20:22:22 - render - INFO - Frame 86 completado en 2.03s (759.8 KB)
2026-01-04 20:22:22 - render - INFO - Frame 61 completado en 7.72s (697.1 KB)
2026-01-04 20:22:22 - render - INFO - Frame 53 completado en 7.75s (677.7 KB)
2026-01-04 20:22:22 - render - INFO - Frame 47 completado en 7.87s (505.0 KB)
2026-01-04 20:22:22 - render - INFO - Frame 59 completado en 7.84s (729.7 KB)
2026-01-04 20:22:22 - render - INFO - Frame 57 completado en 7.85s (759.2 KB)
2026-01-04 20:22:22 - render - INFO - Frame 63 completado en 7.98s (672.1 KB)
2026-01-04 20:22:22 - render - INFO - Frame 69 completado en 4.04s (607.6 KB)
2026-01-04 20:22:22 - render - INFO - Frame 51 completado en 7.96s (597.4 KB)
2026-01-04 20:22:22 - render - INFO - Frame 71 completado en 4.12s (652.0 KB)
2026-01-04 20:22:22 - render - INFO - Frame 83 completado en 4.11s (863.7 KB)
2026-01-04 20:22:23 - render - INFO - Frame 75 completado en 4.31s (687.0 KB)
2026-01-04 20:22:23 - render - INFO - Frame 67 completado en 4.45s (584.5 KB)
2026-01-04 20:22:23 - render - INFO - Frame 73 completado en 4.33s (677.2 KB)
2026-01-04 20:22:23 - render - INFO - Frame 77 completado en 4.38s (706.0 KB)
2026-01-04 20:22:23 - render - INFO - Frame 79 completado en 4.36s (779.2 KB)
2026-01-04 20:22:23 - render - INFO - Frame 93 completado en 3.45s (605.9 KB)
2026-01-04 20:22:23 - render - INFO - Frame 81 completado en 4.40s (817.6 KB)
2026-01-04 20:22:23 - render - INFO - Frame 85 completado en 4.43s (797.2 KB)
2026-01-04 20:22:23 - render - INFO - Frame 91 completado en 3.50s (635.2 KB)
2026-01-04 20:22:23 - render - INFO - Frame 89 completado en 3.55s (655.5 KB)
2026-01-04 20:22:23 - render - INFO - Frame 99 completado en 1.25s (468.2 KB)
2026-01-04 20:22:23 - render - INFO - Frame 95 completado en 3.59s (543.8 KB)
2026-01-04 20:22:23 - render - INFO - Frame 97 completado en 1.46s (503.2 KB)
2026-01-04 20:22:23 - render - INFO - Frame 87 completado en 3.65s (718.0 KB)
2026-01-06 07:30:36 - render - INFO - Iniciando frame 0 (854x480, 80 iter) - Modo: Optimizado
2026-01-06 07:30:36 - render - INFO - Iniciando frame 7 (854x480, 80 iter) - Modo: Optimizado
2026-01-06 07:30:36 - render - INFO - Iniciando frame 1 (854x480, 80 iter) - Modo: Optimizado
2026-01-06 07:30:36 - render - INFO - Iniciando frame 8 (854x480, 80 iter) - Modo: Optimizado
2026-01-06 07:30:36 - render - INFO - Iniciando frame 23 (854x480, 80 iter) - Modo: Optimizado
2026-01-06 07:30:36 - render - INFO - Iniciando frame 9 (854x480, 80 iter) - Modo: Optimizado
2026-01-06 07:30:36 - render - INFO - Iniciando frame 3 (854x480, 80 iter) - Modo: Optimizado
2026-01-06 07:30:36 - render - INFO - Iniciando frame 4 (854x480, 80 iter) - Modo: Optimizado
2026-01-06 07:30:36 - render - INFO - Iniciando frame 2 (854x480, 80 iter) - Modo: Optimizado
2026-01-06 07:30:36 - render - INFO - Iniciando frame 10 (854x480, 80 iter) - Modo: Optimizado
2026-01-06 07:30:36 - render - INFO - Iniciando frame 26 (854x480, 80 iter) - Modo: Optimizado
2026-01-06 07:30:36 - render - INFO - Iniciando frame 6 (854x480, 80 iter) - Modo: Optimizado
2026-01-06 07:30:36 - render - INFO - Iniciando frame 5 (854x480, 80 iter) - Modo: Optimizado
2026-01-06 07:30:36 - render - INFO - Iniciando frame 17 (854x480, 80 iter) - Modo: Optimizado
2026-01-06 07:30:36 - render - INFO - Iniciando frame 21 (854x480, 80 iter) - Modo: Optimizado
2026-01-06 07:30:36 - render - INFO - Iniciando frame 22 (854x480, 80 iter) - Modo: Optimizado
2026-01-06 07:30:36 - render - INFO - Iniciando frame 11 (854x480, 80 iter) - Modo: Optimizado
2026-01-06 07:30:36 - render - INFO - Iniciando frame 12 (854x480, 80 iter) - Modo: Optimizado
2026-01-06 07:30:36 - render - INFO - Iniciando frame 13 (854x480, 80 iter) - Modo: Optimizado
2026-01-06 07:30:36 - render - INFO - Iniciando frame 14 (854x480, 80 iter) - Modo: Optimizado
2026-01-06 07:30:36 - render - INFO - Iniciando frame 15 (854x480, 80 iter) - Modo: Optimizado
2026-01-06 07:30:36 - render - INFO - Iniciando frame 18 (854x480, 80 iter) - Modo: Optimizado
2026-01-06 07:30:36 - render - INFO - Iniciando frame 19 (854x480, 80 iter) - Modo: Optimizado
2026-01-06 07:30:36 - render - INFO - Iniciando frame 20 (854x480, 80 iter) - Modo: Optimizado
2026-01-06 07:30:36 - render - INFO - Iniciando frame 16 (854x480, 80 iter) - Modo: Optimizado
2026-01-06 07:30:36 - render - INFO - Iniciando frame 28 (854x480, 80 iter) - Modo: Optimizado
2026-01-06 07:30:36 - render - INFO - Iniciando frame 29 (854x480, 80 iter) - Modo: Optimizado
2026-01-06 07:30:36 - render - INFO - Iniciando frame 25 (854x480, 80 iter) - Modo: Optimizado
2026-01-06 07:30:36 - render - INFO - Iniciando frame 24 (854x480, 80 iter) - Modo: Optimizado
2026-01-06 07:30:36 - render - INFO - Iniciando frame 27 (854x480, 80 iter) - Modo: Optimizado
2026-01-06 07:30:42 - render - INFO - Frame 11 completado en 6.00s (68.7 KB)
2026-01-06 07:30:42 - render - INFO - Frame 15 completado en 6.00s (52.1 KB)
2026-01-06 07:30:42 - render - INFO - Frame 19 completado en 6.00s (77.7 KB)
2026-01-06 07:30:42 - render - INFO - Frame 21 completado en 5.99s (77.0 KB)
2026-01-06 07:30:42 - render - INFO - Frame 3 completado en 6.02s (91.5 KB)
2026-01-06 07:30:42 - render - INFO - Frame 2 completado en 6.01s (82.8 KB)
2026-01-06 07:30:42 - render - INFO - Frame 12 completado en 6.02s (71.5 KB)
2026-01-06 07:30:42 - render - INFO - Frame 10 completado en 6.03s (63.4 KB)
2026-01-06 07:30:42 - render - INFO - Frame 13 completado en 6.03s (66.0 KB)
2026-01-06 07:30:42 - render - INFO - Frame 8 completado en 6.03s (57.5 KB)
2026-01-06 07:30:42 - render - INFO - Frame 27 completado en 6.02s (57.0 KB)
2026-01-06 07:30:42 - render - INFO - Frame 6 completado en 6.03s (57.9 KB)
2026-01-06 07:30:42 - render - INFO - Frame 5 completado en 6.03s (56.7 KB)
2026-01-06 07:30:42 - render - INFO - Frame 23 completado en 6.04s (72.9 KB)
2026-01-06 07:30:42 - render - INFO - Frame 22 completado en 6.03s (73.8 KB)
2026-01-06 07:30:42 - render - INFO - Frame 26 completado en 6.03s (56.1 KB)
2026-01-06 07:30:42 - render - INFO - Frame 4 completado en 6.05s (80.3 KB)
2026-01-06 07:30:42 - render - INFO - Frame 9 completado en 6.03s (59.6 KB)
2026-01-06 07:30:42 - render - INFO - Frame 24 completado en 6.01s (62.9 KB)
2026-01-06 07:30:42 - render - INFO - Frame 0 completado en 6.07s (67.8 KB)
2026-01-06 07:30:42 - render - INFO - Frame 1 completado en 6.06s (92.0 KB)
2026-01-06 07:30:42 - render - INFO - Frame 28 completado en 6.01s (55.5 KB)
2026-01-06 07:30:42 - render - INFO - Frame 17 completado en 6.01s (60.9 KB)
2026-01-06 07:30:42 - render - INFO - Frame 14 completado en 6.03s (53.9 KB)
2026-01-06 07:30:42 - render - INFO - Frame 7 completado en 6.14s (56.7 KB)
2026-01-06 07:30:42 - render - INFO - Frame 29 completado en 6.07s (55.5 KB)
2026-01-06 07:30:42 - render - INFO - Frame 20 completado en 6.09s (83.1 KB)
2026-01-06 07:30:42 - render - INFO - Frame 18 completado en 6.10s (66.7 KB)
2026-01-06 07:30:42 - render - INFO - Frame 16 completado en 6.10s (56.9 KB)
2026-01-06 07:30:42 - render - INFO - Frame 25 completado en 6.10s (59.1 KB)
2026-01-06 07:43:37 - render - INFO - Iniciando frame 0 (1920x1080, 150 iter) - Modo: Optimizado
2026-01-06 07:43:37 - render - INFO - Iniciando frame 9 (1920x1080, 150 iter) - Modo: Optimizado
2026-01-06 07:43:37 - render - INFO - Iniciando frame 1 (1920x1080, 150 iter) - Modo: Optimizado
2026-01-06 07:43:37 - render - INFO - Iniciando frame 2 (1920x1080, 150 iter) - Modo: Optimizado
2026-01-06 07:43:37 - render - INFO - Iniciando frame 3 (1920x1080, 150 iter) - Modo: Optimizado
2026-01-06 07:43:37 - render - INFO - Iniciando frame 4 (1920x1080, 150 iter) - Modo: Optimizado
2026-01-06 07:43:37 - render - INFO - Iniciando frame 6 (1920x1080, 150 iter) - Modo: Optimizado
2026-01-06 07:43:37 - render - INFO - Iniciando frame 7 (1920x1080, 150 iter) - Modo: Optimizado
2026-01-06 07:43:37 - render - INFO - Iniciando frame 8 (1920x1080, 150 iter) - Modo: Optimizado
2026-01-06 07:43:37 - render - INFO - Iniciando frame 5 (1920x1080, 150 iter) - Modo: Optimizado
2026-01-06 07:43:37 - render - INFO - Iniciando frame 10 (1920x1080, 150 iter) - Modo: Optimizado
2026-01-06 07:43:37 - render - INFO - Iniciando frame 11 (1920x1080, 150 iter) - Modo: Optimizado
2026-01-06 07:43:37 - render - INFO - Iniciando frame 15 (1920x1080, 150 iter) - Modo: Optimizado
2026-01-06 07:43:37 - render - INFO - Iniciando frame 14 (1920x1080, 150 iter) - Modo: Optimizado
2026-01-06 07:43:37 - render - INFO - Iniciando frame 16 (1920x1080, 150 iter) - Modo: Optimizado
2026-01-06 07:43:37 - render - INFO - Iniciando frame 19 (1920x1080, 150 iter) - Modo: Optimizado
2026-01-06 07:43:37 - render - INFO - Iniciando frame 17 (1920x1080, 150 iter) - Modo: Optimizado
2026-01-06 07:43:37 - render - INFO - Iniciando frame 18 (1920x1080, 150 iter) - Modo: Optimizado
2026-01-06 07:43:37 - render - INFO - Iniciando frame 21 (1920x1080, 150 iter) - Modo: Optimizado
2026-01-06 07:43:37 - render - INFO - Iniciando frame 22 (1920x1080, 150 iter) - Modo: Optimizado
2026-01-06 07:43:37 - render - INFO - Iniciando frame 23 (1920x1080, 150 iter) - Modo: Optimizado
2026-01-06 07:43:37 - render - INFO - Iniciando frame 24 (1920x1080, 150 iter) - Modo: Optimizado
2026-01-06 07:43:37 - render - INFO - Iniciando frame 25 (1920x1080, 150 iter) - Modo: Optimizado
2026-01-06 07:43:37 - render - INFO - Iniciando frame 26 (1920x1080, 150 iter) - Modo: Optimizado
2026-01-06 07:43:37 - render - INFO - Iniciando frame 27 (1920x1080, 150 iter) - Modo: Optimizado
2026-01-06 07:43:37 - render - INFO - Iniciando frame 28 (1920x1080, 150 iter) - Modo: Optimizado
2026-01-06 07:43:37 - render - INFO - Iniciando frame 29 (1920x1080, 150 iter) - Modo: Optimizado
2026-01-06 07:43:37 - render - INFO - Iniciando frame 30 (1920x1080, 150 iter) - Modo: Optimizado
2026-01-06 07:43:37 - render - INFO - Iniciando frame 12 (1920x1080, 150 iter) - Modo: Optimizado
2026-01-06 07:43:37 - render - INFO - Iniciando frame 13 (1920x1080, 150 iter) - Modo: Optimizado
2026-01-06 07:43:37 - render - INFO - Iniciando frame 20 (1920x1080, 150 iter) - Modo: Optimizado
2026-01-06 07:43:37 - render - INFO - Iniciando frame 31 (1920x1080, 150 iter) - Modo: Optimizado
2026-01-06 07:47:01 - render - INFO - Iniciando frame 0 (854x480, 80 iter) - Modo: Optimizado
2026-01-06 07:47:01 - render - INFO - Iniciando frame 7 (854x480, 80 iter) - Modo: Optimizado
2026-01-06 07:47:01 - render - INFO - Iniciando frame 2 (854x480, 80 iter) - Modo: Optimizado
2026-01-06 07:47:01 - render - INFO - Iniciando frame 3 (854x480, 80 iter) - Modo: Optimizado
2026-01-06 07:47:01 - render - INFO - Iniciando frame 1 (854x480, 80 iter) - Modo: Optimizado
2026-01-06 07:47:01 - render - INFO - Iniciando frame 4 (854x480, 80 iter) - Modo: Optimizado
2026-01-06 07:47:01 - render - INFO - Iniciando frame 6 (854x480, 80 iter) - Modo: Optimizado
2026-01-06 07:47:01 - render - INFO - Iniciando frame 23 (854x480, 80 iter) - Modo: Optimizado
2026-01-06 07:47:01 - render - INFO - Iniciando frame 5 (854x480, 80 iter) - Modo: Optimizado
2026-01-06 07:47:01 - render - INFO - Iniciando frame 9 (854x480, 80 iter) - Modo: Optimizado
2026-01-06 07:47:01 - render - INFO - Iniciando frame 11 (854x480, 80 iter) - Modo: Optimizado
2026-01-06 07:47:01 - render - INFO - Iniciando frame 13 (854x480, 80 iter) - Modo: Optimizado
2026-01-06 07:47:01 - render - INFO - Iniciando frame 12 (854x480, 80 iter) - Modo: Optimizado
2026-01-06 07:47:01 - render - INFO - Iniciando frame 15 (854x480, 80 iter) - Modo: Optimizado
2026-01-06 07:47:01 - render - INFO - Iniciando frame 17 (854x480, 80 iter) - Modo: Optimizado
2026-01-06 07:47:01 - render - INFO - Iniciando frame 14 (854x480, 80 iter) - Modo: Optimizado
2026-01-06 07:47:01 - render - INFO - Iniciando frame 16 (854x480, 80 iter) - Modo: Optimizado
2026-01-06 07:47:01 - render - INFO - Iniciando frame 19 (854x480, 80 iter) - Modo: Optimizado
2026-01-06 07:47:01 - render - INFO - Iniciando frame 20 (854x480, 80 iter) - Modo: Optimizado
2026-01-06 07:47:01 - render - INFO - Iniciando frame 18 (854x480, 80 iter) - Modo: Optimizado
2026-01-06 07:47:01 - render - INFO - Iniciando frame 21 (854x480, 80 iter) - Modo: Optimizado
2026-01-06 07:47:01 - render - INFO - Iniciando frame 22 (854x480, 80 iter) - Modo: Optimizado
2026-01-06 07:47:01 - render - INFO - Iniciando frame 8 (854x480, 80 iter) - Modo: Optimizado
2026-01-06 07:47:01 - render - INFO - Iniciando frame 10 (854x480, 80 iter) - Modo: Optimizado
2026-01-06 07:47:01 - render - INFO - Iniciando frame 25 (854x480, 80 iter) - Modo: Optimizado
2026-01-06 07:47:01 - render - INFO - Iniciando frame 26 (854x480, 80 iter) - Modo: Optimizado
2026-01-06 07:47:01 - render - INFO - Iniciando frame 28 (854x480, 80 iter) - Modo: Optimizado
2026-01-06 07:47:01 - render - INFO - Iniciando frame 29 (854x480, 80 iter) - Modo: Optimizado
2026-01-06 07:47:01 - render - INFO - Iniciando frame 24 (854x480, 80 iter) - Modo: Optimizado
2026-01-06 07:47:01 - render - INFO - Iniciando frame 27 (854x480, 80 iter) - Modo: Optimizado
2026-01-06 07:47:02 - render - INFO - Frame 23 completado en 1.48s (72.9 KB)
2026-01-06 07:47:03 - render - INFO - Frame 7 completado en 2.62s (56.7 KB)
2026-01-06 07:47:03 - render - INFO - Frame 1 completado en 2.62s (92.0 KB)
2026-01-06 07:47:03 - render - INFO - Frame 2 completado en 2.70s (82.8 KB)
2026-01-06 07:47:03 - render - INFO - Frame 17 completado en 2.72s (60.9 KB)
2026-01-06 07:47:03 - render - INFO - Frame 19 completado en 2.72s (77.7 KB)
2026-01-06 07:47:04 - render - INFO - Frame 5 completado en 2.91s (56.7 KB)
2026-01-06 07:47:04 - render - INFO - Frame 16 completado en 2.91s (56.9 KB)
2026-01-06 07:47:04 - render - INFO - Frame 21 completado en 2.92s (77.0 KB)
2026-01-06 07:47:04 - render - INFO - Frame 15 completado en 2.97s (52.1 KB)
2026-01-06 07:47:04 - render - INFO - Frame 27 completado en 3.00s (57.0 KB)
2026-01-06 07:47:04 - render - INFO - Frame 18 completado en 3.00s (66.7 KB)
2026-01-06 07:47:04 - render - INFO - Frame 13 completado en 3.01s (66.0 KB)
2026-01-06 07:47:04 - render - INFO - Frame 24 completado en 3.01s (62.9 KB)
2026-01-06 07:47:04 - render - INFO - Frame 14 completado en 3.02s (53.9 KB)
2026-01-06 07:47:04 - render - INFO - Frame 11 completado en 3.02s (68.7 KB)
2026-01-06 07:47:04 - render - INFO - Frame 10 completado en 3.03s (63.4 KB)
2026-01-06 07:47:04 - render - INFO - Frame 25 completado en 3.02s (59.1 KB)
2026-01-06 07:47:04 - render - INFO - Frame 29 completado en 3.03s (55.5 KB)
2026-01-06 07:47:04 - render - INFO - Frame 9 completado en 3.03s (59.6 KB)
2026-01-06 07:47:04 - render - INFO - Frame 8 completado en 3.03s (57.5 KB)
2026-01-06 07:47:04 - render - INFO - Frame 6 completado en 3.04s (57.9 KB)
2026-01-06 07:47:04 - render - INFO - Frame 0 completado en 3.06s (67.8 KB)
2026-01-06 07:47:04 - render - INFO - Frame 28 completado en 3.07s (55.5 KB)
2026-01-06 07:47:04 - render - INFO - Frame 4 completado en 3.08s (80.3 KB)
2026-01-06 07:47:04 - render - INFO - Frame 20 completado en 3.07s (83.1 KB)
2026-01-06 07:47:04 - render - INFO - Frame 12 completado en 3.08s (71.5 KB)
2026-01-06 07:47:04 - render - INFO - Frame 26 completado en 3.07s (56.1 KB)
2026-01-06 07:47:04 - render - INFO - Frame 22 completado en 3.08s (73.8 KB)
2026-01-06 07:47:04 - render - INFO - Frame 3 completado en 3.11s (91.5 KB)
2026-01-06 07:54:06 - render - INFO - Iniciando frame 0 (1280x720, 100 iter) - Modo: Optimizado
2026-01-06 07:54:06 - render - INFO - Iniciando frame 13 (1280x720, 100 iter) - Modo: Optimizado
2026-01-06 07:54:06 - render - INFO - Iniciando frame 4 (1280x720, 100 iter) - Modo: Optimizado
2026-01-06 07:54:06 - render - INFO - Iniciando frame 16 (1280x720, 100 iter) - Modo: Optimizado
2026-01-06 07:54:06 - render - INFO - Iniciando frame 2 (1280x720, 100 iter) - Modo: Optimizado
2026-01-06 07:54:06 - render - INFO - Iniciando frame 3 (1280x720, 100 iter) - Modo: Optimizado
2026-01-06 07:54:06 - render - INFO - Iniciando frame 5 (1280x720, 100 iter) - Modo: Optimizado
2026-01-06 07:54:06 - render - INFO - Iniciando frame 1 (1280x720, 100 iter) - Modo: Optimizado
2026-01-06 07:54:06 - render - INFO - Iniciando frame 11 (1280x720, 100 iter) - Modo: Optimizado
2026-01-06 07:54:06 - render - INFO - Iniciando frame 7 (1280x720, 100 iter) - Modo: Optimizado
2026-01-06 07:54:06 - render - INFO - Iniciando frame 9 (1280x720, 100 iter) - Modo: Optimizado
2026-01-06 07:54:06 - render - INFO - Iniciando frame 10 (1280x720, 100 iter) - Modo: Optimizado
2026-01-06 07:54:06 - render - INFO - Iniciando frame 8 (1280x720, 100 iter) - Modo: Optimizado
2026-01-06 07:54:06 - render - INFO - Iniciando frame 12 (1280x720, 100 iter) - Modo: Optimizado
2026-01-06 07:54:06 - render - INFO - Iniciando frame 6 (1280x720, 100 iter) - Modo: Optimizado
2026-01-06 07:54:06 - render - INFO - Iniciando frame 14 (1280x720, 100 iter) - Modo: Optimizado
2026-01-06 07:54:06 - render - INFO - Iniciando frame 28 (1280x720, 100 iter) - Modo: Optimizado
2026-01-06 07:54:06 - render - INFO - Iniciando frame 29 (1280x720, 100 iter) - Modo: Optimizado
2026-01-06 07:54:06 - render - INFO - Iniciando frame 31 (1280x720, 100 iter) - Modo: Optimizado
2026-01-06 07:54:06 - render - INFO - Iniciando frame 22 (1280x720, 100 iter) - Modo: Optimizado
2026-01-06 07:54:06 - render - INFO - Iniciando frame 24 (1280x720, 100 iter) - Modo: Optimizado
2026-01-06 07:54:06 - render - INFO - Iniciando frame 25 (1280x720, 100 iter) - Modo: Optimizado
2026-01-06 07:54:06 - render - INFO - Iniciando frame 26 (1280x720, 100 iter) - Modo: Optimizado
2026-01-06 07:54:06 - render - INFO - Iniciando frame 21 (1280x720, 100 iter) - Modo: Optimizado
2026-01-06 07:54:06 - render - INFO - Iniciando frame 17 (1280x720, 100 iter) - Modo: Optimizado
2026-01-06 07:54:06 - render - INFO - Iniciando frame 30 (1280x720, 100 iter) - Modo: Optimizado
2026-01-06 07:54:06 - render - INFO - Iniciando frame 15 (1280x720, 100 iter) - Modo: Optimizado
2026-01-06 07:54:06 - render - INFO - Iniciando frame 27 (1280x720, 100 iter) - Modo: Optimizado
2026-01-06 07:54:06 - render - INFO - Iniciando frame 18 (1280x720, 100 iter) - Modo: Optimizado
2026-01-06 07:54:06 - render - INFO - Iniciando frame 19 (1280x720, 100 iter) - Modo: Optimizado
2026-01-06 07:54:06 - render - INFO - Iniciando frame 20 (1280x720, 100 iter) - Modo: Optimizado
2026-01-06 07:54:06 - render - INFO - Iniciando frame 23 (1280x720, 100 iter) - Modo: Optimizado
2026-01-06 07:54:09 - render - INFO - Frame 9 completado en 3.13s (121.9 KB)
2026-01-06 07:54:09 - render - INFO - Iniciando frame 32 (1280x720, 100 iter) - Modo: Optimizado
2026-01-06 07:54:09 - render - INFO - Frame 3 completado en 3.17s (164.4 KB)
2026-01-06 07:54:09 - render - INFO - Iniciando frame 33 (1280x720, 100 iter) - Modo: Optimizado
2026-01-06 07:54:10 - render - INFO - Frame 16 completado en 4.33s (155.5 KB)
2026-01-06 07:54:10 - render - INFO - Iniciando frame 34 (1280x720, 100 iter) - Modo: Optimizado
2026-01-06 07:54:10 - render - INFO - Frame 5 completado en 4.36s (179.8 KB)
2026-01-06 07:54:10 - render - INFO - Iniciando frame 35 (1280x720, 100 iter) - Modo: Optimizado
2026-01-06 07:54:11 - render - INFO - Frame 10 completado en 4.52s (122.9 KB)
2026-01-06 07:54:11 - render - INFO - Iniciando frame 36 (1280x720, 100 iter) - Modo: Optimizado
2026-01-06 07:54:11 - render - INFO - Frame 8 completado en 4.56s (121.1 KB)
2026-01-06 07:54:11 - render - INFO - Frame 7 completado en 4.60s (122.5 KB)
2026-01-06 07:54:11 - render - INFO - Frame 12 completado en 4.61s (126.5 KB)
2026-01-06 07:54:11 - render - INFO - Frame 11 completado en 4.63s (123.9 KB)
2026-01-06 07:54:11 - render - INFO - Frame 22 completado en 4.68s (124.1 KB)
2026-01-06 07:54:11 - render - INFO - Frame 29 completado en 4.70s (218.3 KB)
2026-01-06 07:54:11 - render - INFO - Iniciando frame 37 (1280x720, 100 iter) - Modo: Optimizado
2026-01-06 07:54:11 - render - INFO - Iniciando frame 38 (1280x720, 100 iter) - Modo: Optimizado
2026-01-06 07:54:11 - render - INFO - Iniciando frame 39 (1280x720, 100 iter) - Modo: Optimizado
2026-01-06 07:54:11 - render - INFO - Iniciando frame 40 (1280x720, 100 iter) - Modo: Optimizado
2026-01-06 07:54:11 - render - INFO - Frame 6 completado en 4.78s (164.0 KB)
2026-01-06 07:54:11 - render - INFO - Frame 31 completado en 4.83s (221.5 KB)
2026-01-06 07:54:11 - render - INFO - Iniciando frame 42 (1280x720, 100 iter) - Modo: Optimizado
2026-01-06 07:54:11 - render - INFO - Frame 26 completado en 4.80s (166.8 KB)
2026-01-06 07:54:11 - render - INFO - Frame 25 completado en 4.82s (159.7 KB)
2026-01-06 07:54:11 - render - INFO - Iniciando frame 41 (1280x720, 100 iter) - Modo: Optimizado
2026-01-06 07:54:11 - render - INFO - Frame 28 completado en 4.81s (201.4 KB)
2026-01-06 07:54:11 - render - INFO - Frame 2 completado en 5.00s (190.9 KB)
2026-01-06 07:54:11 - render - INFO - Frame 15 completado en 4.82s (144.5 KB)
2026-01-06 07:54:11 - render - INFO - Frame 14 completado en 4.82s (137.4 KB)
2026-01-06 07:54:11 - render - INFO - Frame 27 completado en 4.82s (179.9 KB)
2026-01-06 07:54:11 - render - INFO - Iniciando frame 43 (1280x720, 100 iter) - Modo: Optimizado
2026-01-06 07:54:11 - render - INFO - Frame 0 completado en 5.01s (129.0 KB)
2026-01-06 07:54:11 - render - INFO - Frame 4 completado en 5.03s (180.1 KB)
2026-01-06 07:54:11 - render - INFO - Frame 33 completado en 1.73s (206.1 KB)
2026-01-06 07:54:11 - render - INFO - Frame 1 completado en 5.03s (164.0 KB)
2026-01-06 07:54:11 - render - INFO - Frame 32 completado en 1.92s (208.8 KB)
2026-01-06 07:54:11 - render - INFO - Iniciando frame 44 (1280x720, 100 iter) - Modo: Optimizado
2026-01-06 07:54:11 - render - INFO - Frame 30 completado en 5.02s (227.1 KB)
2026-01-06 07:54:11 - render - INFO - Frame 24 completado en 5.04s (144.8 KB)
2026-01-06 07:54:11 - render - INFO - Frame 21 completado en 5.05s (129.6 KB)
2026-01-06 07:54:11 - render - INFO - Frame 19 completado en 4.97s (165.2 KB)
2026-01-06 07:54:11 - render - INFO - Frame 23 completado en 5.03s (132.8 KB)
2026-01-06 07:54:11 - render - INFO - Frame 17 completado en 5.02s (162.7 KB)
2026-01-06 07:54:11 - render - INFO - Frame 13 completado en 5.04s (127.1 KB)
2026-01-06 07:54:11 - render - INFO - Frame 18 completado en 5.07s (170.4 KB)
2026-01-06 07:54:11 - render - INFO - Frame 20 completado en 5.07s (150.5 KB)
2026-01-06 07:54:11 - render - INFO - Iniciando frame 45 (1280x720, 100 iter) - Modo: Optimizado
2026-01-06 07:54:12 - render - INFO - Iniciando frame 48 (1280x720, 100 iter) - Modo: Optimizado
2026-01-06 07:54:12 - render - INFO - Iniciando frame 49 (1280x720, 100 iter) - Modo: Optimizado
2026-01-06 07:54:12 - render - INFO - Iniciando frame 46 (1280x720, 100 iter) - Modo: Optimizado
2026-01-06 07:54:12 - render - INFO - Iniciando frame 47 (1280x720, 100 iter) - Modo: Optimizado
2026-01-06 07:54:13 - render - INFO - Frame 34 completado en 2.57s (202.6 KB)
2026-01-06 07:54:13 - render - INFO - Frame 35 completado en 2.66s (186.2 KB)
2026-01-06 07:54:13 - render - INFO - Frame 36 completado en 2.52s (176.7 KB)
2026-01-06 07:54:13 - render - INFO - Frame 40 completado en 2.31s (178.4 KB)
2026-01-06 07:54:13 - render - INFO - Frame 37 completado en 2.43s (169.7 KB)
2026-01-06 07:54:13 - render - INFO - Frame 42 completado en 2.23s (184.2 KB)
2026-01-06 07:54:13 - render - INFO - Frame 39 completado en 2.45s (175.5 KB)
2026-01-06 07:54:13 - render - INFO - Frame 38 completado en 2.49s (179.5 KB)
2026-01-06 07:54:13 - render - INFO - Frame 43 completado en 2.06s (187.8 KB)
2026-01-06 07:54:13 - render - INFO - Frame 44 completado en 2.07s (186.8 KB)
2026-01-06 07:54:13 - render - INFO - Frame 41 completado en 2.13s (175.1 KB)
2026-01-06 07:54:14 - render - INFO - Frame 45 completado en 1.95s (147.9 KB)
2026-01-06 07:54:14 - render - INFO - Frame 48 completado en 1.93s (88.2 KB)
2026-01-06 07:54:14 - render - INFO - Frame 47 completado en 1.82s (92.8 KB)
2026-01-06 07:54:14 - render - INFO - Frame 49 completado en 1.93s (89.7 KB)
2026-01-06 07:54:14 - render - INFO - Frame 46 completado en 1.91s (117.3 KB)
2026-01-06 07:54:23 - render - INFO - Iniciando frame 0 (1920x1080, 150 iter) - Modo: Optimizado
2026-01-06 07:54:23 - render - INFO - Iniciando frame 9 (1920x1080, 150 iter) - Modo: Optimizado
2026-01-06 07:54:23 - render - INFO - Iniciando frame 12 (1920x1080, 150 iter) - Modo: Optimizado
2026-01-06 07:54:23 - render - INFO - Iniciando frame 7 (1920x1080, 150 iter) - Modo: Optimizado
2026-01-06 07:54:23 - render - INFO - Iniciando frame 8 (1920x1080, 150 iter) - Modo: Optimizado
2026-01-06 07:54:23 - render - INFO - Iniciando frame 2 (1920x1080, 150 iter) - Modo: Optimizado
2026-01-06 07:54:23 - render - INFO - Iniciando frame 1 (1920x1080, 150 iter) - Modo: Optimizado
2026-01-06 07:54:23 - render - INFO - Iniciando frame 10 (1920x1080, 150 iter) - Modo: Optimizado
2026-01-06 07:54:23 - render - INFO - Iniciando frame 4 (1920x1080, 150 iter) - Modo: Optimizado
2026-01-06 07:54:23 - render - INFO - Iniciando frame 11 (1920x1080, 150 iter) - Modo: Optimizado
2026-01-06 07:54:23 - render - INFO - Iniciando frame 6 (1920x1080, 150 iter) - Modo: Optimizado
2026-01-06 07:54:23 - render - INFO - Iniciando frame 5 (1920x1080, 150 iter) - Modo: Optimizado
2026-01-06 07:54:23 - render - INFO - Iniciando frame 3 (1920x1080, 150 iter) - Modo: Optimizado
2026-01-06 07:54:23 - render - INFO - Iniciando frame 16 (1920x1080, 150 iter) - Modo: Optimizado
2026-01-06 07:54:23 - render - INFO - Iniciando frame 19 (1920x1080, 150 iter) - Modo: Optimizado
2026-01-06 07:54:23 - render - INFO - Iniciando frame 22 (1920x1080, 150 iter) - Modo: Optimizado
2026-01-06 07:54:23 - render - INFO - Iniciando frame 14 (1920x1080, 150 iter) - Modo: Optimizado
2026-01-06 07:54:23 - render - INFO - Iniciando frame 18 (1920x1080, 150 iter) - Modo: Optimizado
2026-01-06 07:54:23 - render - INFO - Iniciando frame 21 (1920x1080, 150 iter) - Modo: Optimizado
2026-01-06 07:54:23 - render - INFO - Iniciando frame 31 (1920x1080, 150 iter) - Modo: Optimizado
2026-01-06 07:54:23 - render - INFO - Iniciando frame 20 (1920x1080, 150 iter) - Modo: Optimizado
2026-01-06 07:54:23 - render - INFO - Iniciando frame 15 (1920x1080, 150 iter) - Modo: Optimizado
2026-01-06 07:54:23 - render - INFO - Iniciando frame 17 (1920x1080, 150 iter) - Modo: Optimizado
2026-01-06 07:54:23 - render - INFO - Iniciando frame 23 (1920x1080, 150 iter) - Modo: Optimizado
2026-01-06 07:54:23 - render - INFO - Iniciando frame 24 (1920x1080, 150 iter) - Modo: Optimizado
2026-01-06 07:54:23 - render - INFO - Iniciando frame 28 (1920x1080, 150 iter) - Modo: Optimizado
2026-01-06 07:54:23 - render - INFO - Iniciando frame 26 (1920x1080, 150 iter) - Modo: Optimizado
2026-01-06 07:54:23 - render - INFO - Iniciando frame 25 (1920x1080, 150 iter) - Modo: Optimizado
2026-01-06 07:54:23 - render - INFO - Iniciando frame 27 (1920x1080, 150 iter) - Modo: Optimizado
2026-01-06 07:54:23 - render - INFO - Iniciando frame 13 (1920x1080, 150 iter) - Modo: Optimizado
2026-01-06 07:54:23 - render - INFO - Iniciando frame 30 (1920x1080, 150 iter) - Modo: Optimizado
2026-01-06 07:54:23 - render - INFO - Iniciando frame 29 (1920x1080, 150 iter) - Modo: Optimizado
2026-01-06 07:54:32 - render - INFO - Frame 20 completado en 8.90s (278.0 KB)
2026-01-06 07:54:32 - render - INFO - Iniciando frame 32 (1920x1080, 150 iter) - Modo: Optimizado
2026-01-06 07:54:32 - render - INFO - Frame 6 completado en 9.37s (342.3 KB)
2026-01-06 07:54:32 - render - INFO - Frame 19 completado en 9.39s (278.3 KB)
2026-01-06 07:54:32 - render - INFO - Frame 16 completado en 9.40s (271.9 KB)
2026-01-06 07:54:32 - render - INFO - Frame 18 completado en 9.40s (273.6 KB)
2026-01-06 07:54:32 - render - INFO - Frame 4 completado en 9.44s (389.4 KB)
2026-01-06 07:54:32 - render - INFO - Frame 0 completado en 9.47s (257.2 KB)
2026-01-06 07:54:32 - render - INFO - Frame 22 completado en 9.48s (290.8 KB)
2026-01-06 07:54:32 - render - INFO - Frame 15 completado en 9.46s (263.7 KB)
2026-01-06 07:54:32 - render - INFO - Frame 28 completado en 9.47s (357.4 KB)
2026-01-06 07:54:32 - render - INFO - Frame 9 completado en 9.50s (382.3 KB)
2026-01-06 07:54:32 - render - INFO - Frame 23 completado en 9.50s (302.1 KB)
2026-01-06 07:54:32 - render - INFO - Frame 31 completado en 9.49s (408.7 KB)
2026-01-06 07:54:32 - render - INFO - Frame 7 completado en 9.50s (360.9 KB)
2026-01-06 07:54:32 - render - INFO - Frame 24 completado en 9.51s (305.8 KB)
2026-01-06 07:54:32 - render - INFO - Frame 10 completado en 9.52s (367.2 KB)
2026-01-06 07:54:32 - render - INFO - Frame 29 completado en 9.51s (380.6 KB)
2026-01-06 07:54:32 - render - INFO - Iniciando frame 34 (1920x1080, 150 iter) - Modo: Optimizado
2026-01-06 07:54:32 - render - INFO - Iniciando frame 33 (1920x1080, 150 iter) - Modo: Optimizado
2026-01-06 07:54:32 - render - INFO - Frame 11 completado en 9.55s (356.6 KB)
2026-01-06 07:54:32 - render - INFO - Frame 14 completado en 9.54s (253.9 KB)
2026-01-06 07:54:32 - render - INFO - Frame 21 completado en 9.55s (285.9 KB)
2026-01-06 07:54:32 - render - INFO - Frame 25 completado en 9.55s (317.4 KB)
2026-01-06 07:54:32 - render - INFO - Frame 2 completado en 9.56s (332.2 KB)
2026-01-06 07:54:32 - render - INFO - Iniciando frame 35 (1920x1080, 150 iter) - Modo: Optimizado
2026-01-06 07:54:32 - render - INFO - Iniciando frame 36 (1920x1080, 150 iter) - Modo: Optimizado
2026-01-06 07:54:32 - render - INFO - Iniciando frame 38 (1920x1080, 150 iter) - Modo: Optimizado
2026-01-06 07:54:32 - render - INFO - Frame 3 completado en 9.54s (366.2 KB)
2026-01-06 07:54:32 - render - INFO - Iniciando frame 37 (1920x1080, 150 iter) - Modo: Optimizado
2026-01-06 07:54:32 - render - INFO - Frame 13 completado en 9.57s (275.3 KB)
2026-01-06 07:54:32 - render - INFO - Frame 17 completado en 9.56s (269.1 KB)
2026-01-06 07:54:32 - render - INFO - Frame 30 completado en 9.54s (396.6 KB)
2026-01-06 07:54:32 - render - INFO - Frame 12 completado en 9.57s (314.8 KB)
2026-01-06 07:54:32 - render - INFO - Frame 1 completado en 9.58s (292.8 KB)
2026-01-06 07:54:32 - render - INFO - Frame 8 completado en 9.61s (382.0 KB)
2026-01-06 07:54:32 - render - INFO - Frame 5 completado en 9.59s (342.1 KB)
2026-01-06 07:54:32 - render - INFO - Frame 27 completado en 9.57s (344.1 KB)
2026-01-06 07:54:32 - render - INFO - Frame 26 completado en 9.57s (336.1 KB)
2026-01-06 07:54:32 - render - INFO - Iniciando frame 40 (1920x1080, 150 iter) - Modo: Optimizado
2026-01-06 07:54:32 - render - INFO - Iniciando frame 43 (1920x1080, 150 iter) - Modo: Optimizado
2026-01-06 07:54:32 - render - INFO - Iniciando frame 39 (1920x1080, 150 iter) - Modo: Optimizado
2026-01-06 07:54:32 - render - INFO - Iniciando frame 41 (1920x1080, 150 iter) - Modo: Optimizado
2026-01-06 07:54:32 - render - INFO - Iniciando frame 45 (1920x1080, 150 iter) - Modo: Optimizado
2026-01-06 07:54:32 - render - INFO - Iniciando frame 44 (1920x1080, 150 iter) - Modo: Optimizado
2026-01-06 07:54:32 - render - INFO - Iniciando frame 42 (1920x1080, 150 iter) - Modo: Optimizado
2026-01-06 07:54:32 - render - INFO - Iniciando frame 46 (1920x1080, 150 iter) - Modo: Optimizado
2026-01-06 07:54:33 - render - INFO - Iniciando frame 49 (1920x1080, 150 iter) - Modo: Optimizado
2026-01-06 07:54:33 - render - INFO - Iniciando frame 47 (1920x1080, 150 iter) - Modo: Optimizado
2026-01-06 07:54:33 - render - INFO - Iniciando frame 52 (1920x1080, 150 iter) - Modo: Optimizado
2026-01-06 07:54:33 - render - INFO - Iniciando frame 53 (1920x1080, 150 iter) - Modo: Optimizado
2026-01-06 07:54:33 - render - INFO - Iniciando frame 51 (1920x1080, 150 iter) - Modo: Optimizado
2026-01-06 07:54:33 - render - INFO - Iniciando frame 54 (1920x1080, 150 iter) - Modo: Optimizado
2026-01-06 07:54:33 - render - INFO - Iniciando frame 48 (1920x1080, 150 iter) - Modo: Optimizado
2026-01-06 07:54:33 - render - INFO - Iniciando frame 50 (1920x1080, 150 iter) - Modo: Optimizado
2026-01-06 07:54:33 - render - INFO - Iniciando frame 55 (1920x1080, 150 iter) - Modo: Optimizado
2026-01-06 07:54:33 - render - INFO - Iniciando frame 56 (1920x1080, 150 iter) - Modo: Optimizado
2026-01-06 07:54:33 - render - INFO - Iniciando frame 61 (1920x1080, 150 iter) - Modo: Optimizado
2026-01-06 07:54:33 - render - INFO - Iniciando frame 63 (1920x1080, 150 iter) - Modo: Optimizado
2026-01-06 07:54:33 - render - INFO - Iniciando frame 57 (1920x1080, 150 iter) - Modo: Optimizado
2026-01-06 07:54:34 - render - INFO - Iniciando frame 59 (1920x1080, 150 iter) - Modo: Optimizado
2026-01-06 07:54:34 - render - INFO - Iniciando frame 58 (1920x1080, 150 iter) - Modo: Optimizado
2026-01-06 07:54:34 - render - INFO - Iniciando frame 62 (1920x1080, 150 iter) - Modo: Optimizado
2026-01-06 07:54:34 - render - INFO - Iniciando frame 60 (1920x1080, 150 iter) - Modo: Optimizado
2026-01-06 07:54:37 - render - INFO - Frame 34 completado en 4.37s (450.7 KB)
2026-01-06 07:54:37 - render - INFO - Iniciando frame 64 (1920x1080, 150 iter) - Modo: Optimizado
2026-01-06 07:54:37 - render - INFO - Frame 32 completado en 5.81s (423.0 KB)
2026-01-06 07:54:37 - render - INFO - Iniciando frame 65 (1920x1080, 150 iter) - Modo: Optimizado
2026-01-06 07:54:40 - render - INFO - Frame 40 completado en 7.01s (356.8 KB)
2026-01-06 07:54:40 - render - INFO - Iniciando frame 66 (1920x1080, 150 iter) - Modo: Optimizado
2026-01-06 07:54:40 - render - INFO - Frame 37 completado en 7.21s (425.4 KB)
2026-01-06 07:54:40 - render - INFO - Frame 35 completado en 7.22s (446.7 KB)
2026-01-06 07:54:40 - render - INFO - Frame 36 completado en 7.22s (440.2 KB)
2026-01-06 07:54:40 - render - INFO - Frame 33 completado en 7.33s (441.9 KB)
2026-01-06 07:54:40 - render - INFO - Iniciando frame 67 (1920x1080, 150 iter) - Modo: Optimizado
2026-01-06 07:54:40 - render - INFO - Iniciando frame 68 (1920x1080, 150 iter) - Modo: Optimizado
2026-01-06 07:54:40 - render - INFO - Iniciando frame 69 (1920x1080, 150 iter) - Modo: Optimizado
2026-01-06 07:54:40 - render - INFO - Iniciando frame 70 (1920x1080, 150 iter) - Modo: Optimizado
2026-01-06 07:54:40 - render - INFO - Frame 38 completado en 7.80s (408.8 KB)
2026-01-06 07:54:40 - render - INFO - Iniciando frame 71 (1920x1080, 150 iter) - Modo: Optimizado
2026-01-06 07:54:41 - render - INFO - Frame 43 completado en 7.78s (389.8 KB)
2026-01-06 07:54:41 - render - INFO - Iniciando frame 72 (1920x1080, 150 iter) - Modo: Optimizado
2026-01-06 07:54:42 - render - INFO - Frame 47 completado en 8.19s (505.0 KB)
2026-01-06 07:54:42 - render - INFO - Frame 51 completado en 8.18s (597.4 KB)
2026-01-06 07:54:42 - render - INFO - Iniciando frame 73 (1920x1080, 150 iter) - Modo: Optimizado
2026-01-06 07:54:42 - render - INFO - Iniciando frame 74 (1920x1080, 150 iter) - Modo: Optimizado
2026-01-06 07:54:42 - render - INFO - Frame 53 completado en 8.25s (677.7 KB)
2026-01-06 07:54:42 - render - INFO - Frame 49 completado en 8.35s (537.4 KB)
2026-01-06 07:54:42 - render - INFO - Iniciando frame 75 (1920x1080, 150 iter) - Modo: Optimizado
2026-01-06 07:54:42 - render - INFO - Iniciando frame 76 (1920x1080, 150 iter) - Modo: Optimizado
2026-01-06 07:54:42 - render - INFO - Frame 54 completado en 8.46s (707.9 KB)
2026-01-06 07:54:42 - render - INFO - Frame 45 completado en 8.74s (433.9 KB)
2026-01-06 07:54:42 - render - INFO - Iniciando frame 77 (1920x1080, 150 iter) - Modo: Optimizado
2026-01-06 07:54:42 - render - INFO - Iniciando frame 78 (1920x1080, 150 iter) - Modo: Optimizado
2026-01-06 07:54:43 - render - INFO - Frame 39 completado en 9.09s (381.4 KB)
2026-01-06 07:54:43 - render - INFO - Iniciando frame 79 (1920x1080, 150 iter) - Modo: Optimizado
2026-01-06 07:54:43 - render - INFO - Frame 52 completado en 9.25s (635.7 KB)
2026-01-06 07:54:43 - render - INFO - Frame 50 completado en 9.35s (569.2 KB)
2026-01-06 07:54:43 - render - INFO - Frame 41 completado en 9.46s (355.7 KB)
2026-01-06 07:54:43 - render - INFO - Frame 42 completado en 9.53s (373.8 KB)
2026-01-06 07:54:43 - render - INFO - Iniciando frame 80 (1920x1080, 150 iter) - Modo: Optimizado
2026-01-06 07:54:43 - render - INFO - Frame 57 completado en 7.93s (759.2 KB)
2026-01-06 07:54:43 - render - INFO - Frame 44 completado en 9.53s (401.8 KB)
2026-01-06 07:54:43 - render - INFO - Frame 63 completado en 8.00s (672.1 KB)
2026-01-06 07:54:43 - render - INFO - Frame 46 completado en 9.60s (465.7 KB)
2026-01-06 07:54:43 - render - INFO - Frame 48 completado en 9.63s (517.2 KB)
2026-01-06 07:54:43 - render - INFO - Iniciando frame 82 (1920x1080, 150 iter) - Modo: Optimizado
2026-01-06 07:54:43 - render - INFO - Iniciando frame 81 (1920x1080, 150 iter) - Modo: Optimizado
2026-01-06 07:54:43 - render - INFO - Iniciando frame 84 (1920x1080, 150 iter) - Modo: Optimizado
2026-01-06 07:54:43 - render - INFO - Iniciando frame 83 (1920x1080, 150 iter) - Modo: Optimizado
2026-01-06 07:54:43 - render - INFO - Iniciando frame 85 (1920x1080, 150 iter) - Modo: Optimizado
2026-01-06 07:54:43 - render - INFO - Frame 55 completado en 8.82s (737.8 KB)
2026-01-06 07:54:43 - render - INFO - Iniciando frame 87 (1920x1080, 150 iter) - Modo: Optimizado
2026-01-06 07:54:43 - render - INFO - Iniciando frame 86 (1920x1080, 150 iter) - Modo: Optimizado
2026-01-06 07:54:43 - render - INFO - Frame 56 completado en 8.73s (756.0 KB)
2026-01-06 07:54:44 - render - INFO - Frame 60 completado en 8.88s (719.7 KB)
2026-01-06 07:54:44 - render - INFO - Frame 61 completado en 8.77s (697.1 KB)
2026-01-06 07:54:44 - render - INFO - Iniciando frame 88 (1920x1080, 150 iter) - Modo: Optimizado
2026-01-06 07:54:44 - render - INFO - Iniciando frame 89 (1920x1080, 150 iter) - Modo: Optimizado
2026-01-06 07:54:44 - render - INFO - Iniciando frame 90 (1920x1080, 150 iter) - Modo: Optimizado
2026-01-06 07:54:44 - render - INFO - Iniciando frame 91 (1920x1080, 150 iter) - Modo: Optimizado
2026-01-06 07:54:45 - render - INFO - Iniciando frame 92 (1920x1080, 150 iter) - Modo: Optimizado
2026-01-06 07:54:45 - render - INFO - Frame 62 completado en 9.78s (687.0 KB)
2026-01-06 07:54:45 - render - INFO - Frame 59 completado en 9.51s (729.7 KB)
2026-01-06 07:54:45 - render - INFO - Frame 58 completado en 9.70s (745.0 KB)
2026-01-06 07:54:45 - render - INFO - Iniciando frame 93 (1920x1080, 150 iter) - Modo: Optimizado
2026-01-06 07:54:45 - render - INFO - Iniciando frame 94 (1920x1080, 150 iter) - Modo: Optimizado
2026-01-06 07:54:45 - render - INFO - Iniciando frame 95 (1920x1080, 150 iter) - Modo: Optimizado
2026-01-06 07:54:45 - render - INFO - Frame 64 completado en 8.40s (650.4 KB)
2026-01-06 07:54:46 - render - INFO - Iniciando frame 96 (1920x1080, 150 iter) - Modo: Optimizado
2026-01-06 07:54:46 - render - INFO - Frame 65 completado en 8.75s (629.5 KB)
2026-01-06 07:54:46 - render - INFO - Iniciando frame 97 (1920x1080, 150 iter) - Modo: Optimizado
2026-01-06 07:54:49 - render - INFO - Frame 69 completado en 8.57s (607.6 KB)
2026-01-06 07:54:49 - render - INFO - Iniciando frame 98 (1920x1080, 150 iter) - Modo: Optimizado
2026-01-06 07:54:49 - render - INFO - Frame 68 completado en 9.02s (602.1 KB)
2026-01-06 07:54:49 - render - INFO - Iniciando frame 99 (1920x1080, 150 iter) - Modo: Optimizado
2026-01-06 07:54:49 - render - INFO - Frame 66 completado en 9.45s (594.8 KB)
2026-01-06 07:54:49 - render - INFO - Frame 67 completado en 9.41s (584.5 KB)
2026-01-06 07:54:49 - render - INFO - Frame 70 completado en 9.32s (624.2 KB)
2026-01-06 07:54:50 - render - INFO - Frame 71 completado en 8.95s (652.0 KB)
2026-01-06 07:54:50 - render - INFO - Frame 73 completado en 8.65s (677.2 KB)
2026-01-06 07:54:50 - render - INFO - Frame 72 completado en 9.23s (667.9 KB)
2026-01-06 07:54:51 - render - INFO - Frame 79 completado en 7.84s (779.2 KB)
2026-01-06 07:54:51 - render - INFO - Frame 76 completado en 8.66s (695.8 KB)
2026-01-06 07:54:51 - render - INFO - Frame 80 completado en 7.60s (808.7 KB)
2026-01-06 07:54:51 - render - INFO - Frame 75 completado en 8.83s (687.0 KB)
2026-01-06 07:54:51 - render - INFO - Frame 74 completado en 9.01s (688.4 KB)
2026-01-06 07:54:51 - render - INFO - Frame 78 completado en 8.35s (731.0 KB)
2026-01-06 07:54:51 - render - INFO - Frame 77 completado en 8.48s (706.0 KB)
2026-01-06 07:54:51 - render - INFO - Frame 84 completado en 7.72s (832.8 KB)
2026-01-06 07:54:51 - render - INFO - Frame 83 completado en 7.84s (863.7 KB)
2026-01-06 07:54:51 - render - INFO - Frame 82 completado en 7.85s (833.5 KB)
2026-01-06 07:54:51 - render - INFO - Frame 85 completado en 7.90s (797.2 KB)
2026-01-06 07:54:51 - render - INFO - Frame 89 completado en 6.94s (655.5 KB)
2026-01-06 07:54:51 - render - INFO - Frame 88 completado en 6.94s (678.1 KB)
2026-01-06 07:54:51 - render - INFO - Frame 81 completado en 8.06s (817.6 KB)
2026-01-06 07:54:51 - render - INFO - Frame 86 completado en 7.73s (759.8 KB)
2026-01-06 07:54:51 - render - INFO - Frame 91 completado en 6.67s (635.2 KB)
2026-01-06 07:54:51 - render - INFO - Frame 87 completado en 7.91s (718.0 KB)
2026-01-06 07:54:52 - render - INFO - Frame 94 completado en 6.23s (579.3 KB)
2026-01-06 07:54:52 - render - INFO - Frame 92 completado en 6.81s (629.2 KB)
2026-01-06 07:54:52 - render - INFO - Frame 93 completado en 6.23s (605.9 KB)
2026-01-06 07:54:52 - render - INFO - Frame 96 completado en 5.76s (519.6 KB)
2026-01-06 07:54:52 - render - INFO - Frame 95 completado en 6.27s (543.8 KB)
2026-01-06 07:54:52 - render - INFO - Frame 90 completado en 6.86s (648.4 KB)
2026-01-06 07:54:52 - render - INFO - Frame 97 completado en 5.24s (503.2 KB)
2026-01-06 07:54:52 - render - INFO - Frame 98 completado en 3.10s (477.2 KB)
2026-01-06 07:54:52 - render - INFO - Frame 99 completado en 2.67s (468.2 KB)
2026-01-06 07:57:21 - render - INFO - Frame 0 obtenido del caché
2026-01-06 07:57:21 - render - INFO - Frame 2 obtenido del caché
2026-01-06 07:57:21 - render - INFO - Frame 1 obtenido del caché
2026-01-06 07:57:21 - render - INFO - Frame 25 obtenido del caché
2026-01-06 07:57:21 - render - INFO - Frame 5 obtenido del caché
2026-01-06 07:57:21 - render - INFO - Frame 6 obtenido del caché
2026-01-06 07:57:21 - render - INFO - Frame 4 obtenido del caché
2026-01-06 07:57:21 - render - INFO - Frame 3 obtenido del caché
2026-01-06 07:57:21 - render - INFO - Frame 7 obtenido del caché
2026-01-06 07:57:21 - render - INFO - Frame 29 obtenido del caché
2026-01-06 07:57:21 - render - INFO - Frame 8 obtenido del caché
2026-01-06 07:57:21 - render - INFO - Frame 10 obtenido del caché
2026-01-06 07:57:21 - render - INFO - Frame 9 obtenido del caché
2026-01-06 07:57:21 - render - INFO - Frame 19 obtenido del caché
2026-01-06 07:57:21 - render - INFO - Frame 17 obtenido del caché
2026-01-06 07:57:21 - render - INFO - Frame 12 obtenido del caché
2026-01-06 07:57:21 - render - INFO - Frame 11 obtenido del caché
2026-01-06 07:57:21 - render - INFO - Frame 15 obtenido del caché
2026-01-06 07:57:21 - render - INFO - Frame 24 obtenido del caché
2026-01-06 07:57:21 - render - INFO - Frame 14 obtenido del caché
2026-01-06 07:57:21 - render - INFO - Frame 20 obtenido del caché
2026-01-06 07:57:21 - render - INFO - Frame 16 obtenido del caché
2026-01-06 07:57:21 - render - INFO - Frame 13 obtenido del caché
2026-01-06 07:57:21 - render - INFO - Frame 18 obtenido del caché
2026-01-06 07:57:21 - render - INFO - Frame 23 obtenido del caché
2026-01-06 07:57:21 - render - INFO - Frame 22 obtenido del caché
2026-01-06 07:57:21 - render - INFO - Frame 21 obtenido del caché
2026-01-06 07:57:21 - render - INFO - Frame 26 obtenido del caché
2026-01-06 07:57:21 - render - INFO - Frame 27 obtenido del caché
2026-01-06 07:57:21 - render - INFO - Frame 31 obtenido del caché
2026-01-06 07:57:21 - render - INFO - Frame 28 obtenido del caché
2026-01-06 07:57:21 - render - INFO - Frame 30 obtenido del caché
2026-01-06 07:57:21 - render - INFO - Frame 32 obtenido del caché
2026-01-06 07:57:22 - render - INFO - Frame 33 obtenido del caché
2026-01-06 07:57:22 - render - INFO - Frame 35 obtenido del caché
2026-01-06 07:57:22 - render - INFO - Frame 36 obtenido del caché
2026-01-06 07:57:22 - render - INFO - Frame 34 obtenido del caché
2026-01-06 07:57:22 - render - INFO - Frame 48 obtenido del caché
2026-01-06 07:57:22 - render - INFO - Frame 40 obtenido del caché
2026-01-06 07:57:22 - render - INFO - Frame 47 obtenido del caché
2026-01-06 07:57:22 - render - INFO - Frame 45 obtenido del caché
2026-01-06 07:57:22 - render - INFO - Frame 43 obtenido del caché
2026-01-06 07:57:22 - render - INFO - Frame 42 obtenido del caché
2026-01-06 07:57:22 - render - INFO - Frame 37 obtenido del caché
2026-01-06 07:57:22 - render - INFO - Frame 44 obtenido del caché
2026-01-06 07:57:22 - render - INFO - Frame 41 obtenido del caché
2026-01-06 07:57:22 - render - INFO - Frame 49 obtenido del caché
2026-01-06 07:57:22 - render - INFO - Frame 46 obtenido del caché
2026-01-06 07:57:22 - render - INFO - Frame 38 obtenido del caché
2026-01-06 07:57:22 - render - INFO - Frame 39 obtenido del caché
2026-01-06 07:57:22 - render - INFO - Frame 50 obtenido del caché
2026-01-06 07:57:22 - render - INFO - Frame 56 obtenido del caché
2026-01-06 07:57:22 - render - INFO - Frame 57 obtenido del caché
2026-01-06 07:57:22 - render - INFO - Frame 66 obtenido del caché
2026-01-06 07:57:22 - render - INFO - Frame 60 obtenido del caché
2026-01-06 07:57:22 - render - INFO - Frame 54 obtenido del caché
2026-01-06 07:57:22 - render - INFO - Frame 65 obtenido del caché
2026-01-06 07:57:22 - render - INFO - Frame 59 obtenido del caché
2026-01-06 07:57:22 - render - INFO - Frame 55 obtenido del caché
2026-01-06 07:57:22 - render - INFO - Frame 51 obtenido del caché
2026-01-06 07:57:22 - render - INFO - Frame 64 obtenido del caché
2026-01-06 07:57:22 - render - INFO - Frame 58 obtenido del caché
2026-01-06 07:57:22 - render - INFO - Frame 52 obtenido del caché
2026-01-06 07:57:22 - render - INFO - Frame 63 obtenido del caché
2026-01-06 07:57:22 - render - INFO - Frame 67 obtenido del caché
2026-01-06 07:57:22 - render - INFO - Frame 53 obtenido del caché
2026-01-06 07:57:22 - render - INFO - Frame 62 obtenido del caché
2026-01-06 07:57:22 - render - INFO - Frame 61 obtenido del caché
2026-01-06 07:57:22 - render - INFO - Frame 70 obtenido del caché
2026-01-06 07:57:22 - render - INFO - Frame 68 obtenido del caché
2026-01-06 07:57:22 - render - INFO - Frame 72 obtenido del caché
2026-01-06 07:57:22 - render - INFO - Frame 71 obtenido del caché
2026-01-06 07:57:22 - render - INFO - Frame 73 obtenido del caché
2026-01-06 07:57:22 - render - INFO - Frame 69 obtenido del caché
2026-01-06 07:57:22 - render - INFO - Frame 76 obtenido del caché
2026-01-06 07:57:22 - render - INFO - Frame 74 obtenido del caché
2026-01-06 07:57:22 - render - INFO - Frame 75 obtenido del caché
2026-01-06 07:57:22 - render - INFO - Frame 79 obtenido del caché
2026-01-06 07:57:22 - render - INFO - Frame 78 obtenido del caché
2026-01-06 07:57:22 - render - INFO - Frame 87 obtenido del caché
2026-01-06 07:57:22 - render - INFO - Frame 81 obtenido del caché
2026-01-06 07:57:22 - render - INFO - Frame 77 obtenido del caché
2026-01-06 07:57:22 - render - INFO - Frame 85 obtenido del caché
2026-01-06 07:57:22 - render - INFO - Frame 84 obtenido del caché
2026-01-06 07:57:22 - render - INFO - Frame 83 obtenido del caché
2026-01-06 07:57:22 - render - INFO - Frame 88 obtenido del caché
2026-01-06 07:57:22 - render - INFO - Frame 80 obtenido del caché
2026-01-06 07:57:22 - render - INFO - Frame 86 obtenido del caché
2026-01-06 07:57:22 - render - INFO - Frame 82 obtenido del caché
2026-01-06 07:57:22 - render - INFO - Frame 91 obtenido del caché
2026-01-06 07:57:22 - render - INFO - Frame 96 obtenido del caché
2026-01-06 07:57:22 - render - INFO - Frame 97 obtenido del caché
2026-01-06 07:57:22 - render - INFO - Frame 93 obtenido del caché
2026-01-06 07:57:22 - render - INFO - Frame 90 obtenido del caché
2026-01-06 07:57:22 - render - INFO - Frame 95 obtenido del caché
2026-01-06 07:57:22 - render - INFO - Frame 92 obtenido del caché
2026-01-06 07:57:22 - render - INFO - Frame 98 obtenido del caché
2026-01-06 07:57:22 - render - INFO - Frame 99 obtenido del caché
2026-01-06 07:57:22 - render - INFO - Frame 89 obtenido del caché
2026-01-06 07:57:22 - render - INFO - Frame 94 obtenido del caché
2026-01-06 07:58:02 - render - INFO - Iniciando frame 0 (1920x1080, 150 iter) - Modo: Optimizado
2026-01-06 07:58:02 - render - INFO - Iniciando frame 5 (1920x1080, 150 iter) - Modo: Optimizado
2026-01-06 07:58:02 - render - INFO - Iniciando frame 2 (1920x1080, 150 iter) - Modo: Optimizado
2026-01-06 07:58:02 - render - INFO - Iniciando frame 3 (1920x1080, 150 iter) - Modo: Optimizado
2026-01-06 07:58:02 - render - INFO - Iniciando frame 1 (1920x1080, 150 iter) - Modo: Optimizado
2026-01-06 07:58:02 - render - INFO - Iniciando frame 13 (1920x1080, 150 iter) - Modo: Optimizado
2026-01-06 07:58:02 - render - INFO - Iniciando frame 6 (1920x1080, 150 iter) - Modo: Optimizado
2026-01-06 07:58:02 - render - INFO - Iniciando frame 7 (1920x1080, 150 iter) - Modo: Optimizado
2026-01-06 07:58:02 - render - INFO - Iniciando frame 9 (1920x1080, 150 iter) - Modo: Optimizado
2026-01-06 07:58:02 - render - INFO - Iniciando frame 10 (1920x1080, 150 iter) - Modo: Optimizado
2026-01-06 07:58:02 - render - INFO - Iniciando frame 11 (1920x1080, 150 iter) - Modo: Optimizado
2026-01-06 07:58:02 - render - INFO - Iniciando frame 12 (1920x1080, 150 iter) - Modo: Optimizado
2026-01-06 07:58:02 - render - INFO - Iniciando frame 16 (1920x1080, 150 iter) - Modo: Optimizado
2026-01-06 07:58:02 - render - INFO - Iniciando frame 21 (1920x1080, 150 iter) - Modo: Optimizado
2026-01-06 07:58:02 - render - INFO - Iniciando frame 20 (1920x1080, 150 iter) - Modo: Optimizado
2026-01-06 07:58:02 - render - INFO - Iniciando frame 15 (1920x1080, 150 iter) - Modo: Optimizado
2026-01-06 07:58:02 - render - INFO - Iniciando frame 26 (1920x1080, 150 iter) - Modo: Optimizado
2026-01-06 07:58:02 - render - INFO - Iniciando frame 28 (1920x1080, 150 iter) - Modo: Optimizado
2026-01-06 07:58:02 - render - INFO - Iniciando frame 31 (1920x1080, 150 iter) - Modo: Optimizado
2026-01-06 07:58:02 - render - INFO - Iniciando frame 4 (1920x1080, 150 iter) - Modo: Optimizado
2026-01-06 07:58:02 - render - INFO - Iniciando frame 8 (1920x1080, 150 iter) - Modo: Optimizado
2026-01-06 07:58:02 - render - INFO - Iniciando frame 14 (1920x1080, 150 iter) - Modo: Optimizado
2026-01-06 07:58:02 - render - INFO - Iniciando frame 19 (1920x1080, 150 iter) - Modo: Optimizado
2026-01-06 07:58:02 - render - INFO - Iniciando frame 18 (1920x1080, 150 iter) - Modo: Optimizado
2026-01-06 07:58:02 - render - INFO - Iniciando frame 22 (1920x1080, 150 iter) - Modo: Optimizado
2026-01-06 07:58:02 - render - INFO - Iniciando frame 23 (1920x1080, 150 iter) - Modo: Optimizado
2026-01-06 07:58:02 - render - INFO - Iniciando frame 24 (1920x1080, 150 iter) - Modo: Optimizado
2026-01-06 07:58:02 - render - INFO - Iniciando frame 29 (1920x1080, 150 iter) - Modo: Optimizado
2026-01-06 07:58:02 - render - INFO - Iniciando frame 25 (1920x1080, 150 iter) - Modo: Optimizado
2026-01-06 07:58:02 - render - INFO - Iniciando frame 30 (1920x1080, 150 iter) - Modo: Optimizado
2026-01-06 07:58:02 - render - INFO - Iniciando frame 27 (1920x1080, 150 iter) - Modo: Optimizado
2026-01-06 07:58:02 - render - INFO - Iniciando frame 17 (1920x1080, 150 iter) - Modo: Optimizado
2026-01-06 07:58:09 - render - INFO - Frame 21 completado en 7.78s (285.9 KB)
2026-01-06 07:58:09 - render - INFO - Iniciando frame 32 (1920x1080, 150 iter) - Modo: Optimizado
2026-01-06 07:58:10 - render - INFO - Frame 13 completado en 8.10s (275.3 KB)
2026-01-06 07:58:10 - render - INFO - Iniciando frame 33 (1920x1080, 150 iter) - Modo: Optimizado
2026-01-06 07:58:10 - render - INFO - Frame 11 completado en 8.13s (356.6 KB)
2026-01-06 07:58:10 - render - INFO - Frame 26 completado en 8.26s (336.1 KB)
2026-01-06 07:58:10 - render - INFO - Frame 24 completado en 8.26s (305.8 KB)
2026-01-06 07:58:10 - render - INFO - Frame 17 completado en 8.27s (269.1 KB)
2026-01-06 07:58:10 - render - INFO - Frame 19 completado en 8.28s (278.3 KB)
2026-01-06 07:58:10 - render - INFO - Frame 25 completado en 8.27s (317.4 KB)
2026-01-06 07:58:10 - render - INFO - Frame 29 completado en 8.29s (380.6 KB)
2026-01-06 07:58:10 - render - INFO - Iniciando frame 34 (1920x1080, 150 iter) - Modo: Optimizado
2026-01-06 07:58:10 - render - INFO - Iniciando frame 35 (1920x1080, 150 iter) - Modo: Optimizado
2026-01-06 07:58:10 - render - INFO - Iniciando frame 36 (1920x1080, 150 iter) - Modo: Optimizado
2026-01-06 07:58:10 - render - INFO - Iniciando frame 37 (1920x1080, 150 iter) - Modo: Optimizado
2026-01-06 07:58:10 - render - INFO - Iniciando frame 38 (1920x1080, 150 iter) - Modo: Optimizado
2026-01-06 07:58:10 - render - INFO - Iniciando frame 39 (1920x1080, 150 iter) - Modo: Optimizado
2026-01-06 07:58:10 - render - INFO - Iniciando frame 40 (1920x1080, 150 iter) - Modo: Optimizado
2026-01-06 07:58:10 - render - INFO - Frame 16 completado en 8.65s (271.9 KB)
2026-01-06 07:58:10 - render - INFO - Frame 20 completado en 8.68s (278.0 KB)
2026-01-06 07:58:11 - render - INFO - Frame 27 completado en 8.66s (344.1 KB)
2026-01-06 07:58:11 - render - INFO - Iniciando frame 41 (1920x1080, 150 iter) - Modo: Optimizado
2026-01-06 07:58:11 - render - INFO - Frame 23 completado en 8.90s (302.1 KB)
2026-01-06 07:58:11 - render - INFO - Iniciando frame 42 (1920x1080, 150 iter) - Modo: Optimizado
2026-01-06 07:58:11 - render - INFO - Iniciando frame 43 (1920x1080, 150 iter) - Modo: Optimizado
2026-01-06 07:58:11 - render - INFO - Frame 18 completado en 9.26s (273.6 KB)
2026-01-06 07:58:11 - render - INFO - Frame 22 completado en 9.26s (290.8 KB)
2026-01-06 07:58:11 - render - INFO - Frame 14 completado en 9.26s (253.9 KB)
2026-01-06 07:58:11 - render - INFO - Frame 28 completado en 9.30s (357.4 KB)
2026-01-06 07:58:11 - render - INFO - Frame 30 completado en 9.29s (396.6 KB)
2026-01-06 07:58:11 - render - INFO - Frame 6 completado en 9.31s (342.3 KB)
2026-01-06 07:58:11 - render - INFO - Frame 0 completado en 9.36s (257.2 KB)
2026-01-06 07:58:11 - render - INFO - Frame 10 completado en 9.34s (367.2 KB)
2026-01-06 07:58:11 - render - INFO - Frame 5 completado en 9.37s (342.1 KB)
2026-01-06 07:58:11 - render - INFO - Frame 12 completado en 9.34s (314.8 KB)
2026-01-06 07:58:11 - render - INFO - Frame 3 completado en 9.38s (366.2 KB)
2026-01-06 07:58:11 - render - INFO - Frame 15 completado en 9.34s (263.7 KB)
2026-01-06 07:58:11 - render - INFO - Frame 2 completado en 9.38s (332.2 KB)
2026-01-06 07:58:11 - render - INFO - Iniciando frame 44 (1920x1080, 150 iter) - Modo: Optimizado
2026-01-06 07:58:11 - render - INFO - Frame 31 completado en 9.34s (408.7 KB)
2026-01-06 07:58:11 - render - INFO - Frame 9 completado en 9.38s (382.3 KB)
2026-01-06 07:58:11 - render - INFO - Frame 8 completado en 9.36s (382.0 KB)
2026-01-06 07:58:11 - render - INFO - Frame 4 completado en 9.34s (389.4 KB)
2026-01-06 07:58:11 - render - INFO - Frame 7 completado en 9.37s (360.9 KB)
2026-01-06 07:58:11 - render - INFO - Frame 1 completado en 9.39s (292.8 KB)
2026-01-06 07:58:11 - render - INFO - Iniciando frame 47 (1920x1080, 150 iter) - Modo: Optimizado
2026-01-06 07:58:11 - render - INFO - Iniciando frame 48 (1920x1080, 150 iter) - Modo: Optimizado
2026-01-06 07:58:11 - render - INFO - Iniciando frame 49 (1920x1080, 150 iter) - Modo: Optimizado
2026-01-06 07:58:11 - render - INFO - Iniciando frame 46 (1920x1080, 150 iter) - Modo: Optimizado
2026-01-06 07:58:11 - render - INFO - Iniciando frame 45 (1920x1080, 150 iter) - Modo: Optimizado
2026-01-06 07:58:11 - render - INFO - Iniciando frame 50 (1920x1080, 150 iter) - Modo: Optimizado
2026-01-06 07:58:11 - render - INFO - Iniciando frame 53 (1920x1080, 150 iter) - Modo: Optimizado
2026-01-06 07:58:11 - render - INFO - Iniciando frame 52 (1920x1080, 150 iter) - Modo: Optimizado
2026-01-06 07:58:11 - render - INFO - Iniciando frame 51 (1920x1080, 150 iter) - Modo: Optimizado
2026-01-06 07:58:11 - render - INFO - Iniciando frame 54 (1920x1080, 150 iter) - Modo: Optimizado
2026-01-06 07:58:12 - render - INFO - Iniciando frame 61 (1920x1080, 150 iter) - Modo: Optimizado
2026-01-06 07:58:12 - render - INFO - Iniciando frame 55 (1920x1080, 150 iter) - Modo: Optimizado
2026-01-06 07:58:12 - render - INFO - Iniciando frame 57 (1920x1080, 150 iter) - Modo: Optimizado
2026-01-06 07:58:12 - render - INFO - Iniciando frame 56 (1920x1080, 150 iter) - Modo: Optimizado
2026-01-06 07:58:12 - render - INFO - Iniciando frame 59 (1920x1080, 150 iter) - Modo: Optimizado
2026-01-06 07:58:12 - render - INFO - Iniciando frame 63 (1920x1080, 150 iter) - Modo: Optimizado
2026-01-06 07:58:12 - render - INFO - Iniciando frame 62 (1920x1080, 150 iter) - Modo: Optimizado
2026-01-06 07:58:12 - render - INFO - Iniciando frame 58 (1920x1080, 150 iter) - Modo: Optimizado
2026-01-06 07:58:12 - render - INFO - Iniciando frame 60 (1920x1080, 150 iter) - Modo: Optimizado
2026-01-06 07:58:13 - render - INFO - Frame 32 completado en 2.96s (423.0 KB)
2026-01-06 07:58:14 - render - INFO - Iniciando frame 64 (1920x1080, 150 iter) - Modo: Optimizado
2026-01-06 07:58:17 - render - INFO - Frame 37 completado en 7.22s (425.4 KB)
2026-01-06 07:58:17 - render - INFO - Iniciando frame 65 (1920x1080, 150 iter) - Modo: Optimizado
2026-01-06 07:58:17 - render - INFO - Frame 33 completado en 7.66s (441.9 KB)
2026-01-06 07:58:18 - render - INFO - Iniciando frame 66 (1920x1080, 150 iter) - Modo: Optimizado
2026-01-06 07:58:18 - render - INFO - Frame 39 completado en 7.23s (381.4 KB)
2026-01-06 07:58:18 - render - INFO - Iniciando frame 67 (1920x1080, 150 iter) - Modo: Optimizado
2026-01-06 07:58:18 - render - INFO - Frame 36 completado en 7.68s (440.2 KB)
2026-01-06 07:58:18 - render - INFO - Iniciando frame 68 (1920x1080, 150 iter) - Modo: Optimizado
2026-01-06 07:58:18 - render - INFO - Frame 38 completado en 7.85s (408.8 KB)
2026-01-06 07:58:18 - render - INFO - Frame 35 completado en 8.04s (446.7 KB)
2026-01-06 07:58:18 - render - INFO - Iniciando frame 69 (1920x1080, 150 iter) - Modo: Optimizado
2026-01-06 07:58:18 - render - INFO - Frame 40 completado en 7.77s (356.8 KB)
2026-01-06 07:58:18 - render - INFO - Frame 41 completado en 7.18s (355.7 KB)
2026-01-06 07:58:18 - render - INFO - Frame 34 completado en 8.10s (450.7 KB)
2026-01-06 07:58:18 - render - INFO - Frame 44 completado en 7.05s (401.8 KB)
2026-01-06 07:58:18 - render - INFO - Iniciando frame 70 (1920x1080, 150 iter) - Modo: Optimizado
2026-01-06 07:58:18 - render - INFO - Iniciando frame 71 (1920x1080, 150 iter) - Modo: Optimizado
2026-01-06 07:58:18 - render - INFO - Iniciando frame 73 (1920x1080, 150 iter) - Modo: Optimizado
2026-01-06 07:58:18 - render - INFO - Iniciando frame 72 (1920x1080, 150 iter) - Modo: Optimizado
2026-01-06 07:58:18 - render - INFO - Frame 42 completado en 7.21s (373.8 KB)
2026-01-06 07:58:19 - render - INFO - Iniciando frame 74 (1920x1080, 150 iter) - Modo: Optimizado
2026-01-06 07:58:19 - render - INFO - Iniciando frame 75 (1920x1080, 150 iter) - Modo: Optimizado
2026-01-06 07:58:19 - render - INFO - Frame 49 completado en 7.51s (537.4 KB)
2026-01-06 07:58:19 - render - INFO - Iniciando frame 76 (1920x1080, 150 iter) - Modo: Optimizado
2026-01-06 07:58:19 - render - INFO - Frame 47 completado en 7.86s (505.0 KB)
2026-01-06 07:58:19 - render - INFO - Frame 43 completado en 8.33s (389.8 KB)
2026-01-06 07:58:19 - render - INFO - Frame 46 completado en 7.85s (465.7 KB)
2026-01-06 07:58:19 - render - INFO - Frame 48 completado en 7.86s (517.2 KB)
2026-01-06 07:58:19 - render - INFO - Iniciando frame 77 (1920x1080, 150 iter) - Modo: Optimizado
2026-01-06 07:58:19 - render - INFO - Frame 53 completado en 7.93s (677.7 KB)
2026-01-06 07:58:19 - render - INFO - Frame 45 completado en 7.92s (433.9 KB)
2026-01-06 07:58:19 - render - INFO - Iniciando frame 78 (1920x1080, 150 iter) - Modo: Optimizado
2026-01-06 07:58:19 - render - INFO - Iniciando frame 79 (1920x1080, 150 iter) - Modo: Optimizado
2026-01-06 07:58:20 - render - INFO - Iniciando frame 80 (1920x1080, 150 iter) - Modo: Optimizado
2026-01-06 07:58:20 - render - INFO - Frame 54 completado en 7.76s (707.9 KB)
2026-01-06 07:58:20 - render - INFO - Frame 64 completado en 5.86s (650.4 KB)
2026-01-06 07:58:20 - render - INFO - Iniciando frame 81 (1920x1080, 150 iter) - Modo: Optimizado
2026-01-06 07:58:20 - render - INFO - Iniciando frame 82 (1920x1080, 150 iter) - Modo: Optimizado
2026-01-06 07:58:20 - render - INFO - Frame 58 completado en 7.41s (745.0 KB)
2026-01-06 07:58:20 - render - INFO - Frame 50 completado en 8.25s (569.2 KB)
2026-01-06 07:58:20 - render - INFO - Iniciando frame 83 (1920x1080, 150 iter) - Modo: Optimizado
2026-01-06 07:58:20 - render - INFO - Iniciando frame 84 (1920x1080, 150 iter) - Modo: Optimizado
2026-01-06 07:58:20 - render - INFO - Iniciando frame 85 (1920x1080, 150 iter) - Modo: Optimizado
2026-01-06 07:58:20 - render - INFO - Iniciando frame 86 (1920x1080, 150 iter) - Modo: Optimizado
2026-01-06 07:58:20 - render - INFO - Frame 59 completado en 7.73s (729.7 KB)
2026-01-06 07:58:21 - render - INFO - Frame 52 completado en 8.36s (635.7 KB)
2026-01-06 07:58:21 - render - INFO - Iniciando frame 88 (1920x1080, 150 iter) - Modo: Optimizado
2026-01-06 07:58:21 - render - INFO - Iniciando frame 87 (1920x1080, 150 iter) - Modo: Optimizado
2026-01-06 07:58:21 - render - INFO - Frame 56 completado en 8.60s (756.0 KB)
2026-01-06 07:58:22 - render - INFO - Iniciando frame 89 (1920x1080, 150 iter) - Modo: Optimizado
2026-01-06 07:58:22 - render - INFO - Frame 63 completado en 9.12s (672.1 KB)
2026-01-06 07:58:22 - render - INFO - Frame 55 completado en 9.16s (737.8 KB)
2026-01-06 07:58:22 - render - INFO - Frame 51 completado en 9.81s (597.4 KB)
2026-01-06 07:58:22 - render - INFO - Frame 61 completado en 9.18s (697.1 KB)
2026-01-06 07:58:22 - render - INFO - Frame 60 completado en 9.20s (719.7 KB)
2026-01-06 07:58:22 - render - INFO - Frame 62 completado en 9.18s (687.0 KB)
2026-01-06 07:58:22 - render - INFO - Frame 57 completado en 9.27s (759.2 KB)
2026-01-06 07:58:22 - render - INFO - Iniciando frame 90 (1920x1080, 150 iter) - Modo: Optimizado
2026-01-06 07:58:22 - render - INFO - Iniciando frame 92 (1920x1080, 150 iter) - Modo: Optimizado
2026-01-06 07:58:22 - render - INFO - Iniciando frame 91 (1920x1080, 150 iter) - Modo: Optimizado
2026-01-06 07:58:22 - render - INFO - Iniciando frame 93 (1920x1080, 150 iter) - Modo: Optimizado
2026-01-06 07:58:22 - render - INFO - Iniciando frame 95 (1920x1080, 150 iter) - Modo: Optimizado
2026-01-06 07:58:22 - render - INFO - Iniciando frame 94 (1920x1080, 150 iter) - Modo: Optimizado
2026-01-06 07:58:22 - render - INFO - Iniciando frame 96 (1920x1080, 150 iter) - Modo: Optimizado
2026-01-06 07:58:26 - render - INFO - Frame 67 completado en 7.95s (584.5 KB)
2026-01-06 07:58:26 - render - INFO - Iniciando frame 97 (1920x1080, 150 iter) - Modo: Optimizado
2026-01-06 07:58:26 - render - INFO - Frame 65 completado en 8.82s (629.5 KB)
2026-01-06 07:58:26 - render - INFO - Iniciando frame 98 (1920x1080, 150 iter) - Modo: Optimizado
2026-01-06 07:58:27 - render - INFO - Frame 68 completado en 9.31s (602.1 KB)
2026-01-06 07:58:27 - render - INFO - Iniciando frame 99 (1920x1080, 150 iter) - Modo: Optimizado
2026-01-06 07:58:28 - render - INFO - Frame 72 completado en 8.90s (667.9 KB)
2026-01-06 07:58:28 - render - INFO - Frame 71 completado en 9.52s (652.0 KB)
2026-01-06 07:58:28 - render - INFO - Frame 74 completado en 9.13s (688.4 KB)
2026-01-06 07:58:28 - render - INFO - Frame 66 completado en 10.51s (594.8 KB)
2026-01-06 07:58:28 - render - INFO - Frame 70 completado en 9.92s (624.2 KB)
2026-01-06 07:58:28 - render - INFO - Frame 69 completado en 10.03s (607.6 KB)
2026-01-06 07:58:28 - render - INFO - Frame 73 completado en 9.83s (677.2 KB)
2026-01-06 07:58:28 - render - INFO - Frame 75 completado en 9.45s (687.0 KB)
2026-01-06 07:58:29 - render - INFO - Frame 76 completado en 9.09s (695.8 KB)
2026-01-06 07:58:29 - render - INFO - Frame 78 completado en 9.18s (731.0 KB)
2026-01-06 07:58:29 - render - INFO - Frame 84 completado en 8.64s (832.8 KB)
2026-01-06 07:58:29 - render - INFO - Frame 77 completado en 9.34s (706.0 KB)
2026-01-06 07:58:29 - render - INFO - Frame 80 completado en 9.34s (808.7 KB)
2026-01-06 07:58:29 - render - INFO - Frame 81 completado en 9.24s (817.6 KB)
2026-01-06 07:58:29 - render - INFO - Frame 83 completado en 9.14s (863.7 KB)
2026-01-06 07:58:29 - render - INFO - Frame 79 completado en 9.69s (779.2 KB)
2026-01-06 07:58:29 - render - INFO - Frame 82 completado en 9.41s (833.5 KB)
2026-01-06 07:58:29 - render - INFO - Frame 85 completado en 8.80s (797.2 KB)
2026-01-06 07:58:29 - render - INFO - Frame 88 completado en 8.33s (678.1 KB)
2026-01-06 07:58:29 - render - INFO - Frame 86 completado en 8.68s (759.8 KB)
2026-01-06 07:58:30 - render - INFO - Frame 87 completado en 8.49s (718.0 KB)
2026-01-06 07:58:30 - render - INFO - Frame 91 completado en 7.74s (635.2 KB)
2026-01-06 07:58:30 - render - INFO - Frame 89 completado en 7.94s (655.5 KB)
2026-01-06 07:58:30 - render - INFO - Frame 93 completado en 7.53s (605.9 KB)
2026-01-06 07:58:30 - render - INFO - Frame 96 completado en 7.38s (519.6 KB)
2026-01-06 07:58:30 - render - INFO - Frame 95 completado en 7.59s (543.8 KB)
2026-01-06 07:58:30 - render - INFO - Frame 94 completado en 7.78s (579.3 KB)
2026-01-06 07:58:30 - render - INFO - Frame 90 completado en 7.84s (648.4 KB)
2026-01-06 07:58:30 - render - INFO - Frame 92 completado en 7.92s (629.2 KB)
2026-01-06 07:58:30 - render - INFO - Frame 98 completado en 3.45s (477.2 KB)
2026-01-06 07:58:30 - render - INFO - Frame 97 completado en 4.00s (503.2 KB)
2026-01-06 07:58:30 - render - INFO - Frame 99 completado en 2.50s (468.2 KB)
2026-01-06 08:01:40 - render - INFO - Frame 0 obtenido del caché
2026-01-06 08:01:40 - render - INFO - Frame 5 obtenido del caché
2026-01-06 08:01:40 - render - INFO - Frame 1 obtenido del caché
2026-01-06 08:01:40 - render - INFO - Frame 8 obtenido del caché
2026-01-06 08:01:40 - render - INFO - Frame 2 obtenido del caché
2026-01-06 08:01:41 - render - INFO - Frame 4 obtenido del caché
2026-01-06 08:01:41 - render - INFO - Frame 3 obtenido del caché
2026-01-06 08:01:41 - render - INFO - Frame 16 obtenido del caché
2026-01-06 08:01:41 - render - INFO - Frame 11 obtenido del caché
2026-01-06 08:01:41 - render - INFO - Frame 12 obtenido del caché
2026-01-06 08:01:41 - render - INFO - Frame 10 obtenido del caché
2026-01-06 08:01:41 - render - INFO - Frame 9 obtenido del caché
2026-01-06 08:01:41 - render - INFO - Frame 7 obtenido del caché
2026-01-06 08:01:41 - render - INFO - Frame 6 obtenido del caché
2026-01-06 08:01:41 - render - INFO - Frame 14 obtenido del caché
2026-01-06 08:01:41 - render - INFO - Frame 15 obtenido del caché
2026-01-06 08:01:41 - render - INFO - Frame 13 obtenido del caché
2026-01-06 08:01:41 - render - INFO - Frame 18 obtenido del caché
2026-01-06 08:01:41 - render - INFO - Frame 17 obtenido del caché
2026-01-06 08:01:41 - render - INFO - Frame 23 obtenido del caché
2026-01-06 08:01:41 - render - INFO - Frame 28 obtenido del caché
2026-01-06 08:01:41 - render - INFO - Frame 30 obtenido del caché
2026-01-06 08:01:41 - render - INFO - Frame 21 obtenido del caché
2026-01-06 08:01:41 - render - INFO - Frame 19 obtenido del caché
2026-01-06 08:01:41 - render - INFO - Frame 25 obtenido del caché
2026-01-06 08:01:41 - render - INFO - Frame 29 obtenido del caché
2026-01-06 08:01:41 - render - INFO - Frame 27 obtenido del caché
2026-01-06 08:01:41 - render - INFO - Frame 31 obtenido del caché
2026-01-06 08:01:41 - render - INFO - Frame 20 obtenido del caché
2026-01-06 08:01:41 - render - INFO - Frame 22 obtenido del caché
2026-01-06 08:01:41 - render - INFO - Frame 24 obtenido del caché
2026-01-06 08:01:41 - render - INFO - Frame 26 obtenido del caché
2026-01-06 08:01:41 - render - INFO - Frame 33 obtenido del caché
2026-01-06 08:01:41 - render - INFO - Frame 35 obtenido del caché
2026-01-06 08:01:41 - render - INFO - Frame 32 obtenido del caché
2026-01-06 08:01:41 - render - INFO - Frame 34 obtenido del caché
2026-01-06 08:01:41 - render - INFO - Frame 36 obtenido del caché
2026-01-06 08:01:41 - render - INFO - Frame 37 obtenido del caché
2026-01-06 08:01:41 - render - INFO - Frame 41 obtenido del caché
2026-01-06 08:01:41 - render - INFO - Frame 38 obtenido del caché
2026-01-06 08:01:41 - render - INFO - Frame 39 obtenido del caché
2026-01-06 08:01:41 - render - INFO - Frame 40 obtenido del caché
2026-01-06 08:01:41 - render - INFO - Frame 45 obtenido del caché
2026-01-06 08:01:41 - render - INFO - Frame 43 obtenido del caché
2026-01-06 08:01:41 - render - INFO - Frame 44 obtenido del caché
2026-01-06 08:01:41 - render - INFO - Frame 42 obtenido del caché
2026-01-06 08:01:41 - render - INFO - Frame 47 obtenido del caché
2026-01-06 08:01:41 - render - INFO - Frame 46 obtenido del caché
2026-01-06 08:01:41 - render - INFO - Frame 60 obtenido del caché
2026-01-06 08:01:41 - render - INFO - Frame 49 obtenido del caché
2026-01-06 08:01:41 - render - INFO - Frame 51 obtenido del caché
2026-01-06 08:01:41 - render - INFO - Frame 52 obtenido del caché
2026-01-06 08:01:41 - render - INFO - Frame 50 obtenido del caché
2026-01-06 08:01:41 - render - INFO - Frame 48 obtenido del caché
2026-01-06 08:01:41 - render - INFO - Frame 53 obtenido del caché
2026-01-06 08:01:41 - render - INFO - Frame 55 obtenido del caché
2026-01-06 08:01:41 - render - INFO - Frame 56 obtenido del caché
2026-01-06 08:01:41 - render - INFO - Frame 58 obtenido del caché
2026-01-06 08:01:41 - render - INFO - Frame 63 obtenido del caché
2026-01-06 08:01:41 - render - INFO - Frame 64 obtenido del caché
2026-01-06 08:01:41 - render - INFO - Frame 61 obtenido del caché
2026-01-06 08:01:41 - render - INFO - Frame 62 obtenido del caché
2026-01-06 08:01:41 - render - INFO - Frame 54 obtenido del caché
2026-01-06 08:01:41 - render - INFO - Frame 59 obtenido del caché
2026-01-06 08:01:41 - render - INFO - Frame 57 obtenido del caché
2026-01-06 08:01:41 - render - INFO - Frame 65 obtenido del caché
2026-01-06 08:01:41 - render - INFO - Frame 67 obtenido del caché
2026-01-06 08:01:41 - render - INFO - Frame 66 obtenido del caché
2026-01-06 08:01:41 - render - INFO - Frame 68 obtenido del caché
2026-01-06 08:01:41 - render - INFO - Frame 69 obtenido del caché
2026-01-06 08:01:41 - render - INFO - Frame 70 obtenido del caché
2026-01-06 08:01:41 - render - INFO - Frame 71 obtenido del caché
2026-01-06 08:01:41 - render - INFO - Frame 73 obtenido del caché
2026-01-06 08:01:41 - render - INFO - Frame 72 obtenido del caché
2026-01-06 08:01:41 - render - INFO - Frame 77 obtenido del caché
2026-01-06 08:01:41 - render - INFO - Frame 89 obtenido del caché
2026-01-06 08:01:41 - render - INFO - Frame 74 obtenido del caché
2026-01-06 08:01:41 - render - INFO - Frame 81 obtenido del caché
2026-01-06 08:01:41 - render - INFO - Frame 76 obtenido del caché
2026-01-06 08:01:41 - render - INFO - Frame 86 obtenido del caché
2026-01-06 08:01:41 - render - INFO - Frame 91 obtenido del caché
2026-01-06 08:01:41 - render - INFO - Frame 78 obtenido del caché
2026-01-06 08:01:41 - render - INFO - Frame 75 obtenido del caché
2026-01-06 08:01:41 - render - INFO - Frame 80 obtenido del caché
2026-01-06 08:01:41 - render - INFO - Frame 88 obtenido del caché
2026-01-06 08:01:41 - render - INFO - Frame 90 obtenido del caché
2026-01-06 08:01:41 - render - INFO - Frame 84 obtenido del caché
2026-01-06 08:01:41 - render - INFO - Frame 92 obtenido del caché
2026-01-06 08:01:41 - render - INFO - Frame 82 obtenido del caché
2026-01-06 08:01:41 - render - INFO - Frame 83 obtenido del caché
2026-01-06 08:01:41 - render - INFO - Frame 87 obtenido del caché
2026-01-06 08:01:41 - render - INFO - Frame 79 obtenido del caché
2026-01-06 08:01:41 - render - INFO - Frame 85 obtenido del caché
2026-01-06 08:01:41 - render - INFO - Frame 98 obtenido del caché
2026-01-06 08:01:41 - render - INFO - Frame 97 obtenido del caché
2026-01-06 08:01:41 - render - INFO - Frame 96 obtenido del caché
2026-01-06 08:01:41 - render - INFO - Frame 99 obtenido del caché
2026-01-06 08:01:41 - render - INFO - Frame 94 obtenido del caché
2026-01-06 08:01:41 - render - INFO - Frame 95 obtenido del caché
2026-01-06 08:01:41 - render - INFO - Frame 93 obtenido del caché
2026-01-06 08:02:19 - render - INFO - Iniciando frame 0 (1920x1080, 150 iter) - Modo: Optimizado
2026-01-06 08:02:19 - render - INFO - Iniciando frame 7 (1920x1080, 150 iter) - Modo: Optimizado
2026-01-06 08:02:19 - render - INFO - Iniciando frame 4 (1920x1080, 150 iter) - Modo: Optimizado
2026-01-06 08:02:19 - render - INFO - Iniciando frame 1 (1920x1080, 150 iter) - Modo: Optimizado
2026-01-06 08:02:19 - render - INFO - Iniciando frame 3 (1920x1080, 150 iter) - Modo: Optimizado
2026-01-06 08:02:19 - render - INFO - Iniciando frame 2 (1920x1080, 150 iter) - Modo: Optimizado
2026-01-06 08:02:19 - render - INFO - Iniciando frame 26 (1920x1080, 150 iter) - Modo: Optimizado
2026-01-06 08:02:19 - render - INFO - Iniciando frame 6 (1920x1080, 150 iter) - Modo: Optimizado
2026-01-06 08:02:19 - render - INFO - Iniciando frame 5 (1920x1080, 150 iter) - Modo: Optimizado
2026-01-06 08:02:19 - render - INFO - Iniciando frame 8 (1920x1080, 150 iter) - Modo: Optimizado
2026-01-06 08:02:19 - render - INFO - Iniciando frame 20 (1920x1080, 150 iter) - Modo: Optimizado
2026-01-06 08:02:19 - render - INFO - Iniciando frame 10 (1920x1080, 150 iter) - Modo: Optimizado
2026-01-06 08:02:19 - render - INFO - Iniciando frame 14 (1920x1080, 150 iter) - Modo: Optimizado
2026-01-06 08:02:19 - render - INFO - Iniciando frame 12 (1920x1080, 150 iter) - Modo: Optimizado
2026-01-06 08:02:19 - render - INFO - Iniciando frame 13 (1920x1080, 150 iter) - Modo: Optimizado
2026-01-06 08:02:19 - render - INFO - Iniciando frame 15 (1920x1080, 150 iter) - Modo: Optimizado
2026-01-06 08:02:19 - render - INFO - Iniciando frame 16 (1920x1080, 150 iter) - Modo: Optimizado
2026-01-06 08:02:19 - render - INFO - Iniciando frame 17 (1920x1080, 150 iter) - Modo: Optimizado
2026-01-06 08:02:19 - render - INFO - Iniciando frame 18 (1920x1080, 150 iter) - Modo: Optimizado
2026-01-06 08:02:19 - render - INFO - Iniciando frame 19 (1920x1080, 150 iter) - Modo: Optimizado
2026-01-06 08:02:19 - render - INFO - Iniciando frame 21 (1920x1080, 150 iter) - Modo: Optimizado
2026-01-06 08:02:19 - render - INFO - Iniciando frame 11 (1920x1080, 150 iter) - Modo: Optimizado
2026-01-06 08:02:19 - render - INFO - Iniciando frame 9 (1920x1080, 150 iter) - Modo: Optimizado
2026-01-06 08:02:19 - render - INFO - Iniciando frame 25 (1920x1080, 150 iter) - Modo: Optimizado
2026-01-06 08:02:19 - render - INFO - Iniciando frame 22 (1920x1080, 150 iter) - Modo: Optimizado
2026-01-06 08:02:19 - render - INFO - Iniciando frame 23 (1920x1080, 150 iter) - Modo: Optimizado
2026-01-06 08:02:19 - render - INFO - Iniciando frame 24 (1920x1080, 150 iter) - Modo: Optimizado
2026-01-06 08:02:19 - render - INFO - Iniciando frame 27 (1920x1080, 150 iter) - Modo: Optimizado
2026-01-06 08:02:19 - render - INFO - Iniciando frame 29 (1920x1080, 150 iter) - Modo: Optimizado
2026-01-06 08:02:19 - render - INFO - Iniciando frame 31 (1920x1080, 150 iter) - Modo: Optimizado
2026-01-06 08:02:19 - render - INFO - Iniciando frame 30 (1920x1080, 150 iter) - Modo: Optimizado
2026-01-06 08:02:19 - render - INFO - Iniciando frame 28 (1920x1080, 150 iter) - Modo: Optimizado
2026-01-06 08:02:24 - render - INFO - Frame 20 completado en 4.94s (278.0 KB)
2026-01-06 08:02:24 - render - INFO - Frame 26 completado en 4.97s (336.1 KB)
2026-01-06 08:02:24 - render - INFO - Iniciando frame 32 (1920x1080, 150 iter) - Modo: Optimizado
2026-01-06 08:02:24 - render - INFO - Iniciando frame 33 (1920x1080, 150 iter) - Modo: Optimizado
2026-01-06 08:02:25 - render - INFO - Frame 17 completado en 5.34s (269.1 KB)
2026-01-06 08:02:25 - render - INFO - Iniciando frame 34 (1920x1080, 150 iter) - Modo: Optimizado
2026-01-06 08:02:26 - render - INFO - Frame 3 completado en 6.39s (366.2 KB)
2026-01-06 08:02:26 - render - INFO - Iniciando frame 35 (1920x1080, 150 iter) - Modo: Optimizado
2026-01-06 08:02:27 - render - INFO - Frame 11 completado en 7.37s (356.6 KB)
2026-01-06 08:02:27 - render - INFO - Iniciando frame 36 (1920x1080, 150 iter) - Modo: Optimizado
2026-01-06 08:02:28 - render - INFO - Frame 16 completado en 8.89s (271.9 KB)
2026-01-06 08:02:28 - render - INFO - Iniciando frame 37 (1920x1080, 150 iter) - Modo: Optimizado
2026-01-06 08:02:28 - render - INFO - Frame 29 completado en 8.99s (380.6 KB)
2026-01-06 08:02:28 - render - INFO - Iniciando frame 38 (1920x1080, 150 iter) - Modo: Optimizado
2026-01-06 08:02:29 - render - INFO - Frame 7 completado en 9.41s (360.9 KB)
2026-01-06 08:02:29 - render - INFO - Iniciando frame 39 (1920x1080, 150 iter) - Modo: Optimizado
2026-01-06 08:02:29 - render - INFO - Frame 19 completado en 9.46s (278.3 KB)
2026-01-06 08:02:29 - render - INFO - Iniciando frame 40 (1920x1080, 150 iter) - Modo: Optimizado
2026-01-06 08:02:29 - render - INFO - Frame 1 completado en 9.49s (292.8 KB)
2026-01-06 08:02:29 - render - INFO - Iniciando frame 41 (1920x1080, 150 iter) - Modo: Optimizado
2026-01-06 08:02:29 - render - INFO - Frame 27 completado en 9.80s (344.1 KB)
2026-01-06 08:02:29 - render - INFO - Iniciando frame 42 (1920x1080, 150 iter) - Modo: Optimizado
2026-01-06 08:02:29 - render - INFO - Frame 21 completado en 10.07s (285.9 KB)
2026-01-06 08:02:29 - render - INFO - Frame 28 completado en 10.08s (357.4 KB)
2026-01-06 08:02:30 - render - INFO - Iniciando frame 43 (1920x1080, 150 iter) - Modo: Optimizado
2026-01-06 08:02:30 - render - INFO - Iniciando frame 44 (1920x1080, 150 iter) - Modo: Optimizado
2026-01-06 08:02:30 - render - INFO - Frame 25 completado en 10.67s (317.4 KB)
2026-01-06 08:02:30 - render - INFO - Iniciando frame 45 (1920x1080, 150 iter) - Modo: Optimizado
2026-01-06 08:02:30 - render - INFO - Frame 5 completado en 10.82s (342.1 KB)
2026-01-06 08:02:30 - render - INFO - Iniciando frame 46 (1920x1080, 150 iter) - Modo: Optimizado
2026-01-06 08:02:30 - render - INFO - Frame 23 completado en 11.04s (302.1 KB)
2026-01-06 08:02:30 - render - INFO - Iniciando frame 47 (1920x1080, 150 iter) - Modo: Optimizado
2026-01-06 08:02:31 - render - INFO - Frame 22 completado en 11.41s (290.8 KB)
2026-01-06 08:02:31 - render - INFO - Iniciando frame 48 (1920x1080, 150 iter) - Modo: Optimizado
2026-01-06 08:02:31 - render - INFO - Frame 15 completado en 11.45s (263.7 KB)
2026-01-06 08:02:31 - render - INFO - Frame 6 completado en 11.49s (342.3 KB)
2026-01-06 08:02:31 - render - INFO - Iniciando frame 49 (1920x1080, 150 iter) - Modo: Optimizado
2026-01-06 08:02:31 - render - INFO - Frame 12 completado en 11.48s (314.8 KB)
2026-01-06 08:02:31 - render - INFO - Iniciando frame 50 (1920x1080, 150 iter) - Modo: Optimizado
2026-01-06 08:02:31 - render - INFO - Iniciando frame 51 (1920x1080, 150 iter) - Modo: Optimizado
2026-01-06 08:02:31 - render - INFO - Frame 32 completado en 6.80s (423.0 KB)
2026-01-06 08:02:31 - render - INFO - Iniciando frame 52 (1920x1080, 150 iter) - Modo: Optimizado
2026-01-06 08:02:32 - render - INFO - Frame 18 completado en 12.22s (273.6 KB)
2026-01-06 08:02:32 - render - INFO - Frame 24 completado en 12.22s (305.8 KB)
2026-01-06 08:02:32 - render - INFO - Frame 31 completado en 12.29s (408.7 KB)
2026-01-06 08:02:32 - render - INFO - Frame 13 completado en 12.30s (275.3 KB)
2026-01-06 08:02:32 - render - INFO - Frame 30 completado en 12.29s (396.6 KB)
2026-01-06 08:02:32 - render - INFO - Iniciando frame 54 (1920x1080, 150 iter) - Modo: Optimizado
2026-01-06 08:02:32 - render - INFO - Iniciando frame 53 (1920x1080, 150 iter) - Modo: Optimizado
2026-01-06 08:02:32 - render - INFO - Iniciando frame 56 (1920x1080, 150 iter) - Modo: Optimizado
2026-01-06 08:02:32 - render - INFO - Iniciando frame 57 (1920x1080, 150 iter) - Modo: Optimizado
2026-01-06 08:02:32 - render - INFO - Iniciando frame 55 (1920x1080, 150 iter) - Modo: Optimizado
2026-01-06 08:02:32 - render - INFO - Frame 10 completado en 12.47s (367.2 KB)
2026-01-06 08:02:32 - render - INFO - Frame 9 completado en 12.44s (382.3 KB)
2026-01-06 08:02:32 - render - INFO - Frame 2 completado en 12.47s (332.2 KB)
2026-01-06 08:02:32 - render - INFO - Frame 14 completado en 12.46s (253.9 KB)
2026-01-06 08:02:32 - render - INFO - Frame 8 completado en 12.48s (382.0 KB)
2026-01-06 08:02:32 - render - INFO - Frame 4 completado en 12.48s (389.4 KB)
2026-01-06 08:02:32 - render - INFO - Frame 0 completado en 12.50s (257.2 KB)
2026-01-06 08:02:32 - render - INFO - Iniciando frame 59 (1920x1080, 150 iter) - Modo: Optimizado
2026-01-06 08:02:32 - render - INFO - Iniciando frame 64 (1920x1080, 150 iter) - Modo: Optimizado
2026-01-06 08:02:32 - render - INFO - Iniciando frame 63 (1920x1080, 150 iter) - Modo: Optimizado
2026-01-06 08:02:32 - render - INFO - Iniciando frame 60 (1920x1080, 150 iter) - Modo: Optimizado
2026-01-06 08:02:32 - render - INFO - Iniciando frame 62 (1920x1080, 150 iter) - Modo: Optimizado
2026-01-06 08:02:32 - render - INFO - Iniciando frame 61 (1920x1080, 150 iter) - Modo: Optimizado
2026-01-06 08:02:32 - render - INFO - Iniciando frame 58 (1920x1080, 150 iter) - Modo: Optimizado
2026-01-06 08:02:33 - render - INFO - Frame 33 completado en 8.13s (441.9 KB)
2026-01-06 08:02:33 - render - INFO - Frame 34 completado en 7.75s (450.7 KB)
2026-01-06 08:02:33 - render - INFO - Iniciando frame 66 (1920x1080, 150 iter) - Modo: Optimizado
2026-01-06 08:02:33 - render - INFO - Iniciando frame 65 (1920x1080, 150 iter) - Modo: Optimizado
2026-01-06 08:02:34 - render - INFO - Frame 35 completado en 7.78s (446.7 KB)
2026-01-06 08:02:34 - render - INFO - Iniciando frame 67 (1920x1080, 150 iter) - Modo: Optimizado
2026-01-06 08:02:35 - render - INFO - Frame 36 completado en 8.01s (440.2 KB)
2026-01-06 08:02:35 - render - INFO - Iniciando frame 68 (1920x1080, 150 iter) - Modo: Optimizado
2026-01-06 08:02:36 - render - INFO - Frame 38 completado en 7.25s (408.8 KB)
2026-01-06 08:02:36 - render - INFO - Iniciando frame 69 (1920x1080, 150 iter) - Modo: Optimizado
2026-01-06 08:02:37 - render - INFO - Frame 43 completado en 6.94s (389.8 KB)
2026-01-06 08:02:37 - render - INFO - Iniciando frame 70 (1920x1080, 150 iter) - Modo: Optimizado
2026-01-06 08:02:37 - render - INFO - Frame 40 completado en 7.66s (356.8 KB)
2026-01-06 08:02:37 - render - INFO - Frame 37 completado en 8.41s (425.4 KB)
2026-01-06 08:02:37 - render - INFO - Iniciando frame 71 (1920x1080, 150 iter) - Modo: Optimizado
2026-01-06 08:02:37 - render - INFO - Iniciando frame 72 (1920x1080, 150 iter) - Modo: Optimizado
2026-01-06 08:02:37 - render - INFO - Frame 44 completado en 7.51s (401.8 KB)
2026-01-06 08:02:37 - render - INFO - Iniciando frame 73 (1920x1080, 150 iter) - Modo: Optimizado
2026-01-06 08:02:37 - render - INFO - Frame 39 completado en 8.45s (381.4 KB)
2026-01-06 08:02:37 - render - INFO - Frame 41 completado en 8.14s (355.7 KB)
2026-01-06 08:02:37 - render - INFO - Iniciando frame 74 (1920x1080, 150 iter) - Modo: Optimizado
2026-01-06 08:02:37 - render - INFO - Frame 42 completado en 7.91s (373.8 KB)
2026-01-06 08:02:37 - render - INFO - Frame 47 completado en 6.88s (505.0 KB)
2026-01-06 08:02:38 - render - INFO - Iniciando frame 75 (1920x1080, 150 iter) - Modo: Optimizado
2026-01-06 08:02:38 - render - INFO - Iniciando frame 76 (1920x1080, 150 iter) - Modo: Optimizado
2026-01-06 08:02:38 - render - INFO - Iniciando frame 77 (1920x1080, 150 iter) - Modo: Optimizado
2026-01-06 08:02:38 - render - INFO - Frame 48 completado en 6.85s (517.2 KB)
2026-01-06 08:02:38 - render - INFO - Frame 45 completado en 7.84s (433.9 KB)
2026-01-06 08:02:38 - render - INFO - Iniciando frame 78 (1920x1080, 150 iter) - Modo: Optimizado
2026-01-06 08:02:38 - render - INFO - Iniciando frame 79 (1920x1080, 150 iter) - Modo: Optimizado
2026-01-06 08:02:38 - render - INFO - Frame 46 completado en 8.00s (465.7 KB)
2026-01-06 08:02:38 - render - INFO - Iniciando frame 80 (1920x1080, 150 iter) - Modo: Optimizado
2026-01-06 08:02:39 - render - INFO - Frame 50 completado en 7.67s (569.2 KB)
2026-01-06 08:02:39 - render - INFO - Iniciando frame 81 (1920x1080, 150 iter) - Modo: Optimizado
2026-01-06 08:02:39 - render - INFO - Frame 52 completado en 7.39s (635.7 KB)
2026-01-06 08:02:39 - render - INFO - Iniciando frame 82 (1920x1080, 150 iter) - Modo: Optimizado
2026-01-06 08:02:40 - render - INFO - Frame 54 completado en 7.68s (707.9 KB)
2026-01-06 08:02:40 - render - INFO - Iniciando frame 83 (1920x1080, 150 iter) - Modo: Optimizado
2026-01-06 08:02:40 - render - INFO - Frame 55 completado en 7.37s (737.8 KB)
2026-01-06 08:02:40 - render - INFO - Frame 53 completado en 7.72s (677.7 KB)
2026-01-06 08:02:40 - render - INFO - Frame 57 completado en 7.38s (759.2 KB)
2026-01-06 08:02:40 - render - INFO - Iniciando frame 84 (1920x1080, 150 iter) - Modo: Optimizado
2026-01-06 08:02:40 - render - INFO - Iniciando frame 85 (1920x1080, 150 iter) - Modo: Optimizado
2026-01-06 08:02:40 - render - INFO - Iniciando frame 86 (1920x1080, 150 iter) - Modo: Optimizado
2026-01-06 08:02:40 - render - INFO - Frame 49 completado en 9.44s (537.4 KB)
2026-01-06 08:02:41 - render - INFO - Frame 66 completado en 7.31s (594.8 KB)
2026-01-06 08:02:41 - render - INFO - Frame 51 completado en 9.35s (597.4 KB)
2026-01-06 08:02:41 - render - INFO - Iniciando frame 87 (1920x1080, 150 iter) - Modo: Optimizado
2026-01-06 08:02:41 - render - INFO - Frame 58 completado en 7.89s (745.0 KB)
2026-01-06 08:02:41 - render - INFO - Frame 65 completado en 7.35s (629.5 KB)
2026-01-06 08:02:41 - render - INFO - Iniciando frame 88 (1920x1080, 150 iter) - Modo: Optimizado
2026-01-06 08:02:41 - render - INFO - Iniciando frame 89 (1920x1080, 150 iter) - Modo: Optimizado
2026-01-06 08:02:41 - render - INFO - Frame 63 completado en 8.03s (672.1 KB)
2026-01-06 08:02:41 - render - INFO - Frame 62 completado en 8.04s (687.0 KB)
2026-01-06 08:02:41 - render - INFO - Iniciando frame 91 (1920x1080, 150 iter) - Modo: Optimizado
2026-01-06 08:02:41 - render - INFO - Iniciando frame 90 (1920x1080, 150 iter) - Modo: Optimizado
2026-01-06 08:02:41 - render - INFO - Iniciando frame 92 (1920x1080, 150 iter) - Modo: Optimizado
2026-01-06 08:02:41 - render - INFO - Iniciando frame 93 (1920x1080, 150 iter) - Modo: Optimizado
2026-01-06 08:02:42 - render - INFO - Frame 67 completado en 7.86s (584.5 KB)
2026-01-06 08:02:42 - render - INFO - Iniciando frame 94 (1920x1080, 150 iter) - Modo: Optimizado
2026-01-06 08:02:42 - render - INFO - Frame 64 completado en 9.41s (650.4 KB)
2026-01-06 08:02:42 - render - INFO - Iniciando frame 95 (1920x1080, 150 iter) - Modo: Optimizado
2026-01-06 08:02:42 - render - INFO - Frame 60 completado en 9.55s (719.7 KB)
2026-01-06 08:02:42 - render - INFO - Frame 61 completado en 9.50s (697.1 KB)
2026-01-06 08:02:42 - render - INFO - Frame 56 completado en 10.24s (756.0 KB)
2026-01-06 08:02:42 - render - INFO - Frame 59 completado en 9.63s (729.7 KB)
2026-01-06 08:02:42 - render - INFO - Iniciando frame 96 (1920x1080, 150 iter) - Modo: Optimizado
2026-01-06 08:02:42 - render - INFO - Iniciando frame 97 (1920x1080, 150 iter) - Modo: Optimizado
2026-01-06 08:02:42 - render - INFO - Iniciando frame 98 (1920x1080, 150 iter) - Modo: Optimizado
2026-01-06 08:02:42 - render - INFO - Iniciando frame 99 (1920x1080, 150 iter) - Modo: Optimizado
2026-01-06 08:02:44 - render - INFO - Frame 69 completado en 8.27s (607.6 KB)
2026-01-06 08:02:44 - render - INFO - Frame 68 completado en 9.36s (602.1 KB)
2026-01-06 08:02:45 - render - INFO - Frame 70 completado en 8.32s (624.2 KB)
2026-01-06 08:02:45 - render - INFO - Frame 74 completado en 7.73s (688.4 KB)
2026-01-06 08:02:45 - render - INFO - Frame 72 completado en 8.32s (667.9 KB)
2026-01-06 08:02:45 - render - INFO - Frame 71 completado en 8.52s (652.0 KB)
2026-01-06 08:02:45 - render - INFO - Frame 76 completado en 7.69s (695.8 KB)
2026-01-06 08:02:46 - render - INFO - Frame 73 completado en 8.28s (677.2 KB)
2026-01-06 08:02:46 - render - INFO - Frame 80 completado en 7.21s (808.7 KB)
2026-01-06 08:02:46 - render - INFO - Frame 75 completado en 7.95s (687.0 KB)
2026-01-06 08:02:46 - render - INFO - Frame 79 completado en 7.43s (779.2 KB)
2026-01-06 08:02:46 - render - INFO - Frame 77 completado en 7.88s (706.0 KB)
2026-01-06 08:02:46 - render - INFO - Frame 78 completado en 7.65s (731.0 KB)
2026-01-06 08:02:46 - render - INFO - Frame 81 completado en 7.15s (817.6 KB)
2026-01-06 08:02:46 - render - INFO - Frame 83 completado en 6.44s (863.7 KB)
2026-01-06 08:02:46 - render - INFO - Frame 82 completado en 7.02s (833.5 KB)
2026-01-06 08:02:46 - render - INFO - Frame 84 completado en 6.38s (832.8 KB)
2026-01-06 08:02:46 - render - INFO - Frame 85 completado en 6.45s (797.2 KB)
2026-01-06 08:02:46 - render - INFO - Frame 89 completado en 5.64s (655.5 KB)
2026-01-06 08:02:46 - render - INFO - Frame 86 completado en 6.71s (759.8 KB)
2026-01-06 08:02:47 - render - INFO - Frame 87 completado en 6.05s (718.0 KB)
2026-01-06 08:02:47 - render - INFO - Frame 91 completado en 5.89s (635.2 KB)
2026-01-06 08:02:47 - render - INFO - Frame 92 completado en 5.54s (629.2 KB)
2026-01-06 08:02:47 - render - INFO - Frame 90 completado en 5.90s (648.4 KB)
2026-01-06 08:02:47 - render - INFO - Frame 88 completado en 5.96s (678.1 KB)
2026-01-06 08:02:47 - render - INFO - Frame 93 completado en 5.29s (605.9 KB)
2026-01-06 08:02:47 - render - INFO - Frame 94 completado en 4.89s (579.3 KB)
2026-01-06 08:02:47 - render - INFO - Frame 95 completado en 4.61s (543.8 KB)
2026-01-06 08:02:47 - render - INFO - Frame 96 completado en 4.48s (519.6 KB)
2026-01-06 08:02:47 - render - INFO - Frame 98 completado en 4.34s (477.2 KB)
2026-01-06 08:02:47 - render - INFO - Frame 99 completado en 4.37s (468.2 KB)
2026-01-06 08:02:47 - render - INFO - Frame 97 completado en 4.53s (503.2 KB)
2026-01-06 08:05:38 - render - INFO - Iniciando frame 0 (1920x1080, 150 iter) - Modo: Optimizado
2026-01-06 08:05:38 - render - INFO - Iniciando frame 6 (1920x1080, 150 iter) - Modo: Optimizado
2026-01-06 08:05:38 - render - INFO - Iniciando frame 1 (1920x1080, 150 iter) - Modo: Optimizado
2026-01-06 08:05:38 - render - INFO - Iniciando frame 2 (1920x1080, 150 iter) - Modo: Optimizado
2026-01-06 08:05:38 - render - INFO - Iniciando frame 3 (1920x1080, 150 iter) - Modo: Optimizado
2026-01-06 08:05:38 - render - INFO - Iniciando frame 5 (1920x1080, 150 iter) - Modo: Optimizado
2026-01-06 08:05:38 - render - INFO - Iniciando frame 4 (1920x1080, 150 iter) - Modo: Optimizado
2026-01-06 08:05:38 - render - INFO - Iniciando frame 7 (1920x1080, 150 iter) - Modo: Optimizado
2026-01-06 08:05:38 - render - INFO - Iniciando frame 13 (1920x1080, 150 iter) - Modo: Optimizado
2026-01-06 08:05:38 - render - INFO - Iniciando frame 21 (1920x1080, 150 iter) - Modo: Optimizado
2026-01-06 08:05:38 - render - INFO - Iniciando frame 8 (1920x1080, 150 iter) - Modo: Optimizado
2026-01-06 08:05:38 - render - INFO - Iniciando frame 11 (1920x1080, 150 iter) - Modo: Optimizado
2026-01-06 08:05:38 - render - INFO - Iniciando frame 12 (1920x1080, 150 iter) - Modo: Optimizado
2026-01-06 08:05:38 - render - INFO - Iniciando frame 14 (1920x1080, 150 iter) - Modo: Optimizado
2026-01-06 08:05:38 - render - INFO - Iniciando frame 16 (1920x1080, 150 iter) - Modo: Optimizado
2026-01-06 08:05:38 - render - INFO - Iniciando frame 17 (1920x1080, 150 iter) - Modo: Optimizado
2026-01-06 08:05:38 - render - INFO - Iniciando frame 18 (1920x1080, 150 iter) - Modo: Optimizado
2026-01-06 08:05:38 - render - INFO - Iniciando frame 19 (1920x1080, 150 iter) - Modo: Optimizado
2026-01-06 08:05:38 - render - INFO - Iniciando frame 20 (1920x1080, 150 iter) - Modo: Optimizado
2026-01-06 08:05:38 - render - INFO - Iniciando frame 23 (1920x1080, 150 iter) - Modo: Optimizado
2026-01-06 08:05:38 - render - INFO - Iniciando frame 24 (1920x1080, 150 iter) - Modo: Optimizado
2026-01-06 08:05:38 - render - INFO - Iniciando frame 25 (1920x1080, 150 iter) - Modo: Optimizado
2026-01-06 08:05:38 - render - INFO - Iniciando frame 26 (1920x1080, 150 iter) - Modo: Optimizado
2026-01-06 08:05:38 - render - INFO - Iniciando frame 27 (1920x1080, 150 iter) - Modo: Optimizado
2026-01-06 08:05:38 - render - INFO - Iniciando frame 28 (1920x1080, 150 iter) - Modo: Optimizado
2026-01-06 08:05:38 - render - INFO - Iniciando frame 29 (1920x1080, 150 iter) - Modo: Optimizado
2026-01-06 08:05:38 - render - INFO - Iniciando frame 30 (1920x1080, 150 iter) - Modo: Optimizado
2026-01-06 08:05:38 - render - INFO - Iniciando frame 22 (1920x1080, 150 iter) - Modo: Optimizado
2026-01-06 08:05:38 - render - INFO - Iniciando frame 10 (1920x1080, 150 iter) - Modo: Optimizado
2026-01-06 08:05:38 - render - INFO - Iniciando frame 15 (1920x1080, 150 iter) - Modo: Optimizado
2026-01-06 08:05:38 - render - INFO - Iniciando frame 9 (1920x1080, 150 iter) - Modo: Optimizado
2026-01-06 08:05:38 - render - INFO - Iniciando frame 31 (1920x1080, 150 iter) - Modo: Optimizado
2026-01-06 08:05:43 - render - INFO - Frame 0 completado en 4.99s (257.2 KB)
2026-01-06 08:05:43 - render - INFO - Frame 5 completado en 5.01s (342.1 KB)
2026-01-06 08:05:43 - render - INFO - Iniciando frame 32 (1920x1080, 150 iter) - Modo: Optimizado
2026-01-06 08:05:43 - render - INFO - Frame 2 completado en 5.03s (332.2 KB)
2026-01-06 08:05:43 - render - INFO - Iniciando frame 33 (1920x1080, 150 iter) - Modo: Optimizado
2026-01-06 08:05:43 - render - INFO - Iniciando frame 34 (1920x1080, 150 iter) - Modo: Optimizado
2026-01-06 08:05:45 - render - INFO - Frame 1 completado en 6.94s (292.8 KB)
2026-01-06 08:05:45 - render - INFO - Iniciando frame 35 (1920x1080, 150 iter) - Modo: Optimizado
2026-01-06 08:05:48 - render - INFO - Frame 8 completado en 9.99s (382.0 KB)
2026-01-06 08:05:48 - render - INFO - Iniciando frame 36 (1920x1080, 150 iter) - Modo: Optimizado
2026-01-06 08:05:48 - render - INFO - Frame 12 completado en 10.08s (314.8 KB)
2026-01-06 08:05:48 - render - INFO - Iniciando frame 37 (1920x1080, 150 iter) - Modo: Optimizado
2026-01-06 08:05:48 - render - INFO - Frame 6 completado en 10.24s (342.3 KB)
2026-01-06 08:05:48 - render - INFO - Iniciando frame 38 (1920x1080, 150 iter) - Modo: Optimizado
2026-01-06 08:05:48 - render - INFO - Frame 9 completado en 10.33s (382.3 KB)
2026-01-06 08:05:49 - render - INFO - Iniciando frame 39 (1920x1080, 150 iter) - Modo: Optimizado
2026-01-06 08:05:49 - render - INFO - Frame 7 completado en 10.65s (360.9 KB)
2026-01-06 08:05:49 - render - INFO - Frame 4 completado en 10.64s (389.4 KB)
2026-01-06 08:05:49 - render - INFO - Frame 30 completado en 10.63s (396.6 KB)
2026-01-06 08:05:49 - render - INFO - Frame 20 completado en 10.69s (278.0 KB)
2026-01-06 08:05:49 - render - INFO - Frame 23 completado en 10.69s (302.1 KB)
2026-01-06 08:05:49 - render - INFO - Frame 28 completado en 10.70s (357.4 KB)
2026-01-06 08:05:49 - render - INFO - Frame 24 completado en 10.70s (305.8 KB)
2026-01-06 08:05:49 - render - INFO - Frame 22 completado en 10.71s (290.8 KB)
2026-01-06 08:05:49 - render - INFO - Frame 26 completado en 10.71s (336.1 KB)
2026-01-06 08:05:49 - render - INFO - Frame 14 completado en 10.70s (253.9 KB)
2026-01-06 08:05:49 - render - INFO - Frame 16 completado en 10.73s (271.9 KB)
2026-01-06 08:05:49 - render - INFO - Iniciando frame 40 (1920x1080, 150 iter) - Modo: Optimizado
2026-01-06 08:05:49 - render - INFO - Frame 19 completado en 10.72s (278.3 KB)
2026-01-06 08:05:49 - render - INFO - Frame 18 completado en 10.75s (273.6 KB)
2026-01-06 08:05:49 - render - INFO - Frame 11 completado en 10.72s (356.6 KB)
2026-01-06 08:05:49 - render - INFO - Frame 31 completado en 10.71s (408.7 KB)
2026-01-06 08:05:49 - render - INFO - Frame 10 completado en 10.74s (367.2 KB)
2026-01-06 08:05:49 - render - INFO - Iniciando frame 41 (1920x1080, 150 iter) - Modo: Optimizado
2026-01-06 08:05:49 - render - INFO - Frame 32 completado en 5.79s (423.0 KB)
2026-01-06 08:05:49 - render - INFO - Iniciando frame 44 (1920x1080, 150 iter) - Modo: Optimizado
2026-01-06 08:05:49 - render - INFO - Iniciando frame 42 (1920x1080, 150 iter) - Modo: Optimizado
2026-01-06 08:05:49 - render - INFO - Iniciando frame 43 (1920x1080, 150 iter) - Modo: Optimizado
2026-01-06 08:05:49 - render - INFO - Frame 35 completado en 3.98s (446.7 KB)
2026-01-06 08:05:49 - render - INFO - Frame 3 completado en 10.98s (366.2 KB)
2026-01-06 08:05:49 - render - INFO - Frame 25 completado en 11.00s (317.4 KB)
2026-01-06 08:05:49 - render - INFO - Frame 29 completado en 10.97s (380.6 KB)
2026-01-06 08:05:49 - render - INFO - Frame 21 completado en 11.00s (285.9 KB)
2026-01-06 08:05:49 - render - INFO - Frame 27 completado en 10.98s (344.1 KB)
2026-01-06 08:05:49 - render - INFO - Frame 15 completado en 10.99s (263.7 KB)
2026-01-06 08:05:49 - render - INFO - Frame 17 completado en 11.00s (269.1 KB)
2026-01-06 08:05:49 - render - INFO - Frame 34 completado en 5.61s (450.7 KB)
2026-01-06 08:05:49 - render - INFO - Frame 33 completado en 5.86s (441.9 KB)
2026-01-06 08:05:49 - render - INFO - Iniciando frame 49 (1920x1080, 150 iter) - Modo: Optimizado
2026-01-06 08:05:49 - render - INFO - Iniciando frame 52 (1920x1080, 150 iter) - Modo: Optimizado
2026-01-06 08:05:49 - render - INFO - Iniciando frame 47 (1920x1080, 150 iter) - Modo: Optimizado
2026-01-06 08:05:49 - render - INFO - Iniciando frame 50 (1920x1080, 150 iter) - Modo: Optimizado
2026-01-06 08:05:49 - render - INFO - Iniciando frame 48 (1920x1080, 150 iter) - Modo: Optimizado
2026-01-06 08:05:49 - render - INFO - Iniciando frame 46 (1920x1080, 150 iter) - Modo: Optimizado
2026-01-06 08:05:49 - render - INFO - Iniciando frame 45 (1920x1080, 150 iter) - Modo: Optimizado
2026-01-06 08:05:49 - render - INFO - Frame 13 completado en 11.33s (275.3 KB)
2026-01-06 08:05:49 - render - INFO - Iniciando frame 51 (1920x1080, 150 iter) - Modo: Optimizado
2026-01-06 08:05:50 - render - INFO - Iniciando frame 56 (1920x1080, 150 iter) - Modo: Optimizado
2026-01-06 08:05:50 - render - INFO - Iniciando frame 57 (1920x1080, 150 iter) - Modo: Optimizado
2026-01-06 08:05:50 - render - INFO - Iniciando frame 53 (1920x1080, 150 iter) - Modo: Optimizado
2026-01-06 08:05:50 - render - INFO - Iniciando frame 55 (1920x1080, 150 iter) - Modo: Optimizado
2026-01-06 08:05:50 - render - INFO - Iniciando frame 54 (1920x1080, 150 iter) - Modo: Optimizado
2026-01-06 08:05:50 - render - INFO - Iniciando frame 58 (1920x1080, 150 iter) - Modo: Optimizado
2026-01-06 08:05:50 - render - INFO - Iniciando frame 64 (1920x1080, 150 iter) - Modo: Optimizado
2026-01-06 08:05:50 - render - INFO - Iniciando frame 63 (1920x1080, 150 iter) - Modo: Optimizado
2026-01-06 08:05:50 - render - INFO - Iniciando frame 66 (1920x1080, 150 iter) - Modo: Optimizado
2026-01-06 08:05:50 - render - INFO - Iniciando frame 67 (1920x1080, 150 iter) - Modo: Optimizado
2026-01-06 08:05:50 - render - INFO - Iniciando frame 65 (1920x1080, 150 iter) - Modo: Optimizado
2026-01-06 08:05:50 - render - INFO - Iniciando frame 60 (1920x1080, 150 iter) - Modo: Optimizado
2026-01-06 08:05:50 - render - INFO - Iniciando frame 62 (1920x1080, 150 iter) - Modo: Optimizado
2026-01-06 08:05:50 - render - INFO - Iniciando frame 61 (1920x1080, 150 iter) - Modo: Optimizado
2026-01-06 08:05:50 - render - INFO - Iniciando frame 59 (1920x1080, 150 iter) - Modo: Optimizado
2026-01-06 08:05:52 - render - INFO - Frame 37 completado en 4.01s (425.4 KB)
2026-01-06 08:05:52 - render - INFO - Iniciando frame 68 (1920x1080, 150 iter) - Modo: Optimizado
2026-01-06 08:05:54 - render - INFO - Frame 36 completado en 5.58s (440.2 KB)
2026-01-06 08:05:54 - render - INFO - Iniciando frame 69 (1920x1080, 150 iter) - Modo: Optimizado
2026-01-06 08:05:55 - render - INFO - Frame 38 completado en 6.39s (408.8 KB)
2026-01-06 08:05:55 - render - INFO - Iniciando frame 70 (1920x1080, 150 iter) - Modo: Optimizado
2026-01-06 08:05:55 - render - INFO - Frame 41 completado en 6.30s (355.7 KB)
2026-01-06 08:05:55 - render - INFO - Iniciando frame 71 (1920x1080, 150 iter) - Modo: Optimizado
2026-01-06 08:05:55 - render - INFO - Frame 39 completado en 6.55s (381.4 KB)
2026-01-06 08:05:55 - render - INFO - Iniciando frame 72 (1920x1080, 150 iter) - Modo: Optimizado
2026-01-06 08:05:56 - render - INFO - Frame 43 completado en 6.66s (389.8 KB)
2026-01-06 08:05:56 - render - INFO - Iniciando frame 73 (1920x1080, 150 iter) - Modo: Optimizado
2026-01-06 08:05:56 - render - INFO - Frame 40 completado en 7.20s (356.8 KB)
2026-01-06 08:05:56 - render - INFO - Iniciando frame 74 (1920x1080, 150 iter) - Modo: Optimizado
2026-01-06 08:05:57 - render - INFO - Frame 44 completado en 7.50s (401.8 KB)
2026-01-06 08:05:57 - render - INFO - Iniciando frame 75 (1920x1080, 150 iter) - Modo: Optimizado
2026-01-06 08:05:58 - render - INFO - Frame 56 completado en 7.71s (756.0 KB)
2026-01-06 08:05:58 - render - INFO - Iniciando frame 76 (1920x1080, 150 iter) - Modo: Optimizado
2026-01-06 08:05:58 - render - INFO - Frame 47 completado en 7.82s (505.0 KB)
2026-01-06 08:05:58 - render - INFO - Iniciando frame 77 (1920x1080, 150 iter) - Modo: Optimizado
2026-01-06 08:05:58 - render - INFO - Frame 51 completado en 7.89s (597.4 KB)
2026-01-06 08:05:58 - render - INFO - Frame 42 completado en 8.60s (373.8 KB)
2026-01-06 08:05:58 - render - INFO - Iniciando frame 78 (1920x1080, 150 iter) - Modo: Optimizado
2026-01-06 08:05:58 - render - INFO - Iniciando frame 79 (1920x1080, 150 iter) - Modo: Optimizado
2026-01-06 08:05:58 - render - INFO - Frame 52 completado en 8.32s (635.7 KB)
2026-01-06 08:05:58 - render - INFO - Iniciando frame 80 (1920x1080, 150 iter) - Modo: Optimizado
2026-01-06 08:05:58 - render - INFO - Frame 45 completado en 8.52s (433.9 KB)
2026-01-06 08:05:59 - render - INFO - Iniciando frame 81 (1920x1080, 150 iter) - Modo: Optimizado
2026-01-06 08:05:59 - render - INFO - Frame 68 completado en 6.32s (602.1 KB)
2026-01-06 08:05:59 - render - INFO - Frame 60 completado en 8.09s (719.7 KB)
2026-01-06 08:05:59 - render - INFO - Frame 46 completado en 8.83s (465.7 KB)
2026-01-06 08:05:59 - render - INFO - Frame 54 completado en 8.37s (707.9 KB)
2026-01-06 08:05:59 - render - INFO - Frame 48 completado en 8.88s (517.2 KB)
2026-01-06 08:05:59 - render - INFO - Frame 49 completado en 8.87s (537.4 KB)
2026-01-06 08:05:59 - render - INFO - Frame 55 completado en 8.34s (737.8 KB)
2026-01-06 08:05:59 - render - INFO - Frame 50 completado en 8.88s (569.2 KB)
2026-01-06 08:05:59 - render - INFO - Frame 67 completado en 8.27s (584.5 KB)
2026-01-06 08:05:59 - render - INFO - Iniciando frame 82 (1920x1080, 150 iter) - Modo: Optimizado
2026-01-06 08:05:59 - render - INFO - Iniciando frame 83 (1920x1080, 150 iter) - Modo: Optimizado
2026-01-06 08:05:59 - render - INFO - Frame 53 completado en 8.62s (677.7 KB)
2026-01-06 08:05:59 - render - INFO - Frame 66 completado en 8.28s (594.8 KB)
2026-01-06 08:05:59 - render - INFO - Iniciando frame 85 (1920x1080, 150 iter) - Modo: Optimizado
2026-01-06 08:05:59 - render - INFO - Frame 57 completado en 8.60s (759.2 KB)
2026-01-06 08:05:59 - render - INFO - Iniciando frame 84 (1920x1080, 150 iter) - Modo: Optimizado
2026-01-06 08:05:59 - render - INFO - Iniciando frame 86 (1920x1080, 150 iter) - Modo: Optimizado
2026-01-06 08:05:59 - render - INFO - Iniciando frame 88 (1920x1080, 150 iter) - Modo: Optimizado
2026-01-06 08:05:59 - render - INFO - Iniciando frame 87 (1920x1080, 150 iter) - Modo: Optimizado
2026-01-06 08:05:59 - render - INFO - Iniciando frame 89 (1920x1080, 150 iter) - Modo: Optimizado
2026-01-06 08:05:59 - render - INFO - Iniciando frame 92 (1920x1080, 150 iter) - Modo: Optimizado
2026-01-06 08:05:59 - render - INFO - Iniciando frame 93 (1920x1080, 150 iter) - Modo: Optimizado
2026-01-06 08:05:59 - render - INFO - Iniciando frame 91 (1920x1080, 150 iter) - Modo: Optimizado
2026-01-06 08:05:59 - render - INFO - Iniciando frame 90 (1920x1080, 150 iter) - Modo: Optimizado
2026-01-06 08:06:00 - render - INFO - Frame 65 completado en 8.77s (629.5 KB)
2026-01-06 08:06:00 - render - INFO - Frame 58 completado en 8.75s (745.0 KB)
2026-01-06 08:06:00 - render - INFO - Frame 63 completado en 9.03s (672.1 KB)
2026-01-06 08:06:00 - render - INFO - Frame 62 completado en 8.60s (687.0 KB)
2026-01-06 08:06:00 - render - INFO - Frame 61 completado en 8.10s (697.1 KB)
2026-01-06 08:06:01 - render - INFO - Iniciando frame 94 (1920x1080, 150 iter) - Modo: Optimizado
2026-01-06 08:06:01 - render - INFO - Iniciando frame 95 (1920x1080, 150 iter) - Modo: Optimizado
2026-01-06 08:06:01 - render - INFO - Iniciando frame 97 (1920x1080, 150 iter) - Modo: Optimizado
2026-01-06 08:06:01 - render - INFO - Iniciando frame 96 (1920x1080, 150 iter) - Modo: Optimizado
2026-01-06 08:06:01 - render - INFO - Iniciando frame 98 (1920x1080, 150 iter) - Modo: Optimizado
2026-01-06 08:06:01 - render - INFO - Frame 69 completado en 7.35s (607.6 KB)
2026-01-06 08:06:01 - render - INFO - Frame 64 completado en 10.37s (650.4 KB)
2026-01-06 08:06:02 - render - INFO - Iniciando frame 99 (1920x1080, 150 iter) - Modo: Optimizado
2026-01-06 08:06:02 - render - INFO - Frame 59 completado en 10.07s (729.7 KB)
2026-01-06 08:06:03 - render - INFO - Frame 70 completado en 7.82s (624.2 KB)
2026-01-06 08:06:03 - render - INFO - Frame 74 completado en 6.97s (688.4 KB)
2026-01-06 08:06:03 - render - INFO - Frame 72 completado en 7.77s (667.9 KB)
2026-01-06 08:06:03 - render - INFO - Frame 75 completado en 6.70s (687.0 KB)
2026-01-06 08:06:03 - render - INFO - Frame 71 completado en 7.99s (652.0 KB)
2026-01-06 08:06:04 - render - INFO - Frame 76 completado en 6.03s (695.8 KB)
2026-01-06 08:06:04 - render - INFO - Frame 73 completado en 7.76s (677.2 KB)
2026-01-06 08:06:04 - render - INFO - Frame 77 completado en 6.54s (706.0 KB)
2026-01-06 08:06:05 - render - INFO - Frame 79 completado en 6.79s (779.2 KB)
2026-01-06 08:06:05 - render - INFO - Frame 82 completado en 6.04s (833.5 KB)
2026-01-06 08:06:05 - render - INFO - Frame 80 completado en 6.68s (808.7 KB)
2026-01-06 08:06:05 - render - INFO - Frame 78 completado en 7.29s (731.0 KB)
2026-01-06 08:06:05 - render - INFO - Frame 81 completado en 6.59s (817.6 KB)
2026-01-06 08:06:05 - render - INFO - Frame 86 completado en 6.27s (759.8 KB)
2026-01-06 08:06:06 - render - INFO - Frame 85 completado en 6.48s (797.2 KB)
2026-01-06 08:06:06 - render - INFO - Frame 83 completado en 6.53s (863.7 KB)
2026-01-06 08:06:06 - render - INFO - Frame 87 completado en 6.40s (718.0 KB)
2026-01-06 08:06:06 - render - INFO - Frame 88 completado en 6.38s (678.1 KB)
2026-01-06 08:06:06 - render - INFO - Frame 99 completado en 4.05s (468.2 KB)
2026-01-06 08:06:06 - render - INFO - Frame 93 completado en 6.00s (605.9 KB)
2026-01-06 08:06:06 - render - INFO - Frame 91 completado en 6.01s (635.2 KB)
2026-01-06 08:06:06 - render - INFO - Frame 84 completado en 6.59s (832.8 KB)
2026-01-06 08:06:06 - render - INFO - Frame 92 completado en 5.93s (629.2 KB)
2026-01-06 08:06:06 - render - INFO - Frame 95 completado en 4.92s (543.8 KB)
2026-01-06 08:06:06 - render - INFO - Frame 94 completado en 4.99s (579.3 KB)
2026-01-06 08:06:06 - render - INFO - Frame 90 completado en 6.12s (648.4 KB)
2026-01-06 08:06:06 - render - INFO - Frame 89 completado en 6.49s (655.5 KB)
2026-01-06 08:06:06 - render - INFO - Frame 98 completado en 4.81s (477.2 KB)
2026-01-06 08:06:06 - render - INFO - Frame 96 completado en 4.93s (519.6 KB)
2026-01-06 08:06:06 - render - INFO - Frame 97 completado en 4.96s (503.2 KB)
2026-01-06 08:09:57 - render - INFO - Iniciando frame 0 (1920x1080, 150 iter) - Modo: Optimizado
2026-01-06 08:09:57 - render - INFO - Iniciando frame 6 (1920x1080, 150 iter) - Modo: Optimizado
2026-01-06 08:09:57 - render - INFO - Iniciando frame 1 (1920x1080, 150 iter) - Modo: Optimizado
2026-01-06 08:09:57 - render - INFO - Iniciando frame 2 (1920x1080, 150 iter) - Modo: Optimizado
2026-01-06 08:09:57 - render - INFO - Iniciando frame 3 (1920x1080, 150 iter) - Modo: Optimizado
2026-01-06 08:09:57 - render - INFO - Iniciando frame 5 (1920x1080, 150 iter) - Modo: Optimizado
2026-01-06 08:09:57 - render - INFO - Iniciando frame 4 (1920x1080, 150 iter) - Modo: Optimizado
2026-01-06 08:09:57 - render - INFO - Iniciando frame 27 (1920x1080, 150 iter) - Modo: Optimizado
2026-01-06 08:09:57 - render - INFO - Iniciando frame 9 (1920x1080, 150 iter) - Modo: Optimizado
2026-01-06 08:09:57 - render - INFO - Iniciando frame 16 (1920x1080, 150 iter) - Modo: Optimizado
2026-01-06 08:09:57 - render - INFO - Iniciando frame 21 (1920x1080, 150 iter) - Modo: Optimizado
2026-01-06 08:09:57 - render - INFO - Iniciando frame 13 (1920x1080, 150 iter) - Modo: Optimizado
2026-01-06 08:09:57 - render - INFO - Iniciando frame 15 (1920x1080, 150 iter) - Modo: Optimizado
2026-01-06 08:09:57 - render - INFO - Iniciando frame 17 (1920x1080, 150 iter) - Modo: Optimizado
2026-01-06 08:09:57 - render - INFO - Iniciando frame 20 (1920x1080, 150 iter) - Modo: Optimizado
2026-01-06 08:09:57 - render - INFO - Iniciando frame 7 (1920x1080, 150 iter) - Modo: Optimizado
2026-01-06 08:09:57 - render - INFO - Iniciando frame 8 (1920x1080, 150 iter) - Modo: Optimizado
2026-01-06 08:09:57 - render - INFO - Iniciando frame 10 (1920x1080, 150 iter) - Modo: Optimizado
2026-01-06 08:09:57 - render - INFO - Iniciando frame 12 (1920x1080, 150 iter) - Modo: Optimizado
2026-01-06 08:09:57 - render - INFO - Iniciando frame 14 (1920x1080, 150 iter) - Modo: Optimizado
2026-01-06 08:09:57 - render - INFO - Iniciando frame 19 (1920x1080, 150 iter) - Modo: Optimizado
2026-01-06 08:09:57 - render - INFO - Iniciando frame 18 (1920x1080, 150 iter) - Modo: Optimizado
2026-01-06 08:09:57 - render - INFO - Iniciando frame 11 (1920x1080, 150 iter) - Modo: Optimizado
2026-01-06 08:09:57 - render - INFO - Iniciando frame 26 (1920x1080, 150 iter) - Modo: Optimizado
2026-01-06 08:09:57 - render - INFO - Iniciando frame 22 (1920x1080, 150 iter) - Modo: Optimizado
2026-01-06 08:09:57 - render - INFO - Iniciando frame 29 (1920x1080, 150 iter) - Modo: Optimizado
2026-01-06 08:09:57 - render - INFO - Iniciando frame 31 (1920x1080, 150 iter) - Modo: Optimizado
2026-01-06 08:09:57 - render - INFO - Iniciando frame 25 (1920x1080, 150 iter) - Modo: Optimizado
2026-01-06 08:09:57 - render - INFO - Iniciando frame 30 (1920x1080, 150 iter) - Modo: Optimizado
2026-01-06 08:09:57 - render - INFO - Iniciando frame 28 (1920x1080, 150 iter) - Modo: Optimizado
2026-01-06 08:09:57 - render - INFO - Iniciando frame 23 (1920x1080, 150 iter) - Modo: Optimizado
2026-01-06 08:09:57 - render - INFO - Iniciando frame 24 (1920x1080, 150 iter) - Modo: Optimizado
2026-01-06 08:10:05 - render - INFO - Frame 27 completado en 8.07s (344.1 KB)
2026-01-06 08:10:05 - render - INFO - Iniciando frame 32 (1920x1080, 150 iter) - Modo: Optimizado
2026-01-06 08:10:06 - render - INFO - Frame 3 completado en 8.43s (366.2 KB)
2026-01-06 08:10:06 - render - INFO - Frame 1 completado en 8.46s (292.8 KB)
2026-01-06 08:10:06 - render - INFO - Iniciando frame 33 (1920x1080, 150 iter) - Modo: Optimizado
2026-01-06 08:10:06 - render - INFO - Iniciando frame 34 (1920x1080, 150 iter) - Modo: Optimizado
2026-01-06 08:10:06 - render - INFO - Frame 9 completado en 8.50s (382.3 KB)
2026-01-06 08:10:06 - render - INFO - Frame 25 completado en 8.50s (317.4 KB)
2026-01-06 08:10:06 - render - INFO - Frame 11 completado en 8.69s (356.6 KB)
2026-01-06 08:10:06 - render - INFO - Iniciando frame 35 (1920x1080, 150 iter) - Modo: Optimizado
2026-01-06 08:10:06 - render - INFO - Iniciando frame 36 (1920x1080, 150 iter) - Modo: Optimizado
2026-01-06 08:10:06 - render - INFO - Frame 17 completado en 8.92s (269.1 KB)
2026-01-06 08:10:06 - render - INFO - Iniciando frame 37 (1920x1080, 150 iter) - Modo: Optimizado
2026-01-06 08:10:06 - render - INFO - Frame 29 completado en 8.94s (380.6 KB)
2026-01-06 08:10:06 - render - INFO - Frame 2 completado en 9.02s (332.2 KB)
2026-01-06 08:10:06 - render - INFO - Frame 4 completado en 9.02s (389.4 KB)
2026-01-06 08:10:06 - render - INFO - Frame 21 completado en 9.04s (285.9 KB)
2026-01-06 08:10:06 - render - INFO - Frame 0 completado en 9.05s (257.2 KB)
2026-01-06 08:10:06 - render - INFO - Frame 13 completado en 9.06s (275.3 KB)
2026-01-06 08:10:06 - render - INFO - Frame 19 completado en 9.07s (278.3 KB)
2026-01-06 08:10:06 - render - INFO - Frame 31 completado en 9.17s (408.7 KB)
2026-01-06 08:10:06 - render - INFO - Frame 30 completado en 9.05s (396.6 KB)
2026-01-06 08:10:06 - render - INFO - Frame 15 completado en 9.04s (263.7 KB)
2026-01-06 08:10:06 - render - INFO - Frame 14 completado en 9.05s (253.9 KB)
2026-01-06 08:10:06 - render - INFO - Frame 7 completado en 9.05s (360.9 KB)
2026-01-06 08:10:07 - render - INFO - Iniciando frame 41 (1920x1080, 150 iter) - Modo: Optimizado
2026-01-06 08:10:07 - render - INFO - Iniciando frame 38 (1920x1080, 150 iter) - Modo: Optimizado
2026-01-06 08:10:07 - render - INFO - Frame 8 completado en 9.43s (382.0 KB)
2026-01-06 08:10:07 - render - INFO - Iniciando frame 40 (1920x1080, 150 iter) - Modo: Optimizado
2026-01-06 08:10:07 - render - INFO - Iniciando frame 39 (1920x1080, 150 iter) - Modo: Optimizado
2026-01-06 08:10:07 - render - INFO - Frame 24 completado en 9.44s (305.8 KB)
2026-01-06 08:10:07 - render - INFO - Iniciando frame 42 (1920x1080, 150 iter) - Modo: Optimizado
2026-01-06 08:10:07 - render - INFO - Frame 16 completado en 9.45s (271.9 KB)
2026-01-06 08:10:07 - render - INFO - Frame 28 completado en 9.45s (357.4 KB)
2026-01-06 08:10:07 - render - INFO - Frame 12 completado en 9.45s (314.8 KB)
2026-01-06 08:10:07 - render - INFO - Frame 22 completado en 9.48s (290.8 KB)
2026-01-06 08:10:07 - render - INFO - Frame 23 completado en 9.47s (302.1 KB)
2026-01-06 08:10:07 - render - INFO - Frame 20 completado en 9.49s (278.0 KB)
2026-01-06 08:10:07 - render - INFO - Frame 26 completado en 9.49s (336.1 KB)
2026-01-06 08:10:07 - render - INFO - Frame 18 completado en 9.49s (273.6 KB)
2026-01-06 08:10:07 - render - INFO - Frame 10 completado en 9.51s (367.2 KB)
2026-01-06 08:10:07 - render - INFO - Iniciando frame 44 (1920x1080, 150 iter) - Modo: Optimizado
2026-01-06 08:10:07 - render - INFO - Iniciando frame 43 (1920x1080, 150 iter) - Modo: Optimizado
2026-01-06 08:10:07 - render - INFO - Iniciando frame 45 (1920x1080, 150 iter) - Modo: Optimizado
2026-01-06 08:10:07 - render - INFO - Frame 5 completado en 9.55s (342.1 KB)
2026-01-06 08:10:07 - render - INFO - Iniciando frame 46 (1920x1080, 150 iter) - Modo: Optimizado
2026-01-06 08:10:07 - render - INFO - Iniciando frame 52 (1920x1080, 150 iter) - Modo: Optimizado
2026-01-06 08:10:07 - render - INFO - Iniciando frame 48 (1920x1080, 150 iter) - Modo: Optimizado
2026-01-06 08:10:07 - render - INFO - Iniciando frame 50 (1920x1080, 150 iter) - Modo: Optimizado
2026-01-06 08:10:07 - render - INFO - Iniciando frame 47 (1920x1080, 150 iter) - Modo: Optimizado
2026-01-06 08:10:07 - render - INFO - Iniciando frame 51 (1920x1080, 150 iter) - Modo: Optimizado
2026-01-06 08:10:07 - render - INFO - Iniciando frame 49 (1920x1080, 150 iter) - Modo: Optimizado
2026-01-06 08:10:07 - render - INFO - Iniciando frame 55 (1920x1080, 150 iter) - Modo: Optimizado
2026-01-06 08:10:07 - render - INFO - Frame 6 completado en 9.76s (342.3 KB)
2026-01-06 08:10:07 - render - INFO - Iniciando frame 57 (1920x1080, 150 iter) - Modo: Optimizado
2026-01-06 08:10:07 - render - INFO - Iniciando frame 58 (1920x1080, 150 iter) - Modo: Optimizado
2026-01-06 08:10:07 - render - INFO - Iniciando frame 59 (1920x1080, 150 iter) - Modo: Optimizado
2026-01-06 08:10:07 - render - INFO - Iniciando frame 53 (1920x1080, 150 iter) - Modo: Optimizado
2026-01-06 08:10:07 - render - INFO - Frame 32 completado en 2.14s (423.0 KB)
2026-01-06 08:10:07 - render - INFO - Iniciando frame 54 (1920x1080, 150 iter) - Modo: Optimizado
2026-01-06 08:10:07 - render - INFO - Iniciando frame 56 (1920x1080, 150 iter) - Modo: Optimizado
2026-01-06 08:10:08 - render - INFO - Iniciando frame 61 (1920x1080, 150 iter) - Modo: Optimizado
2026-01-06 08:10:08 - render - INFO - Iniciando frame 60 (1920x1080, 150 iter) - Modo: Optimizado
2026-01-06 08:10:08 - render - INFO - Iniciando frame 62 (1920x1080, 150 iter) - Modo: Optimizado
2026-01-06 08:10:08 - render - INFO - Iniciando frame 64 (1920x1080, 150 iter) - Modo: Optimizado
2026-01-06 08:10:08 - render - INFO - Iniciando frame 63 (1920x1080, 150 iter) - Modo: Optimizado
2026-01-06 08:10:11 - render - INFO - Frame 34 completado en 5.46s (450.7 KB)
2026-01-06 08:10:11 - render - INFO - Iniciando frame 65 (1920x1080, 150 iter) - Modo: Optimizado
2026-01-06 08:10:12 - render - INFO - Frame 33 completado en 6.15s (441.9 KB)
2026-01-06 08:10:12 - render - INFO - Iniciando frame 66 (1920x1080, 150 iter) - Modo: Optimizado
2026-01-06 08:10:14 - render - INFO - Frame 35 completado en 7.54s (446.7 KB)
2026-01-06 08:10:14 - render - INFO - Iniciando frame 67 (1920x1080, 150 iter) - Modo: Optimizado
2026-01-06 08:10:14 - render - INFO - Frame 43 completado en 6.81s (389.8 KB)
2026-01-06 08:10:14 - render - INFO - Frame 37 completado en 7.53s (425.4 KB)
2026-01-06 08:10:14 - render - INFO - Frame 36 completado en 7.57s (440.2 KB)
2026-01-06 08:10:14 - render - INFO - Iniciando frame 68 (1920x1080, 150 iter) - Modo: Optimizado
2026-01-06 08:10:14 - render - INFO - Iniciando frame 70 (1920x1080, 150 iter) - Modo: Optimizado
2026-01-06 08:10:14 - render - INFO - Iniciando frame 69 (1920x1080, 150 iter) - Modo: Optimizado
2026-01-06 08:10:14 - render - INFO - Frame 40 completado en 7.60s (356.8 KB)
2026-01-06 08:10:14 - render - INFO - Iniciando frame 71 (1920x1080, 150 iter) - Modo: Optimizado
2026-01-06 08:10:14 - render - INFO - Frame 42 completado en 7.64s (373.8 KB)
2026-01-06 08:10:14 - render - INFO - Frame 39 completado en 7.63s (381.4 KB)
2026-01-06 08:10:14 - render - INFO - Frame 44 completado en 7.38s (401.8 KB)
2026-01-06 08:10:14 - render - INFO - Iniciando frame 72 (1920x1080, 150 iter) - Modo: Optimizado
2026-01-06 08:10:14 - render - INFO - Iniciando frame 73 (1920x1080, 150 iter) - Modo: Optimizado
2026-01-06 08:10:14 - render - INFO - Iniciando frame 74 (1920x1080, 150 iter) - Modo: Optimizado
2026-01-06 08:10:14 - render - INFO - Frame 38 completado en 7.77s (408.8 KB)
2026-01-06 08:10:15 - render - INFO - Frame 50 completado en 7.53s (569.2 KB)
2026-01-06 08:10:15 - render - INFO - Iniciando frame 75 (1920x1080, 150 iter) - Modo: Optimizado
2026-01-06 08:10:15 - render - INFO - Frame 55 completado en 7.17s (737.8 KB)
2026-01-06 08:10:15 - render - INFO - Iniciando frame 76 (1920x1080, 150 iter) - Modo: Optimizado
2026-01-06 08:10:15 - render - INFO - Frame 41 completado en 8.39s (355.7 KB)
2026-01-06 08:10:15 - render - INFO - Frame 60 completado en 6.83s (719.7 KB)
2026-01-06 08:10:15 - render - INFO - Frame 49 completado en 7.65s (537.4 KB)
2026-01-06 08:10:15 - render - INFO - Iniciando frame 77 (1920x1080, 150 iter) - Modo: Optimizado
2026-01-06 08:10:15 - render - INFO - Frame 56 completado en 7.53s (756.0 KB)
2026-01-06 08:10:15 - render - INFO - Iniciando frame 78 (1920x1080, 150 iter) - Modo: Optimizado
2026-01-06 08:10:15 - render - INFO - Iniciando frame 79 (1920x1080, 150 iter) - Modo: Optimizado
2026-01-06 08:10:15 - render - INFO - Iniciando frame 80 (1920x1080, 150 iter) - Modo: Optimizado
2026-01-06 08:10:15 - render - INFO - Frame 54 completado en 7.67s (707.9 KB)
2026-01-06 08:10:16 - render - INFO - Iniciando frame 81 (1920x1080, 150 iter) - Modo: Optimizado
2026-01-06 08:10:16 - render - INFO - Frame 53 completado en 8.03s (677.7 KB)
2026-01-06 08:10:16 - render - INFO - Frame 64 completado en 6.69s (650.4 KB)
2026-01-06 08:10:16 - render - INFO - Frame 47 completado en 8.33s (505.0 KB)
2026-01-06 08:10:16 - render - INFO - Frame 46 completado en 8.79s (465.7 KB)
2026-01-06 08:10:16 - render - INFO - Frame 52 completado en 8.60s (635.7 KB)
2026-01-06 08:10:16 - render - INFO - Frame 45 completado en 8.83s (433.9 KB)
2026-01-06 08:10:16 - render - INFO - Iniciando frame 82 (1920x1080, 150 iter) - Modo: Optimizado
2026-01-06 08:10:16 - render - INFO - Frame 51 completado en 8.70s (597.4 KB)
2026-01-06 08:10:16 - render - INFO - Iniciando frame 86 (1920x1080, 150 iter) - Modo: Optimizado
2026-01-06 08:10:16 - render - INFO - Iniciando frame 85 (1920x1080, 150 iter) - Modo: Optimizado
2026-01-06 08:10:16 - render - INFO - Frame 59 completado en 8.46s (729.7 KB)
2026-01-06 08:10:16 - render - INFO - Frame 57 completado en 8.45s (759.2 KB)
2026-01-06 08:10:16 - render - INFO - Iniciando frame 84 (1920x1080, 150 iter) - Modo: Optimizado
2026-01-06 08:10:16 - render - INFO - Iniciando frame 83 (1920x1080, 150 iter) - Modo: Optimizado
2026-01-06 08:10:16 - render - INFO - Iniciando frame 88 (1920x1080, 150 iter) - Modo: Optimizado
2026-01-06 08:10:16 - render - INFO - Iniciando frame 87 (1920x1080, 150 iter) - Modo: Optimizado
2026-01-06 08:10:16 - render - INFO - Frame 61 completado en 8.04s (697.1 KB)
2026-01-06 08:10:16 - render - INFO - Iniciando frame 91 (1920x1080, 150 iter) - Modo: Optimizado
2026-01-06 08:10:16 - render - INFO - Iniciando frame 89 (1920x1080, 150 iter) - Modo: Optimizado
2026-01-06 08:10:16 - render - INFO - Iniciando frame 90 (1920x1080, 150 iter) - Modo: Optimizado
2026-01-06 08:10:17 - render - INFO - Frame 48 completado en 9.10s (517.2 KB)
2026-01-06 08:10:17 - render - INFO - Frame 63 completado en 7.59s (672.1 KB)
2026-01-06 08:10:17 - render - INFO - Frame 58 completado en 9.20s (745.0 KB)
2026-01-06 08:10:17 - render - INFO - Frame 62 completado en 8.57s (687.0 KB)
2026-01-06 08:10:17 - render - INFO - Iniciando frame 92 (1920x1080, 150 iter) - Modo: Optimizado
2026-01-06 08:10:17 - render - INFO - Iniciando frame 95 (1920x1080, 150 iter) - Modo: Optimizado
2026-01-06 08:10:17 - render - INFO - Iniciando frame 94 (1920x1080, 150 iter) - Modo: Optimizado
2026-01-06 08:10:18 - render - INFO - Iniciando frame 93 (1920x1080, 150 iter) - Modo: Optimizado
2026-01-06 08:10:18 - render - INFO - Iniciando frame 96 (1920x1080, 150 iter) - Modo: Optimizado
2026-01-06 08:10:18 - render - INFO - Frame 66 completado en 5.91s (594.8 KB)
2026-01-06 08:10:18 - render - INFO - Frame 65 completado en 6.80s (629.5 KB)
2026-01-06 08:10:19 - render - INFO - Iniciando frame 97 (1920x1080, 150 iter) - Modo: Optimizado
2026-01-06 08:10:19 - render - INFO - Iniciando frame 98 (1920x1080, 150 iter) - Modo: Optimizado
2026-01-06 08:10:21 - render - INFO - Frame 69 completado en 7.40s (607.6 KB)
2026-01-06 08:10:21 - render - INFO - Iniciando frame 99 (1920x1080, 150 iter) - Modo: Optimizado
2026-01-06 08:10:21 - render - INFO - Frame 67 completado en 7.63s (584.5 KB)
2026-01-06 08:10:22 - render - INFO - Frame 70 completado en 7.85s (624.2 KB)
2026-01-06 08:10:22 - render - INFO - Frame 72 completado en 7.26s (667.9 KB)
2026-01-06 08:10:22 - render - INFO - Frame 71 completado en 7.48s (652.0 KB)
2026-01-06 08:10:22 - render - INFO - Frame 68 completado en 8.13s (602.1 KB)
2026-01-06 08:10:22 - render - INFO - Frame 73 completado en 7.49s (677.2 KB)
2026-01-06 08:10:23 - render - INFO - Frame 74 completado en 8.08s (688.4 KB)
2026-01-06 08:10:23 - render - INFO - Frame 77 completado en 7.62s (706.0 KB)
2026-01-06 08:10:23 - render - INFO - Frame 79 completado en 7.33s (779.2 KB)
2026-01-06 08:10:23 - render - INFO - Frame 75 completado en 7.93s (687.0 KB)
2026-01-06 08:10:23 - render - INFO - Frame 80 completado en 7.46s (808.7 KB)
2026-01-06 08:10:23 - render - INFO - Frame 76 completado en 8.03s (695.8 KB)
2026-01-06 08:10:23 - render - INFO - Frame 82 completado en 7.04s (833.5 KB)
2026-01-06 08:10:23 - render - INFO - Frame 81 completado en 7.19s (817.6 KB)
2026-01-06 08:10:23 - render - INFO - Frame 78 completado en 7.89s (731.0 KB)
2026-01-06 08:10:23 - render - INFO - Frame 83 completado en 6.92s (863.7 KB)
2026-01-06 08:10:23 - render - INFO - Frame 84 completado en 6.96s (832.8 KB)
2026-01-06 08:10:23 - render - INFO - Frame 86 completado en 7.04s (759.8 KB)
2026-01-06 08:10:23 - render - INFO - Frame 91 completado en 6.37s (635.2 KB)
2026-01-06 08:10:23 - render - INFO - Frame 85 completado en 7.12s (797.2 KB)
2026-01-06 08:10:24 - render - INFO - Frame 96 completado en 5.69s (519.6 KB)
2026-01-06 08:10:24 - render - INFO - Frame 88 completado en 7.16s (678.1 KB)
2026-01-06 08:10:24 - render - INFO - Frame 90 completado en 6.52s (648.4 KB)
2026-01-06 08:10:24 - render - INFO - Frame 89 completado en 6.52s (655.5 KB)
2026-01-06 08:10:24 - render - INFO - Frame 94 completado en 5.50s (579.3 KB)
2026-01-06 08:10:24 - render - INFO - Frame 92 completado en 6.25s (629.2 KB)
2026-01-06 08:10:24 - render - INFO - Frame 97 completado en 5.10s (503.2 KB)
2026-01-06 08:10:24 - render - INFO - Frame 98 completado en 5.08s (477.2 KB)
2026-01-06 08:10:24 - render - INFO - Frame 95 completado en 6.32s (543.8 KB)
2026-01-06 08:10:24 - render - INFO - Frame 93 completado en 5.79s (605.9 KB)
2026-01-06 08:10:24 - render - INFO - Frame 87 completado en 7.31s (718.0 KB)
2026-01-06 08:10:24 - render - INFO - Frame 99 completado en 2.49s (468.2 KB)
2026-01-06 08:15:46 - render - INFO - Iniciando frame 0 (1920x1080, 150 iter) - Modo: Optimizado
2026-01-06 08:15:46 - render - INFO - Iniciando frame 1 (1920x1080, 150 iter) - Modo: Optimizado
2026-01-06 08:15:46 - render - INFO - Iniciando frame 5 (1920x1080, 150 iter) - Modo: Optimizado
2026-01-06 08:15:46 - render - INFO - Iniciando frame 4 (1920x1080, 150 iter) - Modo: Optimizado
2026-01-06 08:15:46 - render - INFO - Iniciando frame 2 (1920x1080, 150 iter) - Modo: Optimizado
2026-01-06 08:15:46 - render - INFO - Iniciando frame 3 (1920x1080, 150 iter) - Modo: Optimizado
2026-01-06 08:15:46 - render - INFO - Iniciando frame 8 (1920x1080, 150 iter) - Modo: Optimizado
2026-01-06 08:15:46 - render - INFO - Iniciando frame 9 (1920x1080, 150 iter) - Modo: Optimizado
2026-01-06 08:15:46 - render - INFO - Iniciando frame 7 (1920x1080, 150 iter) - Modo: Optimizado
2026-01-06 08:15:46 - render - INFO - Iniciando frame 6 (1920x1080, 150 iter) - Modo: Optimizado
2026-01-06 08:15:46 - render - INFO - Iniciando frame 10 (1920x1080, 150 iter) - Modo: Optimizado
2026-01-06 08:15:46 - render - INFO - Iniciando frame 11 (1920x1080, 150 iter) - Modo: Optimizado
2026-01-06 08:15:46 - render - INFO - Iniciando frame 12 (1920x1080, 150 iter) - Modo: Optimizado
2026-01-06 08:15:46 - render - INFO - Iniciando frame 14 (1920x1080, 150 iter) - Modo: Optimizado
2026-01-06 08:15:46 - render - INFO - Iniciando frame 24 (1920x1080, 150 iter) - Modo: Optimizado
2026-01-06 08:15:46 - render - INFO - Iniciando frame 30 (1920x1080, 150 iter) - Modo: Optimizado
2026-01-06 08:15:46 - render - INFO - Iniciando frame 18 (1920x1080, 150 iter) - Modo: Optimizado
2026-01-06 08:15:46 - render - INFO - Iniciando frame 19 (1920x1080, 150 iter) - Modo: Optimizado
2026-01-06 08:15:46 - render - INFO - Iniciando frame 20 (1920x1080, 150 iter) - Modo: Optimizado
2026-01-06 08:15:46 - render - INFO - Iniciando frame 21 (1920x1080, 150 iter) - Modo: Optimizado
2026-01-06 08:15:46 - render - INFO - Iniciando frame 22 (1920x1080, 150 iter) - Modo: Optimizado
2026-01-06 08:15:46 - render - INFO - Iniciando frame 23 (1920x1080, 150 iter) - Modo: Optimizado
2026-01-06 08:15:46 - render - INFO - Iniciando frame 25 (1920x1080, 150 iter) - Modo: Optimizado
2026-01-06 08:15:46 - render - INFO - Iniciando frame 27 (1920x1080, 150 iter) - Modo: Optimizado
2026-01-06 08:15:46 - render - INFO - Iniciando frame 28 (1920x1080, 150 iter) - Modo: Optimizado
2026-01-06 08:15:46 - render - INFO - Iniciando frame 29 (1920x1080, 150 iter) - Modo: Optimizado
2026-01-06 08:15:46 - render - INFO - Iniciando frame 31 (1920x1080, 150 iter) - Modo: Optimizado
2026-01-06 08:15:46 - render - INFO - Iniciando frame 13 (1920x1080, 150 iter) - Modo: Optimizado
2026-01-06 08:15:46 - render - INFO - Iniciando frame 16 (1920x1080, 150 iter) - Modo: Optimizado
2026-01-06 08:15:46 - render - INFO - Iniciando frame 26 (1920x1080, 150 iter) - Modo: Optimizado
2026-01-06 08:15:46 - render - INFO - Iniciando frame 15 (1920x1080, 150 iter) - Modo: Optimizado
2026-01-06 08:15:46 - render - INFO - Iniciando frame 17 (1920x1080, 150 iter) - Modo: Optimizado
2026-01-06 08:15:54 - render - INFO - Frame 18 completado en 8.53s (273.6 KB)
2026-01-06 08:15:54 - render - INFO - Frame 26 completado en 8.53s (336.1 KB)
2026-01-06 08:15:54 - render - INFO - Frame 22 completado en 8.54s (290.8 KB)
2026-01-06 08:15:54 - render - INFO - Iniciando frame 32 (1920x1080, 150 iter) - Modo: Optimizado
2026-01-06 08:15:54 - render - INFO - Iniciando frame 34 (1920x1080, 150 iter) - Modo: Optimizado
2026-01-06 08:15:54 - render - INFO - Iniciando frame 33 (1920x1080, 150 iter) - Modo: Optimizado
2026-01-06 08:15:54 - render - INFO - Frame 19 completado en 8.68s (278.3 KB)
2026-01-06 08:15:54 - render - INFO - Frame 17 completado en 8.61s (269.1 KB)
2026-01-06 08:15:54 - render - INFO - Frame 20 completado en 8.76s (278.0 KB)
2026-01-06 08:15:54 - render - INFO - Iniciando frame 35 (1920x1080, 150 iter) - Modo: Optimizado
2026-01-06 08:15:54 - render - INFO - Iniciando frame 36 (1920x1080, 150 iter) - Modo: Optimizado
2026-01-06 08:15:55 - render - INFO - Frame 21 completado en 8.94s (285.9 KB)
2026-01-06 08:15:55 - render - INFO - Frame 1 completado en 8.96s (292.8 KB)
2026-01-06 08:15:55 - render - INFO - Iniciando frame 37 (1920x1080, 150 iter) - Modo: Optimizado
2026-01-06 08:15:55 - render - INFO - Iniciando frame 39 (1920x1080, 150 iter) - Modo: Optimizado
2026-01-06 08:15:55 - render - INFO - Frame 3 completado en 9.16s (366.2 KB)
2026-01-06 08:15:55 - render - INFO - Iniciando frame 38 (1920x1080, 150 iter) - Modo: Optimizado
2026-01-06 08:15:55 - render - INFO - Frame 15 completado en 9.21s (263.7 KB)
2026-01-06 08:15:55 - render - INFO - Frame 25 completado en 9.40s (317.4 KB)
2026-01-06 08:15:55 - render - INFO - Frame 9 completado en 9.43s (382.3 KB)
2026-01-06 08:15:55 - render - INFO - Frame 23 completado en 9.42s (302.1 KB)
2026-01-06 08:15:55 - render - INFO - Frame 24 completado en 9.43s (305.8 KB)
2026-01-06 08:15:55 - render - INFO - Frame 27 completado en 9.46s (344.1 KB)
2026-01-06 08:15:55 - render - INFO - Frame 16 completado en 9.44s (271.9 KB)
2026-01-06 08:15:55 - render - INFO - Frame 6 completado en 9.46s (342.3 KB)
2026-01-06 08:15:55 - render - INFO - Iniciando frame 40 (1920x1080, 150 iter) - Modo: Optimizado
2026-01-06 08:15:55 - render - INFO - Frame 13 completado en 9.52s (275.3 KB)
2026-01-06 08:15:55 - render - INFO - Frame 29 completado en 9.56s (380.6 KB)
2026-01-06 08:15:55 - render - INFO - Frame 30 completado en 9.53s (396.6 KB)
2026-01-06 08:15:55 - render - INFO - Iniciando frame 42 (1920x1080, 150 iter) - Modo: Optimizado
2026-01-06 08:15:55 - render - INFO - Iniciando frame 43 (1920x1080, 150 iter) - Modo: Optimizado
2026-01-06 08:15:55 - render - INFO - Iniciando frame 41 (1920x1080, 150 iter) - Modo: Optimizado
2026-01-06 08:15:55 - render - INFO - Iniciando frame 44 (1920x1080, 150 iter) - Modo: Optimizado
2026-01-06 08:15:55 - render - INFO - Frame 10 completado en 9.86s (367.2 KB)
2026-01-06 08:15:55 - render - INFO - Frame 11 completado en 9.87s (356.6 KB)
2026-01-06 08:15:55 - render - INFO - Frame 5 completado en 9.89s (342.1 KB)
2026-01-06 08:15:55 - render - INFO - Frame 12 completado en 9.87s (314.8 KB)
2026-01-06 08:15:56 - render - INFO - Frame 28 completado en 9.90s (357.4 KB)
2026-01-06 08:15:56 - render - INFO - Frame 8 completado en 9.92s (382.0 KB)
2026-01-06 08:15:56 - render - INFO - Frame 2 completado en 9.92s (332.2 KB)
2026-01-06 08:15:56 - render - INFO - Frame 14 completado en 9.92s (253.9 KB)
2026-01-06 08:15:56 - render - INFO - Frame 0 completado en 9.94s (257.2 KB)
2026-01-06 08:15:56 - render - INFO - Frame 4 completado en 9.97s (389.4 KB)
2026-01-06 08:15:56 - render - INFO - Frame 7 completado en 9.93s (360.9 KB)
2026-01-06 08:15:56 - render - INFO - Iniciando frame 45 (1920x1080, 150 iter) - Modo: Optimizado
2026-01-06 08:15:56 - render - INFO - Iniciando frame 47 (1920x1080, 150 iter) - Modo: Optimizado
2026-01-06 08:15:56 - render - INFO - Frame 31 completado en 9.94s (408.7 KB)
2026-01-06 08:15:56 - render - INFO - Iniciando frame 46 (1920x1080, 150 iter) - Modo: Optimizado
2026-01-06 08:15:56 - render - INFO - Iniciando frame 48 (1920x1080, 150 iter) - Modo: Optimizado
2026-01-06 08:15:56 - render - INFO - Iniciando frame 50 (1920x1080, 150 iter) - Modo: Optimizado
2026-01-06 08:15:56 - render - INFO - Iniciando frame 49 (1920x1080, 150 iter) - Modo: Optimizado
2026-01-06 08:15:56 - render - INFO - Iniciando frame 55 (1920x1080, 150 iter) - Modo: Optimizado
2026-01-06 08:15:56 - render - INFO - Iniciando frame 54 (1920x1080, 150 iter) - Modo: Optimizado
2026-01-06 08:15:56 - render - INFO - Iniciando frame 53 (1920x1080, 150 iter) - Modo: Optimizado
2026-01-06 08:15:56 - render - INFO - Iniciando frame 51 (1920x1080, 150 iter) - Modo: Optimizado
2026-01-06 08:15:56 - render - INFO - Iniciando frame 52 (1920x1080, 150 iter) - Modo: Optimizado
2026-01-06 08:15:56 - render - INFO - Iniciando frame 58 (1920x1080, 150 iter) - Modo: Optimizado
2026-01-06 08:15:56 - render - INFO - Iniciando frame 57 (1920x1080, 150 iter) - Modo: Optimizado
2026-01-06 08:15:56 - render - INFO - Iniciando frame 59 (1920x1080, 150 iter) - Modo: Optimizado
2026-01-06 08:15:56 - render - INFO - Iniciando frame 56 (1920x1080, 150 iter) - Modo: Optimizado
2026-01-06 08:15:57 - render - INFO - Iniciando frame 61 (1920x1080, 150 iter) - Modo: Optimizado
2026-01-06 08:15:57 - render - INFO - Iniciando frame 63 (1920x1080, 150 iter) - Modo: Optimizado
2026-01-06 08:15:57 - render - INFO - Iniciando frame 62 (1920x1080, 150 iter) - Modo: Optimizado
2026-01-06 08:15:57 - render - INFO - Iniciando frame 60 (1920x1080, 150 iter) - Modo: Optimizado
2026-01-06 08:16:00 - render - INFO - Frame 34 completado en 5.92s (450.7 KB)
2026-01-06 08:16:00 - render - INFO - Iniciando frame 64 (1920x1080, 150 iter) - Modo: Optimizado
2026-01-06 08:16:00 - render - INFO - Frame 33 completado en 6.01s (441.9 KB)
2026-01-06 08:16:00 - render - INFO - Iniciando frame 65 (1920x1080, 150 iter) - Modo: Optimizado
2026-01-06 08:16:01 - render - INFO - Frame 32 completado en 6.57s (423.0 KB)
2026-01-06 08:16:01 - render - INFO - Iniciando frame 66 (1920x1080, 150 iter) - Modo: Optimizado
2026-01-06 08:16:01 - render - INFO - Frame 35 completado en 6.68s (446.7 KB)
2026-01-06 08:16:01 - render - INFO - Iniciando frame 67 (1920x1080, 150 iter) - Modo: Optimizado
2026-01-06 08:16:02 - render - INFO - Frame 36 completado en 7.01s (440.2 KB)
2026-01-06 08:16:02 - render - INFO - Iniciando frame 68 (1920x1080, 150 iter) - Modo: Optimizado
2026-01-06 08:16:02 - render - INFO - Frame 39 completado en 6.89s (381.4 KB)
2026-01-06 08:16:02 - render - INFO - Iniciando frame 69 (1920x1080, 150 iter) - Modo: Optimizado
2026-01-06 08:16:02 - render - INFO - Frame 37 completado en 7.28s (425.4 KB)
2026-01-06 08:16:02 - render - INFO - Iniciando frame 70 (1920x1080, 150 iter) - Modo: Optimizado
2026-01-06 08:16:02 - render - INFO - Frame 40 completado en 6.86s (356.8 KB)
2026-01-06 08:16:02 - render - INFO - Iniciando frame 71 (1920x1080, 150 iter) - Modo: Optimizado
2026-01-06 08:16:04 - render - INFO - Frame 45 completado en 8.08s (433.9 KB)
2026-01-06 08:16:04 - render - INFO - Iniciando frame 72 (1920x1080, 150 iter) - Modo: Optimizado
2026-01-06 08:16:04 - render - INFO - Frame 38 completado en 8.77s (408.8 KB)
2026-01-06 08:16:04 - render - INFO - Frame 44 completado en 8.24s (401.8 KB)
2026-01-06 08:16:04 - render - INFO - Iniciando frame 74 (1920x1080, 150 iter) - Modo: Optimizado
2026-01-06 08:16:04 - render - INFO - Iniciando frame 73 (1920x1080, 150 iter) - Modo: Optimizado
2026-01-06 08:16:04 - render - INFO - Frame 49 completado en 8.09s (537.4 KB)
2026-01-06 08:16:04 - render - INFO - Iniciando frame 75 (1920x1080, 150 iter) - Modo: Optimizado
2026-01-06 08:16:04 - render - INFO - Frame 47 completado en 8.64s (505.0 KB)
2026-01-06 08:16:04 - render - INFO - Frame 57 completado en 7.90s (759.2 KB)
2026-01-06 08:16:04 - render - INFO - Frame 51 completado en 7.86s (597.4 KB)
2026-01-06 08:16:05 - render - INFO - Iniciando frame 76 (1920x1080, 150 iter) - Modo: Optimizado
2026-01-06 08:16:05 - render - INFO - Iniciando frame 77 (1920x1080, 150 iter) - Modo: Optimizado
2026-01-06 08:16:05 - render - INFO - Frame 46 completado en 8.76s (465.7 KB)
2026-01-06 08:16:05 - render - INFO - Iniciando frame 78 (1920x1080, 150 iter) - Modo: Optimizado
2026-01-06 08:16:05 - render - INFO - Frame 41 completado en 9.22s (355.7 KB)
2026-01-06 08:16:05 - render - INFO - Frame 56 completado en 8.24s (756.0 KB)
2026-01-06 08:16:05 - render - INFO - Frame 42 completado en 9.29s (373.8 KB)
2026-01-06 08:16:05 - render - INFO - Iniciando frame 79 (1920x1080, 150 iter) - Modo: Optimizado
2026-01-06 08:16:05 - render - INFO - Frame 54 completado en 8.24s (707.9 KB)
2026-01-06 08:16:05 - render - INFO - Frame 48 completado en 9.04s (517.2 KB)
2026-01-06 08:16:05 - render - INFO - Frame 43 completado en 9.33s (389.8 KB)
2026-01-06 08:16:05 - render - INFO - Frame 63 completado en 7.87s (672.1 KB)
2026-01-06 08:16:05 - render - INFO - Frame 52 completado en 8.28s (635.7 KB)
2026-01-06 08:16:05 - render - INFO - Frame 50 completado en 8.74s (569.2 KB)
2026-01-06 08:16:05 - render - INFO - Frame 62 completado en 7.85s (687.0 KB)
2026-01-06 08:16:05 - render - INFO - Frame 60 completado en 7.89s (719.7 KB)
2026-01-06 08:16:05 - render - INFO - Frame 61 completado en 7.89s (697.1 KB)
2026-01-06 08:16:05 - render - INFO - Frame 55 completado en 8.72s (737.8 KB)
2026-01-06 08:16:05 - render - INFO - Frame 59 completado en 8.33s (729.7 KB)
2026-01-06 08:16:05 - render - INFO - Frame 53 completado en 8.39s (677.7 KB)
2026-01-06 08:16:05 - render - INFO - Frame 58 completado en 8.14s (745.0 KB)
2026-01-06 08:16:05 - render - INFO - Iniciando frame 81 (1920x1080, 150 iter) - Modo: Optimizado
2026-01-06 08:16:05 - render - INFO - Iniciando frame 82 (1920x1080, 150 iter) - Modo: Optimizado
2026-01-06 08:16:05 - render - INFO - Iniciando frame 83 (1920x1080, 150 iter) - Modo: Optimizado
2026-01-06 08:16:05 - render - INFO - Iniciando frame 80 (1920x1080, 150 iter) - Modo: Optimizado
2026-01-06 08:16:05 - render - INFO - Iniciando frame 84 (1920x1080, 150 iter) - Modo: Optimizado
2026-01-06 08:16:05 - render - INFO - Iniciando frame 88 (1920x1080, 150 iter) - Modo: Optimizado
2026-01-06 08:16:05 - render - INFO - Iniciando frame 91 (1920x1080, 150 iter) - Modo: Optimizado
2026-01-06 08:16:06 - render - INFO - Iniciando frame 90 (1920x1080, 150 iter) - Modo: Optimizado
2026-01-06 08:16:05 - render - INFO - Iniciando frame 86 (1920x1080, 150 iter) - Modo: Optimizado
2026-01-06 08:16:05 - render - INFO - Iniciando frame 87 (1920x1080, 150 iter) - Modo: Optimizado
2026-01-06 08:16:05 - render - INFO - Iniciando frame 89 (1920x1080, 150 iter) - Modo: Optimizado
2026-01-06 08:16:06 - render - INFO - Iniciando frame 85 (1920x1080, 150 iter) - Modo: Optimizado
2026-01-06 08:16:05 - render - INFO - Iniciando frame 92 (1920x1080, 150 iter) - Modo: Optimizado
2026-01-06 08:16:06 - render - INFO - Iniciando frame 93 (1920x1080, 150 iter) - Modo: Optimizado
2026-01-06 08:16:06 - render - INFO - Iniciando frame 95 (1920x1080, 150 iter) - Modo: Optimizado
2026-01-06 08:16:06 - render - INFO - Iniciando frame 94 (1920x1080, 150 iter) - Modo: Optimizado
2026-01-06 08:16:08 - render - INFO - Frame 65 completado en 7.06s (629.5 KB)
2026-01-06 08:16:08 - render - INFO - Iniciando frame 96 (1920x1080, 150 iter) - Modo: Optimizado
2026-01-06 08:16:08 - render - INFO - Frame 64 completado en 7.53s (650.4 KB)
2026-01-06 08:16:08 - render - INFO - Frame 66 completado en 7.12s (594.8 KB)
2026-01-06 08:16:08 - render - INFO - Iniciando frame 97 (1920x1080, 150 iter) - Modo: Optimizado
2026-01-06 08:16:08 - render - INFO - Iniciando frame 98 (1920x1080, 150 iter) - Modo: Optimizado
2026-01-06 08:16:09 - render - INFO - Frame 67 completado en 7.89s (584.5 KB)
2026-01-06 08:16:09 - render - INFO - Iniciando frame 99 (1920x1080, 150 iter) - Modo: Optimizado
2026-01-06 08:16:10 - render - INFO - Frame 68 completado en 7.94s (602.1 KB)
2026-01-06 08:16:10 - render - INFO - Frame 69 completado en 7.69s (607.6 KB)
2026-01-06 08:16:10 - render - INFO - Frame 71 completado en 7.21s (652.0 KB)
2026-01-06 08:16:10 - render - INFO - Frame 70 completado en 7.48s (624.2 KB)
2026-01-06 08:16:11 - render - INFO - Frame 74 completado en 7.49s (688.4 KB)
2026-01-06 08:16:12 - render - INFO - Frame 72 completado en 7.72s (667.9 KB)
2026-01-06 08:16:12 - render - INFO - Frame 73 completado en 7.97s (677.2 KB)
2026-01-06 08:16:12 - render - INFO - Frame 75 completado en 7.51s (687.0 KB)
2026-01-06 08:16:12 - render - INFO - Frame 77 completado en 7.40s (706.0 KB)
2026-01-06 08:16:12 - render - INFO - Frame 76 completado en 7.66s (695.8 KB)
2026-01-06 08:16:12 - render - INFO - Frame 78 completado en 7.25s (731.0 KB)
2026-01-06 08:16:12 - render - INFO - Frame 79 completado en 7.27s (779.2 KB)
2026-01-06 08:16:12 - render - INFO - Frame 82 completado en 6.94s (833.5 KB)
2026-01-06 08:16:12 - render - INFO - Frame 88 completado en 6.89s (678.1 KB)
2026-01-06 08:16:13 - render - INFO - Frame 81 completado en 7.17s (817.6 KB)
2026-01-06 08:16:13 - render - INFO - Frame 87 completado en 6.85s (718.0 KB)
2026-01-06 08:16:13 - render - INFO - Frame 84 completado en 7.13s (832.8 KB)
2026-01-06 08:16:13 - render - INFO - Frame 92 completado en 7.08s (629.2 KB)
2026-01-06 08:16:13 - render - INFO - Frame 96 completado en 5.12s (519.6 KB)
2026-01-06 08:16:13 - render - INFO - Frame 89 completado en 7.11s (655.5 KB)
2026-01-06 08:16:13 - render - INFO - Frame 86 completado en 7.14s (759.8 KB)
2026-01-06 08:16:13 - render - INFO - Frame 90 completado en 7.11s (648.4 KB)
2026-01-06 08:16:13 - render - INFO - Frame 83 completado en 7.39s (863.7 KB)
2026-01-06 08:16:13 - render - INFO - Frame 80 completado en 7.40s (808.7 KB)
2026-01-06 08:16:13 - render - INFO - Frame 85 completado en 7.02s (797.2 KB)
2026-01-06 08:16:13 - render - INFO - Frame 97 completado en 4.88s (503.2 KB)
2026-01-06 08:16:13 - render - INFO - Frame 93 completado en 6.32s (605.9 KB)
2026-01-06 08:16:13 - render - INFO - Frame 99 completado en 3.66s (468.2 KB)
2026-01-06 08:16:13 - render - INFO - Frame 94 completado en 6.23s (579.3 KB)
2026-01-06 08:16:13 - render - INFO - Frame 98 completado en 4.77s (477.2 KB)
2026-01-06 08:16:13 - render - INFO - Frame 95 completado en 6.25s (543.8 KB)
2026-01-06 08:16:13 - render - INFO - Frame 91 completado en 7.21s (635.2 KB)
2026-01-06 08:20:25 - render - INFO - Iniciando frame 0 (1920x1080, 150 iter) - Modo: Optimizado
2026-01-06 08:20:25 - render - INFO - Iniciando frame 1 (1920x1080, 150 iter) - Modo: Optimizado
2026-01-06 08:20:25 - render - INFO - Iniciando frame 14 (1920x1080, 150 iter) - Modo: Optimizado
2026-01-06 08:20:26 - render - INFO - Iniciando frame 4 (1920x1080, 150 iter) - Modo: Optimizado
2026-01-06 08:20:26 - render - INFO - Iniciando frame 3 (1920x1080, 150 iter) - Modo: Optimizado
2026-01-06 08:20:26 - render - INFO - Iniciando frame 7 (1920x1080, 150 iter) - Modo: Optimizado
2026-01-06 08:20:26 - render - INFO - Iniciando frame 8 (1920x1080, 150 iter) - Modo: Optimizado
2026-01-06 08:20:26 - render - INFO - Iniciando frame 10 (1920x1080, 150 iter) - Modo: Optimizado
2026-01-06 08:20:26 - render - INFO - Iniciando frame 11 (1920x1080, 150 iter) - Modo: Optimizado
2026-01-06 08:20:26 - render - INFO - Iniciando frame 12 (1920x1080, 150 iter) - Modo: Optimizado
2026-01-06 08:20:26 - render - INFO - Iniciando frame 2 (1920x1080, 150 iter) - Modo: Optimizado
2026-01-06 08:20:26 - render - INFO - Iniciando frame 5 (1920x1080, 150 iter) - Modo: Optimizado
2026-01-06 08:20:26 - render - INFO - Iniciando frame 6 (1920x1080, 150 iter) - Modo: Optimizado
2026-01-06 08:20:26 - render - INFO - Iniciando frame 9 (1920x1080, 150 iter) - Modo: Optimizado
2026-01-06 08:20:26 - render - INFO - Iniciando frame 13 (1920x1080, 150 iter) - Modo: Optimizado
2026-01-06 08:20:26 - render - INFO - Iniciando frame 18 (1920x1080, 150 iter) - Modo: Optimizado
2026-01-06 08:20:26 - render - INFO - Iniciando frame 26 (1920x1080, 150 iter) - Modo: Optimizado
2026-01-06 08:20:26 - render - INFO - Iniciando frame 15 (1920x1080, 150 iter) - Modo: Optimizado
2026-01-06 08:20:26 - render - INFO - Iniciando frame 16 (1920x1080, 150 iter) - Modo: Optimizado
2026-01-06 08:20:26 - render - INFO - Iniciando frame 17 (1920x1080, 150 iter) - Modo: Optimizado
2026-01-06 08:20:26 - render - INFO - Iniciando frame 19 (1920x1080, 150 iter) - Modo: Optimizado
2026-01-06 08:20:26 - render - INFO - Iniciando frame 24 (1920x1080, 150 iter) - Modo: Optimizado
2026-01-06 08:20:26 - render - INFO - Iniciando frame 25 (1920x1080, 150 iter) - Modo: Optimizado
2026-01-06 08:20:26 - render - INFO - Iniciando frame 27 (1920x1080, 150 iter) - Modo: Optimizado
2026-01-06 08:20:26 - render - INFO - Iniciando frame 30 (1920x1080, 150 iter) - Modo: Optimizado
2026-01-06 08:20:26 - render - INFO - Iniciando frame 31 (1920x1080, 150 iter) - Modo: Optimizado
2026-01-06 08:20:26 - render - INFO - Iniciando frame 29 (1920x1080, 150 iter) - Modo: Optimizado
2026-01-06 08:20:26 - render - INFO - Iniciando frame 20 (1920x1080, 150 iter) - Modo: Optimizado
2026-01-06 08:20:26 - render - INFO - Iniciando frame 22 (1920x1080, 150 iter) - Modo: Optimizado
2026-01-06 08:20:26 - render - INFO - Iniciando frame 21 (1920x1080, 150 iter) - Modo: Optimizado
2026-01-06 08:20:26 - render - INFO - Iniciando frame 23 (1920x1080, 150 iter) - Modo: Optimizado
2026-01-06 08:20:26 - render - INFO - Iniciando frame 28 (1920x1080, 150 iter) - Modo: Optimizado
2026-01-06 08:20:34 - render - INFO - Frame 18 completado en 8.28s (273.6 KB)
2026-01-06 08:20:34 - render - INFO - Frame 24 completado en 8.29s (305.8 KB)
2026-01-06 08:20:34 - render - INFO - Iniciando frame 32 (1920x1080, 150 iter) - Modo: Optimizado
2026-01-06 08:20:34 - render - INFO - Iniciando frame 33 (1920x1080, 150 iter) - Modo: Optimizado
2026-01-06 08:20:34 - render - INFO - Frame 16 completado en 8.80s (271.9 KB)
2026-01-06 08:20:34 - render - INFO - Frame 11 completado en 8.82s (356.6 KB)
2026-01-06 08:20:34 - render - INFO - Frame 29 completado en 8.79s (380.6 KB)
2026-01-06 08:20:34 - render - INFO - Frame 5 completado en 8.90s (342.1 KB)
2026-01-06 08:20:34 - render - INFO - Frame 0 completado en 8.96s (257.2 KB)
2026-01-06 08:20:35 - render - INFO - Frame 20 completado en 8.94s (278.0 KB)
2026-01-06 08:20:35 - render - INFO - Frame 15 completado en 8.96s (263.7 KB)
2026-01-06 08:20:35 - render - INFO - Frame 4 completado en 8.98s (389.4 KB)
2026-01-06 08:20:35 - render - INFO - Frame 19 completado en 8.96s (278.3 KB)
2026-01-06 08:20:35 - render - INFO - Iniciando frame 34 (1920x1080, 150 iter) - Modo: Optimizado
2026-01-06 08:20:35 - render - INFO - Frame 21 completado en 8.97s (285.9 KB)
2026-01-06 08:20:35 - render - INFO - Frame 17 completado en 8.95s (269.1 KB)
2026-01-06 08:20:35 - render - INFO - Frame 10 completado en 9.02s (367.2 KB)
2026-01-06 08:20:35 - render - INFO - Frame 30 completado en 9.01s (396.6 KB)
2026-01-06 08:20:35 - render - INFO - Iniciando frame 35 (1920x1080, 150 iter) - Modo: Optimizado
2026-01-06 08:20:35 - render - INFO - Frame 25 completado en 9.02s (317.4 KB)
2026-01-06 08:20:35 - render - INFO - Iniciando frame 37 (1920x1080, 150 iter) - Modo: Optimizado
2026-01-06 08:20:35 - render - INFO - Frame 7 completado en 9.07s (360.9 KB)
2026-01-06 08:20:35 - render - INFO - Frame 28 completado en 9.06s (357.4 KB)
2026-01-06 08:20:35 - render - INFO - Frame 1 completado en 9.10s (292.8 KB)
2026-01-06 08:20:35 - render - INFO - Frame 12 completado en 9.08s (314.8 KB)
2026-01-06 08:20:35 - render - INFO - Iniciando frame 36 (1920x1080, 150 iter) - Modo: Optimizado
2026-01-06 08:20:35 - render - INFO - Iniciando frame 38 (1920x1080, 150 iter) - Modo: Optimizado
2026-01-06 08:20:35 - render - INFO - Frame 9 completado en 9.10s (382.3 KB)
2026-01-06 08:20:35 - render - INFO - Frame 27 completado en 9.09s (344.1 KB)
2026-01-06 08:20:35 - render - INFO - Iniciando frame 39 (1920x1080, 150 iter) - Modo: Optimizado
2026-01-06 08:20:35 - render - INFO - Frame 23 completado en 9.09s (302.1 KB)
2026-01-06 08:20:35 - render - INFO - Frame 22 completado en 9.09s (290.8 KB)
2026-01-06 08:20:35 - render - INFO - Frame 14 completado en 9.13s (253.9 KB)
2026-01-06 08:20:35 - render - INFO - Frame 8 completado en 9.13s (382.0 KB)
2026-01-06 08:20:35 - render - INFO - Frame 13 completado en 9.11s (275.3 KB)
2026-01-06 08:20:35 - render - INFO - Frame 6 completado en 9.11s (342.3 KB)
2026-01-06 08:20:35 - render - INFO - Frame 2 completado en 9.11s (332.2 KB)
2026-01-06 08:20:35 - render - INFO - Frame 31 completado en 9.11s (408.7 KB)
2026-01-06 08:20:35 - render - INFO - Frame 26 completado en 9.12s (336.1 KB)
2026-01-06 08:20:35 - render - INFO - Frame 3 completado en 9.12s (366.2 KB)
2026-01-06 08:20:35 - render - INFO - Iniciando frame 40 (1920x1080, 150 iter) - Modo: Optimizado
2026-01-06 08:20:35 - render - INFO - Iniciando frame 47 (1920x1080, 150 iter) - Modo: Optimizado
2026-01-06 08:20:35 - render - INFO - Iniciando frame 43 (1920x1080, 150 iter) - Modo: Optimizado
2026-01-06 08:20:35 - render - INFO - Iniciando frame 50 (1920x1080, 150 iter) - Modo: Optimizado
2026-01-06 08:20:35 - render - INFO - Iniciando frame 44 (1920x1080, 150 iter) - Modo: Optimizado
2026-01-06 08:20:35 - render - INFO - Iniciando frame 45 (1920x1080, 150 iter) - Modo: Optimizado
2026-01-06 08:20:35 - render - INFO - Iniciando frame 46 (1920x1080, 150 iter) - Modo: Optimizado
2026-01-06 08:20:35 - render - INFO - Iniciando frame 41 (1920x1080, 150 iter) - Modo: Optimizado
2026-01-06 08:20:35 - render - INFO - Iniciando frame 42 (1920x1080, 150 iter) - Modo: Optimizado
2026-01-06 08:20:35 - render - INFO - Iniciando frame 48 (1920x1080, 150 iter) - Modo: Optimizado
2026-01-06 08:20:35 - render - INFO - Iniciando frame 49 (1920x1080, 150 iter) - Modo: Optimizado
2026-01-06 08:20:35 - render - INFO - Iniciando frame 51 (1920x1080, 150 iter) - Modo: Optimizado
2026-01-06 08:20:35 - render - INFO - Iniciando frame 52 (1920x1080, 150 iter) - Modo: Optimizado
2026-01-06 08:20:36 - render - INFO - Iniciando frame 55 (1920x1080, 150 iter) - Modo: Optimizado
2026-01-06 08:20:36 - render - INFO - Iniciando frame 61 (1920x1080, 150 iter) - Modo: Optimizado
2026-01-06 08:20:36 - render - INFO - Iniciando frame 63 (1920x1080, 150 iter) - Modo: Optimizado
2026-01-06 08:20:36 - render - INFO - Iniciando frame 54 (1920x1080, 150 iter) - Modo: Optimizado
2026-01-06 08:20:36 - render - INFO - Iniciando frame 56 (1920x1080, 150 iter) - Modo: Optimizado
2026-01-06 08:20:36 - render - INFO - Iniciando frame 58 (1920x1080, 150 iter) - Modo: Optimizado
2026-01-06 08:20:36 - render - INFO - Iniciando frame 53 (1920x1080, 150 iter) - Modo: Optimizado
2026-01-06 08:20:36 - render - INFO - Iniciando frame 57 (1920x1080, 150 iter) - Modo: Optimizado
2026-01-06 08:20:36 - render - INFO - Iniciando frame 59 (1920x1080, 150 iter) - Modo: Optimizado
2026-01-06 08:20:36 - render - INFO - Iniciando frame 62 (1920x1080, 150 iter) - Modo: Optimizado
2026-01-06 08:20:36 - render - INFO - Iniciando frame 60 (1920x1080, 150 iter) - Modo: Optimizado
2026-01-06 08:20:40 - render - INFO - Frame 33 completado en 5.63s (441.9 KB)
2026-01-06 08:20:40 - render - INFO - Iniciando frame 64 (1920x1080, 150 iter) - Modo: Optimizado
2026-01-06 08:20:40 - render - INFO - Frame 32 completado en 6.00s (423.0 KB)
2026-01-06 08:20:40 - render - INFO - Iniciando frame 65 (1920x1080, 150 iter) - Modo: Optimizado
2026-01-06 08:20:42 - render - INFO - Frame 37 completado en 7.63s (425.4 KB)
2026-01-06 08:20:42 - render - INFO - Iniciando frame 66 (1920x1080, 150 iter) - Modo: Optimizado
2026-01-06 08:20:43 - render - INFO - Frame 35 completado en 7.92s (446.7 KB)
2026-01-06 08:20:43 - render - INFO - Iniciando frame 67 (1920x1080, 150 iter) - Modo: Optimizado
2026-01-06 08:20:43 - render - INFO - Frame 34 completado en 8.00s (450.7 KB)
2026-01-06 08:20:43 - render - INFO - Iniciando frame 68 (1920x1080, 150 iter) - Modo: Optimizado
2026-01-06 08:20:43 - render - INFO - Frame 38 completado en 7.79s (408.8 KB)
2026-01-06 08:20:43 - render - INFO - Frame 40 completado en 7.55s (356.8 KB)
2026-01-06 08:20:43 - render - INFO - Iniciando frame 69 (1920x1080, 150 iter) - Modo: Optimizado
2026-01-06 08:20:43 - render - INFO - Iniciando frame 70 (1920x1080, 150 iter) - Modo: Optimizado
2026-01-06 08:20:43 - render - INFO - Frame 44 completado en 7.95s (401.8 KB)
2026-01-06 08:20:43 - render - INFO - Frame 36 completado en 8.72s (440.2 KB)
2026-01-06 08:20:43 - render - INFO - Iniciando frame 71 (1920x1080, 150 iter) - Modo: Optimizado
2026-01-06 08:20:43 - render - INFO - Frame 42 completado en 7.96s (373.8 KB)
2026-01-06 08:20:44 - render - INFO - Iniciando frame 72 (1920x1080, 150 iter) - Modo: Optimizado
2026-01-06 08:20:44 - render - INFO - Iniciando frame 73 (1920x1080, 150 iter) - Modo: Optimizado
2026-01-06 08:20:44 - render - INFO - Frame 43 completado en 8.10s (389.8 KB)
2026-01-06 08:20:44 - render - INFO - Frame 41 completado en 8.05s (355.7 KB)
2026-01-06 08:20:44 - render - INFO - Iniciando frame 74 (1920x1080, 150 iter) - Modo: Optimizado
2026-01-06 08:20:44 - render - INFO - Iniciando frame 75 (1920x1080, 150 iter) - Modo: Optimizado
2026-01-06 08:20:44 - render - INFO - Frame 45 completado en 8.23s (433.9 KB)
2026-01-06 08:20:44 - render - INFO - Frame 51 completado en 8.53s (597.4 KB)
2026-01-06 08:20:44 - render - INFO - Frame 55 completado en 7.67s (737.8 KB)
2026-01-06 08:20:44 - render - INFO - Frame 46 completado en 8.59s (465.7 KB)
2026-01-06 08:20:44 - render - INFO - Iniciando frame 76 (1920x1080, 150 iter) - Modo: Optimizado
2026-01-06 08:20:44 - render - INFO - Frame 52 completado en 8.68s (635.7 KB)
2026-01-06 08:20:44 - render - INFO - Frame 39 completado en 8.78s (381.4 KB)
2026-01-06 08:20:44 - render - INFO - Iniciando frame 79 (1920x1080, 150 iter) - Modo: Optimizado
2026-01-06 08:20:44 - render - INFO - Iniciando frame 78 (1920x1080, 150 iter) - Modo: Optimizado
2026-01-06 08:20:44 - render - INFO - Iniciando frame 77 (1920x1080, 150 iter) - Modo: Optimizado
2026-01-06 08:20:44 - render - INFO - Frame 56 completado en 7.53s (756.0 KB)
2026-01-06 08:20:45 - render - INFO - Iniciando frame 80 (1920x1080, 150 iter) - Modo: Optimizado
2026-01-06 08:20:45 - render - INFO - Frame 54 completado en 7.66s (707.9 KB)
2026-01-06 08:20:45 - render - INFO - Frame 49 completado en 8.98s (537.4 KB)
2026-01-06 08:20:45 - render - INFO - Frame 47 completado en 8.96s (505.0 KB)
2026-01-06 08:20:45 - render - INFO - Iniciando frame 81 (1920x1080, 150 iter) - Modo: Optimizado
2026-01-06 08:20:45 - render - INFO - Iniciando frame 82 (1920x1080, 150 iter) - Modo: Optimizado
2026-01-06 08:20:45 - render - INFO - Frame 48 completado en 9.08s (517.2 KB)
2026-01-06 08:20:45 - render - INFO - Iniciando frame 83 (1920x1080, 150 iter) - Modo: Optimizado
2026-01-06 08:20:45 - render - INFO - Iniciando frame 84 (1920x1080, 150 iter) - Modo: Optimizado
2026-01-06 08:20:45 - render - INFO - Frame 53 completado en 8.21s (677.7 KB)
2026-01-06 08:20:45 - render - INFO - Iniciando frame 85 (1920x1080, 150 iter) - Modo: Optimizado
2026-01-06 08:20:45 - render - INFO - Frame 58 completado en 8.51s (745.0 KB)
2026-01-06 08:20:45 - render - INFO - Frame 50 completado en 9.86s (569.2 KB)
2026-01-06 08:20:45 - render - INFO - Frame 61 completado en 8.48s (697.1 KB)
2026-01-06 08:20:45 - render - INFO - Frame 63 completado en 8.50s (672.1 KB)
2026-01-06 08:20:45 - render - INFO - Frame 59 completado en 8.33s (729.7 KB)
2026-01-06 08:20:45 - render - INFO - Frame 57 completado en 8.34s (759.2 KB)
2026-01-06 08:20:45 - render - INFO - Frame 62 completado en 8.43s (687.0 KB)
2026-01-06 08:20:46 - render - INFO - Iniciando frame 86 (1920x1080, 150 iter) - Modo: Optimizado
2026-01-06 08:20:46 - render - INFO - Iniciando frame 87 (1920x1080, 150 iter) - Modo: Optimizado
2026-01-06 08:20:46 - render - INFO - Iniciando frame 88 (1920x1080, 150 iter) - Modo: Optimizado
2026-01-06 08:20:46 - render - INFO - Iniciando frame 89 (1920x1080, 150 iter) - Modo: Optimizado
2026-01-06 08:20:46 - render - INFO - Iniciando frame 90 (1920x1080, 150 iter) - Modo: Optimizado
2026-01-06 08:20:46 - render - INFO - Frame 60 completado en 8.36s (719.7 KB)
2026-01-06 08:20:46 - render - INFO - Iniciando frame 94 (1920x1080, 150 iter) - Modo: Optimizado
2026-01-06 08:20:46 - render - INFO - Iniciando frame 93 (1920x1080, 150 iter) - Modo: Optimizado
2026-01-06 08:20:46 - render - INFO - Iniciando frame 91 (1920x1080, 150 iter) - Modo: Optimizado
2026-01-06 08:20:46 - render - INFO - Iniciando frame 92 (1920x1080, 150 iter) - Modo: Optimizado
2026-01-06 08:20:46 - render - INFO - Iniciando frame 95 (1920x1080, 150 iter) - Modo: Optimizado
2026-01-06 08:20:48 - render - INFO - Frame 64 completado en 7.98s (650.4 KB)
2026-01-06 08:20:48 - render - INFO - Frame 65 completado en 7.66s (629.5 KB)
2026-01-06 08:20:48 - render - INFO - Iniciando frame 96 (1920x1080, 150 iter) - Modo: Optimizado
2026-01-06 08:20:48 - render - INFO - Iniciando frame 97 (1920x1080, 150 iter) - Modo: Optimizado
2026-01-06 08:20:50 - render - INFO - Frame 66 completado en 7.85s (594.8 KB)
2026-01-06 08:20:50 - render - INFO - Iniciando frame 98 (1920x1080, 150 iter) - Modo: Optimizado
2026-01-06 08:20:51 - render - INFO - Frame 67 completado en 8.10s (584.5 KB)
2026-01-06 08:20:51 - render - INFO - Iniciando frame 99 (1920x1080, 150 iter) - Modo: Optimizado
2026-01-06 08:20:51 - render - INFO - Frame 68 completado en 8.26s (602.1 KB)
2026-01-06 08:20:51 - render - INFO - Frame 69 completado en 8.18s (607.6 KB)
2026-01-06 08:20:51 - render - INFO - Frame 70 completado en 8.18s (624.2 KB)
2026-01-06 08:20:51 - render - INFO - Frame 71 completado en 7.94s (652.0 KB)
2026-01-06 08:20:52 - render - INFO - Frame 74 completado en 7.56s (688.4 KB)
2026-01-06 08:20:52 - render - INFO - Frame 72 completado en 8.16s (667.9 KB)
2026-01-06 08:20:52 - render - INFO - Frame 73 completado en 8.20s (677.2 KB)
2026-01-06 08:20:52 - render - INFO - Frame 76 completado en 7.92s (695.8 KB)
2026-01-06 08:20:52 - render - INFO - Frame 78 completado en 7.60s (731.0 KB)
2026-01-06 08:20:52 - render - INFO - Frame 75 completado en 8.20s (687.0 KB)
2026-01-06 08:20:52 - render - INFO - Frame 77 completado en 7.74s (706.0 KB)
2026-01-06 08:20:52 - render - INFO - Frame 80 completado en 7.64s (808.7 KB)
2026-01-06 08:20:52 - render - INFO - Frame 87 completado en 6.30s (718.0 KB)
2026-01-06 08:20:52 - render - INFO - Frame 79 completado en 7.76s (779.2 KB)
2026-01-06 08:20:52 - render - INFO - Frame 81 completado en 7.44s (817.6 KB)
2026-01-06 08:20:53 - render - INFO - Frame 83 completado en 7.18s (863.7 KB)
2026-01-06 08:20:53 - render - INFO - Frame 85 completado en 6.88s (797.2 KB)
2026-01-06 08:20:53 - render - INFO - Frame 84 completado en 7.39s (832.8 KB)
2026-01-06 08:20:53 - render - INFO - Frame 90 completado en 6.72s (648.4 KB)
2026-01-06 08:20:53 - render - INFO - Frame 82 completado en 7.60s (833.5 KB)
2026-01-06 08:20:53 - render - INFO - Frame 91 completado en 6.72s (635.2 KB)
2026-01-06 08:20:53 - render - INFO - Frame 95 completado en 6.59s (543.8 KB)
2026-01-06 08:20:53 - render - INFO - Frame 89 completado en 6.84s (655.5 KB)
2026-01-06 08:20:53 - render - INFO - Frame 94 completado en 6.74s (579.3 KB)
2026-01-06 08:20:53 - render - INFO - Frame 88 completado en 6.78s (678.1 KB)
2026-01-06 08:20:53 - render - INFO - Frame 92 completado en 6.69s (629.2 KB)
2026-01-06 08:20:53 - render - INFO - Frame 86 completado en 7.00s (759.8 KB)
2026-01-06 08:20:53 - render - INFO - Frame 93 completado en 6.45s (605.9 KB)
2026-01-06 08:20:53 - render - INFO - Frame 97 completado en 5.17s (503.2 KB)
2026-01-06 08:20:53 - render - INFO - Frame 96 completado en 5.25s (519.6 KB)
2026-01-06 08:20:53 - render - INFO - Frame 98 completado en 2.78s (477.2 KB)
2026-01-06 08:20:53 - render - INFO - Frame 99 completado en 2.29s (468.2 KB)
2026-01-06 10:43:01 - render - INFO - Iniciando frame 0 (1920x1080, 150 iter) - Modo: Optimizado
2026-01-06 10:43:01 - render - INFO - Iniciando frame 3 (1920x1080, 150 iter) - Modo: Optimizado
2026-01-06 10:43:01 - render - INFO - Iniciando frame 1 (1920x1080, 150 iter) - Modo: Optimizado
2026-01-06 10:43:01 - render - INFO - Iniciando frame 2 (1920x1080, 150 iter) - Modo: Optimizado
2026-01-06 10:43:01 - render - INFO - Iniciando frame 27 (1920x1080, 150 iter) - Modo: Optimizado
2026-01-06 10:43:01 - render - INFO - Iniciando frame 6 (1920x1080, 150 iter) - Modo: Optimizado
2026-01-06 10:43:01 - render - INFO - Iniciando frame 4 (1920x1080, 150 iter) - Modo: Optimizado
2026-01-06 10:43:01 - render - INFO - Iniciando frame 8 (1920x1080, 150 iter) - Modo: Optimizado
2026-01-06 10:43:01 - render - INFO - Iniciando frame 9 (1920x1080, 150 iter) - Modo: Optimizado
2026-01-06 10:43:01 - render - INFO - Iniciando frame 5 (1920x1080, 150 iter) - Modo: Optimizado
2026-01-06 10:43:01 - render - INFO - Iniciando frame 11 (1920x1080, 150 iter) - Modo: Optimizado
2026-01-06 10:43:01 - render - INFO - Iniciando frame 12 (1920x1080, 150 iter) - Modo: Optimizado
2026-01-06 10:43:01 - render - INFO - Iniciando frame 13 (1920x1080, 150 iter) - Modo: Optimizado
2026-01-06 10:43:01 - render - INFO - Iniciando frame 14 (1920x1080, 150 iter) - Modo: Optimizado
2026-01-06 10:43:01 - render - INFO - Iniciando frame 15 (1920x1080, 150 iter) - Modo: Optimizado
2026-01-06 10:43:01 - render - INFO - Iniciando frame 16 (1920x1080, 150 iter) - Modo: Optimizado
2026-01-06 10:43:01 - render - INFO - Iniciando frame 17 (1920x1080, 150 iter) - Modo: Optimizado
2026-01-06 10:43:01 - render - INFO - Iniciando frame 18 (1920x1080, 150 iter) - Modo: Optimizado
2026-01-06 10:43:01 - render - INFO - Iniciando frame 19 (1920x1080, 150 iter) - Modo: Optimizado
2026-01-06 10:43:01 - render - INFO - Iniciando frame 20 (1920x1080, 150 iter) - Modo: Optimizado
2026-01-06 10:43:01 - render - INFO - Iniciando frame 22 (1920x1080, 150 iter) - Modo: Optimizado
2026-01-06 10:43:01 - render - INFO - Iniciando frame 21 (1920x1080, 150 iter) - Modo: Optimizado
2026-01-06 10:43:01 - render - INFO - Iniciando frame 23 (1920x1080, 150 iter) - Modo: Optimizado
2026-01-06 10:43:01 - render - INFO - Iniciando frame 24 (1920x1080, 150 iter) - Modo: Optimizado
2026-01-06 10:43:01 - render - INFO - Iniciando frame 10 (1920x1080, 150 iter) - Modo: Optimizado
2026-01-06 10:43:01 - render - INFO - Iniciando frame 7 (1920x1080, 150 iter) - Modo: Optimizado
2026-01-06 10:43:01 - render - INFO - Iniciando frame 25 (1920x1080, 150 iter) - Modo: Optimizado
2026-01-06 10:43:01 - render - INFO - Iniciando frame 26 (1920x1080, 150 iter) - Modo: Optimizado
2026-01-06 10:43:01 - render - INFO - Iniciando frame 28 (1920x1080, 150 iter) - Modo: Optimizado
2026-01-06 10:43:01 - render - INFO - Iniciando frame 29 (1920x1080, 150 iter) - Modo: Optimizado
2026-01-06 10:43:01 - render - INFO - Iniciando frame 31 (1920x1080, 150 iter) - Modo: Optimizado
2026-01-06 10:43:01 - render - INFO - Iniciando frame 30 (1920x1080, 150 iter) - Modo: Optimizado
2026-01-06 10:43:10 - render - INFO - Frame 6 completado en 8.56s (342.3 KB)
2026-01-06 10:43:10 - render - INFO - Frame 2 completado en 8.59s (332.2 KB)
2026-01-06 10:43:10 - render - INFO - Iniciando frame 32 (1920x1080, 150 iter) - Modo: Optimizado
2026-01-06 10:43:10 - render - INFO - Iniciando frame 33 (1920x1080, 150 iter) - Modo: Optimizado
2026-01-06 10:43:11 - render - INFO - Frame 15 completado en 9.59s (263.7 KB)
2026-01-06 10:43:11 - render - INFO - Iniciando frame 34 (1920x1080, 150 iter) - Modo: Optimizado
2026-01-06 10:43:11 - render - INFO - Frame 23 completado en 9.65s (302.1 KB)
2026-01-06 10:43:11 - render - INFO - Frame 17 completado en 9.65s (269.1 KB)
2026-01-06 10:43:11 - render - INFO - Frame 22 completado en 9.73s (290.8 KB)
2026-01-06 10:43:11 - render - INFO - Frame 29 completado en 9.74s (380.6 KB)
2026-01-06 10:43:11 - render - INFO - Iniciando frame 36 (1920x1080, 150 iter) - Modo: Optimizado
2026-01-06 10:43:11 - render - INFO - Iniciando frame 35 (1920x1080, 150 iter) - Modo: Optimizado
2026-01-06 10:43:11 - render - INFO - Iniciando frame 37 (1920x1080, 150 iter) - Modo: Optimizado
2026-01-06 10:43:11 - render - INFO - Iniciando frame 38 (1920x1080, 150 iter) - Modo: Optimizado
2026-01-06 10:43:11 - render - INFO - Frame 20 completado en 9.85s (278.0 KB)
2026-01-06 10:43:11 - render - INFO - Frame 21 completado en 9.85s (285.9 KB)
2026-01-06 10:43:11 - render - INFO - Frame 14 completado en 9.99s (253.9 KB)
2026-01-06 10:43:11 - render - INFO - Frame 18 completado en 10.08s (273.6 KB)
2026-01-06 10:43:11 - render - INFO - Iniciando frame 40 (1920x1080, 150 iter) - Modo: Optimizado
2026-01-06 10:43:11 - render - INFO - Iniciando frame 39 (1920x1080, 150 iter) - Modo: Optimizado
2026-01-06 10:43:11 - render - INFO - Frame 8 completado en 10.16s (382.0 KB)
2026-01-06 10:43:11 - render - INFO - Frame 13 completado en 10.19s (275.3 KB)
2026-01-06 10:43:12 - render - INFO - Frame 25 completado en 10.44s (317.4 KB)
2026-01-06 10:43:12 - render - INFO - Frame 24 completado en 10.44s (305.8 KB)
2026-01-06 10:43:12 - render - INFO - Frame 5 completado en 10.45s (342.1 KB)
2026-01-06 10:43:12 - render - INFO - Frame 26 completado en 10.45s (336.1 KB)
2026-01-06 10:43:12 - render - INFO - Frame 19 completado en 10.46s (278.3 KB)
2026-01-06 10:43:12 - render - INFO - Frame 0 completado en 10.49s (257.2 KB)
2026-01-06 10:43:12 - render - INFO - Frame 9 completado en 10.47s (382.3 KB)
2026-01-06 10:43:12 - render - INFO - Frame 3 completado en 10.52s (366.2 KB)
2026-01-06 10:43:12 - render - INFO - Frame 16 completado en 10.50s (271.9 KB)
2026-01-06 10:43:12 - render - INFO - Frame 31 completado en 10.49s (408.7 KB)
2026-01-06 10:43:12 - render - INFO - Frame 1 completado en 10.52s (292.8 KB)
2026-01-06 10:43:12 - render - INFO - Frame 27 completado en 10.51s (344.1 KB)
2026-01-06 10:43:12 - render - INFO - Frame 7 completado en 10.50s (360.9 KB)
2026-01-06 10:43:12 - render - INFO - Frame 28 completado en 10.50s (357.4 KB)
2026-01-06 10:43:12 - render - INFO - Frame 30 completado en 10.51s (396.6 KB)
2026-01-06 10:43:12 - render - INFO - Frame 4 completado en 10.52s (389.4 KB)
2026-01-06 10:43:12 - render - INFO - Iniciando frame 41 (1920x1080, 150 iter) - Modo: Optimizado
2026-01-06 10:43:12 - render - INFO - Iniciando frame 42 (1920x1080, 150 iter) - Modo: Optimizado
2026-01-06 10:43:12 - render - INFO - Iniciando frame 43 (1920x1080, 150 iter) - Modo: Optimizado
2026-01-06 10:43:12 - render - INFO - Iniciando frame 44 (1920x1080, 150 iter) - Modo: Optimizado
2026-01-06 10:43:12 - render - INFO - Frame 11 completado en 10.56s (356.6 KB)
2026-01-06 10:43:12 - render - INFO - Frame 10 completado en 10.58s (367.2 KB)
2026-01-06 10:43:12 - render - INFO - Frame 12 completado en 10.57s (314.8 KB)
2026-01-06 10:43:12 - render - INFO - Iniciando frame 48 (1920x1080, 150 iter) - Modo: Optimizado
2026-01-06 10:43:12 - render - INFO - Iniciando frame 47 (1920x1080, 150 iter) - Modo: Optimizado
2026-01-06 10:43:12 - render - INFO - Iniciando frame 46 (1920x1080, 150 iter) - Modo: Optimizado
2026-01-06 10:43:12 - render - INFO - Iniciando frame 45 (1920x1080, 150 iter) - Modo: Optimizado
2026-01-06 10:43:12 - render - INFO - Frame 33 completado en 2.10s (441.9 KB)
2026-01-06 10:43:12 - render - INFO - Iniciando frame 49 (1920x1080, 150 iter) - Modo: Optimizado
2026-01-06 10:43:12 - render - INFO - Iniciando frame 50 (1920x1080, 150 iter) - Modo: Optimizado
2026-01-06 10:43:12 - render - INFO - Iniciando frame 51 (1920x1080, 150 iter) - Modo: Optimizado
2026-01-06 10:43:12 - render - INFO - Iniciando frame 52 (1920x1080, 150 iter) - Modo: Optimizado
2026-01-06 10:43:12 - render - INFO - Iniciando frame 55 (1920x1080, 150 iter) - Modo: Optimizado
2026-01-06 10:43:12 - render - INFO - Iniciando frame 56 (1920x1080, 150 iter) - Modo: Optimizado
2026-01-06 10:43:12 - render - INFO - Iniciando frame 54 (1920x1080, 150 iter) - Modo: Optimizado
2026-01-06 10:43:12 - render - INFO - Iniciando frame 53 (1920x1080, 150 iter) - Modo: Optimizado
2026-01-06 10:43:13 - render - INFO - Iniciando frame 57 (1920x1080, 150 iter) - Modo: Optimizado
2026-01-06 10:43:13 - render - INFO - Iniciando frame 59 (1920x1080, 150 iter) - Modo: Optimizado
2026-01-06 10:43:13 - render - INFO - Iniciando frame 63 (1920x1080, 150 iter) - Modo: Optimizado
2026-01-06 10:43:13 - render - INFO - Iniciando frame 61 (1920x1080, 150 iter) - Modo: Optimizado
2026-01-06 10:43:13 - render - INFO - Iniciando frame 62 (1920x1080, 150 iter) - Modo: Optimizado
2026-01-06 10:43:13 - render - INFO - Iniciando frame 58 (1920x1080, 150 iter) - Modo: Optimizado
2026-01-06 10:43:13 - render - INFO - Iniciando frame 60 (1920x1080, 150 iter) - Modo: Optimizado
2026-01-06 10:43:13 - render - INFO - Frame 32 completado en 2.84s (423.0 KB)
2026-01-06 10:43:13 - render - INFO - Iniciando frame 64 (1920x1080, 150 iter) - Modo: Optimizado
2026-01-06 10:43:14 - render - INFO - Iniciando frame 65 (1920x1080, 150 iter) - Modo: Optimizado
2026-01-06 10:43:17 - render - INFO - Frame 37 completado en 5.82s (425.4 KB)
2026-01-06 10:43:17 - render - INFO - Iniciando frame 66 (1920x1080, 150 iter) - Modo: Optimizado
2026-01-06 10:43:17 - render - INFO - Frame 35 completado en 6.54s (446.7 KB)
2026-01-06 10:43:17 - render - INFO - Iniciando frame 67 (1920x1080, 150 iter) - Modo: Optimizado
2026-01-06 10:43:18 - render - INFO - Frame 39 completado en 6.29s (381.4 KB)
2026-01-06 10:43:18 - render - INFO - Frame 36 completado en 6.95s (440.2 KB)
2026-01-06 10:43:18 - render - INFO - Iniciando frame 68 (1920x1080, 150 iter) - Modo: Optimizado
2026-01-06 10:43:18 - render - INFO - Frame 38 completado en 6.88s (408.8 KB)
2026-01-06 10:43:18 - render - INFO - Frame 34 completado en 7.23s (450.7 KB)
2026-01-06 10:43:18 - render - INFO - Iniciando frame 69 (1920x1080, 150 iter) - Modo: Optimizado
2026-01-06 10:43:18 - render - INFO - Iniciando frame 71 (1920x1080, 150 iter) - Modo: Optimizado
2026-01-06 10:43:18 - render - INFO - Iniciando frame 70 (1920x1080, 150 iter) - Modo: Optimizado
2026-01-06 10:43:19 - render - INFO - Frame 40 completado en 6.75s (356.8 KB)
2026-01-06 10:43:19 - render - INFO - Iniciando frame 72 (1920x1080, 150 iter) - Modo: Optimizado
2026-01-06 10:43:20 - render - INFO - Frame 41 completado en 7.64s (355.7 KB)
2026-01-06 10:43:20 - render - INFO - Iniciando frame 73 (1920x1080, 150 iter) - Modo: Optimizado
2026-01-06 10:43:20 - render - INFO - Frame 42 completado en 7.99s (373.8 KB)
2026-01-06 10:43:20 - render - INFO - Frame 43 completado en 7.99s (389.8 KB)
2026-01-06 10:43:20 - render - INFO - Iniciando frame 74 (1920x1080, 150 iter) - Modo: Optimizado
2026-01-06 10:43:20 - render - INFO - Iniciando frame 75 (1920x1080, 150 iter) - Modo: Optimizado
2026-01-06 10:43:20 - render - INFO - Frame 44 completado en 8.03s (401.8 KB)
2026-01-06 10:43:20 - render - INFO - Iniciando frame 76 (1920x1080, 150 iter) - Modo: Optimizado
2026-01-06 10:43:20 - render - INFO - Frame 46 completado en 8.11s (465.7 KB)
2026-01-06 10:43:20 - render - INFO - Frame 45 completado en 8.33s (433.9 KB)
2026-01-06 10:43:20 - render - INFO - Frame 49 completado en 8.12s (537.4 KB)
2026-01-06 10:43:20 - render - INFO - Iniciando frame 77 (1920x1080, 150 iter) - Modo: Optimizado
2026-01-06 10:43:21 - render - INFO - Frame 47 completado en 8.48s (505.0 KB)
2026-01-06 10:43:21 - render - INFO - Iniciando frame 79 (1920x1080, 150 iter) - Modo: Optimizado
2026-01-06 10:43:21 - render - INFO - Iniciando frame 78 (1920x1080, 150 iter) - Modo: Optimizado
2026-01-06 10:43:21 - render - INFO - Frame 53 completado en 7.88s (677.7 KB)
2026-01-06 10:43:21 - render - INFO - Frame 57 completado en 7.55s (759.2 KB)
2026-01-06 10:43:21 - render - INFO - Iniciando frame 80 (1920x1080, 150 iter) - Modo: Optimizado
2026-01-06 10:43:21 - render - INFO - Iniciando frame 82 (1920x1080, 150 iter) - Modo: Optimizado
2026-01-06 10:43:21 - render - INFO - Iniciando frame 81 (1920x1080, 150 iter) - Modo: Optimizado
2026-01-06 10:43:21 - render - INFO - Frame 48 completado en 8.91s (517.2 KB)
2026-01-06 10:43:21 - render - INFO - Frame 50 completado en 8.68s (569.2 KB)
2026-01-06 10:43:21 - render - INFO - Frame 52 completado en 8.49s (635.7 KB)
2026-01-06 10:43:21 - render - INFO - Frame 51 completado en 8.24s (597.4 KB)
2026-01-06 10:43:21 - render - INFO - Frame 55 completado en 8.49s (737.8 KB)
2026-01-06 10:43:21 - render - INFO - Frame 59 completado en 8.13s (729.7 KB)
2026-01-06 10:43:21 - render - INFO - Iniciando frame 83 (1920x1080, 150 iter) - Modo: Optimizado
2026-01-06 10:43:21 - render - INFO - Iniciando frame 84 (1920x1080, 150 iter) - Modo: Optimizado
2026-01-06 10:43:22 - render - INFO - Iniciando frame 87 (1920x1080, 150 iter) - Modo: Optimizado
2026-01-06 10:43:22 - render - INFO - Frame 60 completado en 8.45s (719.7 KB)
2026-01-06 10:43:22 - render - INFO - Frame 64 completado en 7.46s (650.4 KB)
2026-01-06 10:43:22 - render - INFO - Frame 58 completado en 8.45s (745.0 KB)
2026-01-06 10:43:22 - render - INFO - Frame 54 completado en 8.82s (707.9 KB)
2026-01-06 10:43:22 - render - INFO - Frame 56 completado en 8.84s (756.0 KB)
2026-01-06 10:43:22 - render - INFO - Iniciando frame 88 (1920x1080, 150 iter) - Modo: Optimizado
2026-01-06 10:43:22 - render - INFO - Iniciando frame 86 (1920x1080, 150 iter) - Modo: Optimizado
2026-01-06 10:43:22 - render - INFO - Iniciando frame 85 (1920x1080, 150 iter) - Modo: Optimizado
2026-01-06 10:43:22 - render - INFO - Frame 63 completado en 8.53s (672.1 KB)
2026-01-06 10:43:22 - render - INFO - Frame 61 completado en 8.55s (697.1 KB)
2026-01-06 10:43:22 - render - INFO - Frame 65 completado en 7.24s (629.5 KB)
2026-01-06 10:43:22 - render - INFO - Iniciando frame 90 (1920x1080, 150 iter) - Modo: Optimizado
2026-01-06 10:43:22 - render - INFO - Iniciando frame 89 (1920x1080, 150 iter) - Modo: Optimizado
2026-01-06 10:43:22 - render - INFO - Iniciando frame 92 (1920x1080, 150 iter) - Modo: Optimizado
2026-01-06 10:43:22 - render - INFO - Iniciando frame 91 (1920x1080, 150 iter) - Modo: Optimizado
2026-01-06 10:43:22 - render - INFO - Iniciando frame 93 (1920x1080, 150 iter) - Modo: Optimizado
2026-01-06 10:43:22 - render - INFO - Iniciando frame 94 (1920x1080, 150 iter) - Modo: Optimizado
2026-01-06 10:43:22 - render - INFO - Iniciando frame 95 (1920x1080, 150 iter) - Modo: Optimizado
2026-01-06 10:43:23 - render - INFO - Iniciando frame 96 (1920x1080, 150 iter) - Modo: Optimizado
2026-01-06 10:43:23 - render - INFO - Frame 62 completado en 9.13s (687.0 KB)
2026-01-06 10:43:24 - render - INFO - Iniciando frame 97 (1920x1080, 150 iter) - Modo: Optimizado
2026-01-06 10:43:25 - render - INFO - Frame 66 completado en 8.48s (594.8 KB)
2026-01-06 10:43:25 - render - INFO - Iniciando frame 98 (1920x1080, 150 iter) - Modo: Optimizado
2026-01-06 10:43:26 - render - INFO - Frame 67 completado en 8.33s (584.5 KB)
2026-01-06 10:43:26 - render - INFO - Iniciando frame 99 (1920x1080, 150 iter) - Modo: Optimizado
2026-01-06 10:43:26 - render - INFO - Frame 68 completado en 7.96s (602.1 KB)
2026-01-06 10:43:26 - render - INFO - Frame 69 completado en 8.30s (607.6 KB)
2026-01-06 10:43:26 - render - INFO - Frame 71 completado en 8.25s (652.0 KB)
2026-01-06 10:43:27 - render - INFO - Frame 72 completado en 8.05s (667.9 KB)
2026-01-06 10:43:27 - render - INFO - Frame 70 completado en 9.00s (624.2 KB)
2026-01-06 10:43:28 - render - INFO - Frame 73 completado en 8.00s (677.2 KB)
2026-01-06 10:43:28 - render - INFO - Frame 78 completado en 7.34s (731.0 KB)
2026-01-06 10:43:28 - render - INFO - Frame 75 completado en 8.27s (687.0 KB)
2026-01-06 10:43:28 - render - INFO - Frame 74 completado en 8.44s (688.4 KB)
2026-01-06 10:43:28 - render - INFO - Frame 76 completado en 8.06s (695.8 KB)
2026-01-06 10:43:28 - render - INFO - Frame 81 completado en 7.41s (817.6 KB)
2026-01-06 10:43:29 - render - INFO - Frame 86 completado en 6.86s (759.8 KB)
2026-01-06 10:43:29 - render - INFO - Frame 80 completado en 7.61s (808.7 KB)
2026-01-06 10:43:29 - render - INFO - Frame 83 completado en 7.01s (863.7 KB)
2026-01-06 10:43:29 - render - INFO - Frame 77 completado en 8.04s (706.0 KB)
2026-01-06 10:43:29 - render - INFO - Frame 79 completado en 8.02s (779.2 KB)
2026-01-06 10:43:29 - render - INFO - Frame 84 completado en 7.06s (832.8 KB)
2026-01-06 10:43:29 - render - INFO - Frame 82 completado en 7.60s (833.5 KB)
2026-01-06 10:43:29 - render - INFO - Frame 88 completado en 6.93s (678.1 KB)
2026-01-06 10:43:29 - render - INFO - Frame 87 completado en 7.30s (718.0 KB)
2026-01-06 10:43:29 - render - INFO - Frame 92 completado en 6.41s (629.2 KB)
2026-01-06 10:43:29 - render - INFO - Frame 96 completado en 5.71s (519.6 KB)
2026-01-06 10:43:29 - render - INFO - Frame 95 completado en 6.24s (543.8 KB)
2026-01-06 10:43:29 - render - INFO - Frame 97 completado en 5.17s (503.2 KB)
2026-01-06 10:43:29 - render - INFO - Frame 90 completado en 6.42s (648.4 KB)
2026-01-06 10:43:29 - render - INFO - Frame 85 completado en 7.09s (797.2 KB)
2026-01-06 10:43:29 - render - INFO - Frame 94 completado en 6.28s (579.3 KB)
2026-01-06 10:43:29 - render - INFO - Frame 89 completado en 6.44s (655.5 KB)
2026-01-06 10:43:29 - render - INFO - Frame 91 completado en 6.45s (635.2 KB)
2026-01-06 10:43:29 - render - INFO - Frame 98 completado en 3.56s (477.2 KB)
2026-01-06 10:43:29 - render - INFO - Frame 99 completado en 3.04s (468.2 KB)
2026-01-06 10:43:29 - render - INFO - Frame 93 completado en 6.36s (605.9 KB)
2026-01-06 22:01:59 - render - INFO - Frame 0 obtenido del caché
2026-01-06 22:01:59 - render - INFO - Frame 12 obtenido del caché
2026-01-06 22:01:59 - render - INFO - Frame 1 obtenido del caché
2026-01-06 22:01:59 - render - INFO - Frame 4 obtenido del caché
2026-01-06 22:01:59 - render - INFO - Frame 2 obtenido del caché
2026-01-06 22:01:59 - render - INFO - Frame 8 obtenido del caché
2026-01-06 22:01:59 - render - INFO - Frame 6 obtenido del caché
2026-01-06 22:01:59 - render - INFO - Frame 10 obtenido del caché
2026-01-06 22:01:59 - render - INFO - Frame 9 obtenido del caché
2026-01-06 22:01:59 - render - INFO - Frame 14 obtenido del caché
2026-01-06 22:01:59 - render - INFO - Frame 24 obtenido del caché
2026-01-06 22:01:59 - render - INFO - Frame 5 obtenido del caché
2026-01-06 22:01:59 - render - INFO - Frame 22 obtenido del caché
2026-01-06 22:01:59 - render - INFO - Frame 16 obtenido del caché
2026-01-06 22:01:59 - render - INFO - Frame 3 obtenido del caché
2026-01-06 22:01:59 - render - INFO - Frame 18 obtenido del caché
2026-01-06 22:01:59 - render - INFO - Frame 26 obtenido del caché
2026-01-06 22:01:59 - render - INFO - Frame 30 obtenido del caché
2026-01-06 22:01:59 - render - INFO - Frame 28 obtenido del caché
2026-01-06 22:01:59 - render - INFO - Frame 7 obtenido del caché
2026-01-06 22:01:59 - render - INFO - Frame 23 obtenido del caché
2026-01-06 22:01:59 - render - INFO - Frame 20 obtenido del caché
2026-01-06 22:01:59 - render - INFO - Frame 40 obtenido del caché
2026-01-06 22:01:59 - render - INFO - Frame 13 obtenido del caché
2026-01-06 22:01:59 - render - INFO - Frame 50 obtenido del caché
2026-01-06 22:01:59 - render - INFO - Frame 21 obtenido del caché
2026-01-06 22:01:59 - render - INFO - Frame 11 obtenido del caché
2026-01-06 22:01:59 - render - INFO - Frame 48 obtenido del caché
2026-01-06 22:01:59 - render - INFO - Frame 36 obtenido del caché
2026-01-06 22:01:59 - render - INFO - Frame 25 obtenido del caché
2026-01-06 22:01:59 - render - INFO - Frame 46 obtenido del caché
2026-01-06 22:01:59 - render - INFO - Frame 17 obtenido del caché
2026-01-06 22:01:59 - render - INFO - Frame 52 obtenido del caché
2026-01-06 22:01:59 - render - INFO - Frame 42 obtenido del caché
2026-01-06 22:01:59 - render - INFO - Frame 44 obtenido del caché
2026-01-06 22:01:59 - render - INFO - Frame 15 obtenido del caché
2026-01-06 22:01:59 - render - INFO - Frame 32 obtenido del caché
2026-01-06 22:01:59 - render - INFO - Frame 38 obtenido del caché
2026-01-06 22:01:59 - render - INFO - Frame 19 obtenido del caché
2026-01-06 22:01:59 - render - INFO - Frame 34 obtenido del caché
2026-01-06 22:01:59 - render - INFO - Frame 58 obtenido del caché
2026-01-06 22:01:59 - render - INFO - Frame 60 obtenido del caché
2026-01-06 22:01:59 - render - INFO - Frame 27 obtenido del caché
2026-01-06 22:01:59 - render - INFO - Frame 31 obtenido del caché
2026-01-06 22:01:59 - render - INFO - Frame 56 obtenido del caché
2026-01-06 22:01:59 - render - INFO - Frame 29 obtenido del caché
2026-01-06 22:01:59 - render - INFO - Frame 62 obtenido del caché
2026-01-06 22:01:59 - render - INFO - Frame 35 obtenido del caché
2026-01-06 22:01:59 - render - INFO - Frame 54 obtenido del caché
2026-01-06 22:01:59 - render - INFO - Frame 33 obtenido del caché
2026-01-06 22:01:59 - render - INFO - Frame 37 obtenido del caché
2026-01-06 22:01:59 - render - INFO - Frame 45 obtenido del caché
2026-01-06 22:01:59 - render - INFO - Frame 41 obtenido del caché
2026-01-06 22:01:59 - render - INFO - Frame 43 obtenido del caché
2026-01-06 22:01:59 - render - INFO - Frame 63 obtenido del caché
2026-01-06 22:01:59 - render - INFO - Frame 49 obtenido del caché
2026-01-06 22:01:59 - render - INFO - Frame 61 obtenido del caché
2026-01-06 22:01:59 - render - INFO - Frame 57 obtenido del caché
2026-01-06 22:01:59 - render - INFO - Frame 55 obtenido del caché
2026-01-06 22:01:59 - render - INFO - Frame 51 obtenido del caché
2026-01-06 22:01:59 - render - INFO - Frame 59 obtenido del caché
2026-01-06 22:01:59 - render - INFO - Frame 53 obtenido del caché
2026-01-06 22:01:59 - render - INFO - Frame 39 obtenido del caché
2026-01-06 22:01:59 - render - INFO - Frame 47 obtenido del caché
2026-01-06 22:01:59 - render - INFO - Frame 65 obtenido del caché
2026-01-06 22:01:59 - render - INFO - Frame 67 obtenido del caché
2026-01-06 22:01:59 - render - INFO - Frame 69 obtenido del caché
2026-01-06 22:01:59 - render - INFO - Frame 75 obtenido del caché
2026-01-06 22:01:59 - render - INFO - Frame 71 obtenido del caché
2026-01-06 22:01:59 - render - INFO - Frame 73 obtenido del caché
2026-01-06 22:01:59 - render - INFO - Frame 81 obtenido del caché
2026-01-06 22:01:59 - render - INFO - Frame 93 obtenido del caché
2026-01-06 22:01:59 - render - INFO - Frame 85 obtenido del caché
2026-01-06 22:01:59 - render - INFO - Frame 77 obtenido del caché
2026-01-06 22:01:59 - render - INFO - Frame 64 obtenido del caché
2026-01-06 22:01:59 - render - INFO - Frame 91 obtenido del caché
2026-01-06 22:01:59 - render - INFO - Frame 79 obtenido del caché
2026-01-06 22:01:59 - render - INFO - Frame 66 obtenido del caché
2026-01-06 22:01:59 - render - INFO - Frame 89 obtenido del caché
2026-01-06 22:01:59 - render - INFO - Frame 87 obtenido del caché
2026-01-06 22:01:59 - render - INFO - Frame 99 obtenido del caché
2026-01-06 22:01:59 - render - INFO - Frame 95 obtenido del caché
2026-01-06 22:01:59 - render - INFO - Frame 83 obtenido del caché
2026-01-06 22:01:59 - render - INFO - Frame 97 obtenido del caché
2026-01-06 22:01:59 - render - INFO - Frame 72 obtenido del caché
2026-01-06 22:01:59 - render - INFO - Frame 70 obtenido del caché
2026-01-06 22:01:59 - render - INFO - Frame 68 obtenido del caché
2026-01-06 22:01:59 - render - INFO - Frame 76 obtenido del caché
2026-01-06 22:01:59 - render - INFO - Frame 78 obtenido del caché
2026-01-06 22:01:59 - render - INFO - Frame 80 obtenido del caché
2026-01-06 22:01:59 - render - INFO - Frame 74 obtenido del caché
2026-01-06 22:01:59 - render - INFO - Frame 88 obtenido del caché
2026-01-06 22:01:59 - render - INFO - Frame 90 obtenido del caché
2026-01-06 22:01:59 - render - INFO - Frame 92 obtenido del caché
2026-01-06 22:01:59 - render - INFO - Frame 86 obtenido del caché
2026-01-06 22:01:59 - render - INFO - Frame 84 obtenido del caché
2026-01-06 22:01:59 - render - INFO - Frame 82 obtenido del caché
2026-01-06 22:01:59 - render - INFO - Frame 94 obtenido del caché
2026-01-06 22:01:59 - render - INFO - Frame 98 obtenido del caché
2026-01-06 22:01:59 - render - INFO - Frame 96 obtenido del caché
2026-01-06 22:02:14 - render - INFO - Iniciando frame 5 (1920x1080, 150 iter) - Modo: Optimizado
2026-01-06 22:02:14 - render - INFO - Iniciando frame 0 (1920x1080, 150 iter) - Modo: Optimizado
2026-01-06 22:02:14 - render - INFO - Iniciando frame 1 (1920x1080, 150 iter) - Modo: Optimizado
2026-01-06 22:02:14 - render - INFO - Iniciando frame 55 (1920x1080, 150 iter) - Modo: Optimizado
2026-01-06 22:02:14 - render - INFO - Iniciando frame 61 (1920x1080, 150 iter) - Modo: Optimizado
2026-01-06 22:02:14 - render - INFO - Iniciando frame 2 (1920x1080, 150 iter) - Modo: Optimizado
2026-01-06 22:02:14 - render - INFO - Iniciando frame 46 (1920x1080, 150 iter) - Modo: Optimizado
2026-01-06 22:02:14 - render - INFO - Iniciando frame 24 (1920x1080, 150 iter) - Modo: Optimizado
2026-01-06 22:02:14 - render - INFO - Iniciando frame 17 (1920x1080, 150 iter) - Modo: Optimizado
2026-01-06 22:02:14 - render - INFO - Iniciando frame 25 (1920x1080, 150 iter) - Modo: Optimizado
2026-01-06 22:02:14 - render - INFO - Iniciando frame 34 (1920x1080, 150 iter) - Modo: Optimizado
2026-01-06 22:02:14 - render - INFO - Iniciando frame 29 (1920x1080, 150 iter) - Modo: Optimizado
2026-01-06 22:02:14 - render - INFO - Iniciando frame 41 (1920x1080, 150 iter) - Modo: Optimizado
2026-01-06 22:02:14 - render - INFO - Iniciando frame 49 (1920x1080, 150 iter) - Modo: Optimizado
2026-01-06 22:02:14 - render - INFO - Iniciando frame 44 (1920x1080, 150 iter) - Modo: Optimizado
2026-01-06 22:02:14 - render - INFO - Iniciando frame 3 (1920x1080, 150 iter) - Modo: Optimizado
2026-01-06 22:02:14 - render - INFO - Iniciando frame 48 (1920x1080, 150 iter) - Modo: Optimizado
2026-01-06 22:02:14 - render - INFO - Iniciando frame 50 (1920x1080, 150 iter) - Modo: Optimizado
2026-01-06 22:02:14 - render - INFO - Iniciando frame 7 (1920x1080, 150 iter) - Modo: Optimizado
2026-01-06 22:02:14 - render - INFO - Iniciando frame 13 (1920x1080, 150 iter) - Modo: Optimizado
2026-01-06 22:02:14 - render - INFO - Iniciando frame 15 (1920x1080, 150 iter) - Modo: Optimizado
2026-01-06 22:02:14 - render - INFO - Iniciando frame 9 (1920x1080, 150 iter) - Modo: Optimizado
2026-01-06 22:02:14 - render - INFO - Iniciando frame 33 (1920x1080, 150 iter) - Modo: Optimizado
2026-01-06 22:02:14 - render - INFO - Iniciando frame 8 (1920x1080, 150 iter) - Modo: Optimizado
2026-01-06 22:02:14 - render - INFO - Iniciando frame 11 (1920x1080, 150 iter) - Modo: Optimizado
2026-01-06 22:02:14 - render - INFO - Iniciando frame 31 (1920x1080, 150 iter) - Modo: Optimizado
2026-01-06 22:02:14 - render - INFO - Iniciando frame 14 (1920x1080, 150 iter) - Modo: Optimizado
2026-01-06 22:02:14 - render - INFO - Iniciando frame 35 (1920x1080, 150 iter) - Modo: Optimizado
2026-01-06 22:02:14 - render - INFO - Iniciando frame 18 (1920x1080, 150 iter) - Modo: Optimizado
2026-01-06 22:02:14 - render - INFO - Iniciando frame 39 (1920x1080, 150 iter) - Modo: Optimizado
2026-01-06 22:02:14 - render - INFO - Iniciando frame 28 (1920x1080, 150 iter) - Modo: Optimizado
2026-01-06 22:02:14 - render - INFO - Iniciando frame 32 (1920x1080, 150 iter) - Modo: Optimizado
2026-01-06 22:02:14 - render - INFO - Iniciando frame 43 (1920x1080, 150 iter) - Modo: Optimizado
2026-01-06 22:02:14 - render - INFO - Iniciando frame 36 (1920x1080, 150 iter) - Modo: Optimizado
2026-01-06 22:02:14 - render - INFO - Iniciando frame 51 (1920x1080, 150 iter) - Modo: Optimizado
2026-01-06 22:02:14 - render - INFO - Iniciando frame 38 (1920x1080, 150 iter) - Modo: Optimizado
2026-01-06 22:02:14 - render - INFO - Iniciando frame 42 (1920x1080, 150 iter) - Modo: Optimizado
2026-01-06 22:02:14 - render - INFO - Iniciando frame 47 (1920x1080, 150 iter) - Modo: Optimizado
2026-01-06 22:02:14 - render - INFO - Iniciando frame 16 (1920x1080, 150 iter) - Modo: Optimizado
2026-01-06 22:02:14 - render - INFO - Iniciando frame 6 (1920x1080, 150 iter) - Modo: Optimizado
2026-01-06 22:02:14 - render - INFO - Iniciando frame 27 (1920x1080, 150 iter) - Modo: Optimizado
2026-01-06 22:02:14 - render - INFO - Iniciando frame 22 (1920x1080, 150 iter) - Modo: Optimizado
2026-01-06 22:02:14 - render - INFO - Iniciando frame 21 (1920x1080, 150 iter) - Modo: Optimizado
2026-01-06 22:02:14 - render - INFO - Iniciando frame 10 (1920x1080, 150 iter) - Modo: Optimizado
2026-01-06 22:02:14 - render - INFO - Iniciando frame 37 (1920x1080, 150 iter) - Modo: Optimizado
2026-01-06 22:02:14 - render - INFO - Iniciando frame 45 (1920x1080, 150 iter) - Modo: Optimizado
2026-01-06 22:02:14 - render - INFO - Iniciando frame 53 (1920x1080, 150 iter) - Modo: Optimizado
2026-01-06 22:02:14 - render - INFO - Iniciando frame 19 (1920x1080, 150 iter) - Modo: Optimizado
2026-01-06 22:02:14 - render - INFO - Iniciando frame 30 (1920x1080, 150 iter) - Modo: Optimizado
2026-01-06 22:02:14 - render - INFO - Iniciando frame 57 (1920x1080, 150 iter) - Modo: Optimizado
2026-01-06 22:02:14 - render - INFO - Iniciando frame 59 (1920x1080, 150 iter) - Modo: Optimizado
2026-01-06 22:02:14 - render - INFO - Iniciando frame 63 (1920x1080, 150 iter) - Modo: Optimizado
2026-01-06 22:02:14 - render - INFO - Iniciando frame 52 (1920x1080, 150 iter) - Modo: Optimizado
2026-01-06 22:02:14 - render - INFO - Iniciando frame 12 (1920x1080, 150 iter) - Modo: Optimizado
2026-01-06 22:02:14 - render - INFO - Iniciando frame 56 (1920x1080, 150 iter) - Modo: Optimizado
2026-01-06 22:02:14 - render - INFO - Iniciando frame 20 (1920x1080, 150 iter) - Modo: Optimizado
2026-01-06 22:02:14 - render - INFO - Iniciando frame 4 (1920x1080, 150 iter) - Modo: Optimizado
2026-01-06 22:02:14 - render - INFO - Iniciando frame 58 (1920x1080, 150 iter) - Modo: Optimizado
2026-01-06 22:02:14 - render - INFO - Iniciando frame 40 (1920x1080, 150 iter) - Modo: Optimizado
2026-01-06 22:02:14 - render - INFO - Iniciando frame 54 (1920x1080, 150 iter) - Modo: Optimizado
2026-01-06 22:02:14 - render - INFO - Iniciando frame 60 (1920x1080, 150 iter) - Modo: Optimizado
2026-01-06 22:02:14 - render - INFO - Iniciando frame 62 (1920x1080, 150 iter) - Modo: Optimizado
2026-01-06 22:02:26 - render - INFO - Frame 5 completado en 12.69s (342.1 KB)
2026-01-06 22:02:26 - render - INFO - Iniciando frame 65 (1920x1080, 150 iter) - Modo: Optimizado
2026-01-06 22:02:27 - render - INFO - Frame 1 completado en 12.96s (292.8 KB)
2026-01-06 22:02:27 - render - INFO - Iniciando frame 67 (1920x1080, 150 iter) - Modo: Optimizado
2026-01-06 22:02:27 - render - INFO - Frame 47 completado en 13.11s (505.0 KB)
2026-01-06 22:02:27 - render - INFO - Frame 27 completado en 13.19s (344.1 KB)
2026-01-06 22:02:27 - render - INFO - Frame 41 completado en 13.25s (355.7 KB)
2026-01-06 22:02:27 - render - INFO - Frame 63 completado en 13.19s (672.1 KB)
2026-01-06 22:02:27 - render - INFO - Frame 9 completado en 13.23s (382.3 KB)
2026-01-06 22:02:27 - render - INFO - Frame 11 completado en 13.21s (356.6 KB)
2026-01-06 22:02:27 - render - INFO - Frame 43 completado en 13.23s (389.8 KB)
2026-01-06 22:02:27 - render - INFO - Frame 25 completado en 13.34s (317.4 KB)
2026-01-06 22:02:27 - render - INFO - Frame 3 completado en 13.31s (366.2 KB)
2026-01-06 22:02:27 - render - INFO - Frame 61 completado en 13.41s (697.1 KB)
2026-01-06 22:02:27 - render - INFO - Iniciando frame 69 (1920x1080, 150 iter) - Modo: Optimizado
2026-01-06 22:02:27 - render - INFO - Frame 7 completado en 13.39s (360.9 KB)
2026-01-06 22:02:27 - render - INFO - Frame 53 completado en 13.36s (677.7 KB)
2026-01-06 22:02:27 - render - INFO - Frame 15 completado en 13.39s (263.7 KB)
2026-01-06 22:02:27 - render - INFO - Frame 13 completado en 13.39s (275.3 KB)
2026-01-06 22:02:27 - render - INFO - Iniciando frame 71 (1920x1080, 150 iter) - Modo: Optimizado
2026-01-06 22:02:27 - render - INFO - Iniciando frame 73 (1920x1080, 150 iter) - Modo: Optimizado
2026-01-06 22:02:27 - render - INFO - Iniciando frame 75 (1920x1080, 150 iter) - Modo: Optimizado
2026-01-06 22:02:27 - render - INFO - Frame 39 completado en 13.42s (381.4 KB)
2026-01-06 22:02:27 - render - INFO - Frame 29 completado en 13.47s (380.6 KB)
2026-01-06 22:02:27 - render - INFO - Frame 19 completado en 13.43s (278.3 KB)
2026-01-06 22:02:27 - render - INFO - Frame 17 completado en 13.49s (269.1 KB)
2026-01-06 22:02:27 - render - INFO - Iniciando frame 77 (1920x1080, 150 iter) - Modo: Optimizado
2026-01-06 22:02:27 - render - INFO - Iniciando frame 79 (1920x1080, 150 iter) - Modo: Optimizado
2026-01-06 22:02:27 - render - INFO - Iniciando frame 81 (1920x1080, 150 iter) - Modo: Optimizado
2026-01-06 22:02:27 - render - INFO - Iniciando frame 83 (1920x1080, 150 iter) - Modo: Optimizado
2026-01-06 22:02:27 - render - INFO - Frame 21 completado en 13.45s (285.9 KB)
2026-01-06 22:02:27 - render - INFO - Iniciando frame 85 (1920x1080, 150 iter) - Modo: Optimizado
2026-01-06 22:02:27 - render - INFO - Frame 33 completado en 13.49s (441.9 KB)
2026-01-06 22:02:27 - render - INFO - Frame 49 completado en 13.48s (537.4 KB)
2026-01-06 22:02:27 - render - INFO - Frame 37 completado en 13.50s (425.4 KB)
2026-01-06 22:02:27 - render - INFO - Iniciando frame 87 (1920x1080, 150 iter) - Modo: Optimizado
2026-01-06 22:02:27 - render - INFO - Frame 23 completado en 13.57s (302.1 KB)
2026-01-06 22:02:27 - render - INFO - Iniciando frame 93 (1920x1080, 150 iter) - Modo: Optimizado
2026-01-06 22:02:27 - render - INFO - Iniciando frame 89 (1920x1080, 150 iter) - Modo: Optimizado
2026-01-06 22:02:27 - render - INFO - Iniciando frame 91 (1920x1080, 150 iter) - Modo: Optimizado
2026-01-06 22:02:27 - render - INFO - Frame 35 completado en 13.59s (446.7 KB)
2026-01-06 22:02:27 - render - INFO - Iniciando frame 95 (1920x1080, 150 iter) - Modo: Optimizado
2026-01-06 22:02:27 - render - INFO - Frame 31 completado en 13.60s (408.7 KB)
2026-01-06 22:02:27 - render - INFO - Frame 51 completado en 13.61s (597.4 KB)
2026-01-06 22:02:27 - render - INFO - Frame 45 completado en 13.61s (433.9 KB)
2026-01-06 22:02:27 - render - INFO - Frame 57 completado en 13.64s (759.2 KB)
2026-01-06 22:02:27 - render - INFO - Iniciando frame 97 (1920x1080, 150 iter) - Modo: Optimizado
2026-01-06 22:02:27 - render - INFO - Iniciando frame 99 (1920x1080, 150 iter) - Modo: Optimizado
2026-01-06 22:02:27 - render - INFO - Frame 59 completado en 13.71s (729.7 KB)
2026-01-06 22:02:27 - render - INFO - Frame 55 completado en 13.77s (737.8 KB)
2026-01-06 22:02:29 - render - INFO - Iniciando frame 64 (1920x1080, 150 iter) - Modo: Optimizado
2026-01-06 22:02:29 - render - INFO - Iniciando frame 88 (1920x1080, 150 iter) - Modo: Optimizado
2026-01-06 22:02:29 - render - INFO - Iniciando frame 82 (1920x1080, 150 iter) - Modo: Optimizado
2026-01-06 22:02:29 - render - INFO - Iniciando frame 66 (1920x1080, 150 iter) - Modo: Optimizado
2026-01-06 22:02:29 - render - INFO - Iniciando frame 74 (1920x1080, 150 iter) - Modo: Optimizado
2026-01-06 22:02:29 - render - INFO - Iniciando frame 86 (1920x1080, 150 iter) - Modo: Optimizado
2026-01-06 22:02:29 - render - INFO - Iniciando frame 78 (1920x1080, 150 iter) - Modo: Optimizado
2026-01-06 22:02:29 - render - INFO - Iniciando frame 80 (1920x1080, 150 iter) - Modo: Optimizado
2026-01-06 22:02:29 - render - INFO - Iniciando frame 96 (1920x1080, 150 iter) - Modo: Optimizado
2026-01-06 22:02:29 - render - INFO - Iniciando frame 92 (1920x1080, 150 iter) - Modo: Optimizado
2026-01-06 22:02:30 - render - INFO - Frame 24 completado en 16.51s (305.8 KB)
2026-01-06 22:02:30 - render - INFO - Iniciando frame 68 (1920x1080, 150 iter) - Modo: Optimizado
2026-01-06 22:02:30 - render - INFO - Iniciando frame 98 (1920x1080, 150 iter) - Modo: Optimizado
2026-01-06 22:02:30 - render - INFO - Frame 6 completado en 16.57s (342.3 KB)
2026-01-06 22:02:30 - render - INFO - Iniciando frame 70 (1920x1080, 150 iter) - Modo: Optimizado
2026-01-06 22:02:31 - render - INFO - Frame 42 completado en 16.91s (373.8 KB)
2026-01-06 22:02:31 - render - INFO - Frame 44 completado en 17.01s (401.8 KB)
2026-01-06 22:02:31 - render - INFO - Iniciando frame 72 (1920x1080, 150 iter) - Modo: Optimizado
2026-01-06 22:02:31 - render - INFO - Frame 36 completado en 16.99s (440.2 KB)
2026-01-06 22:02:31 - render - INFO - Iniciando frame 76 (1920x1080, 150 iter) - Modo: Optimizado
2026-01-06 22:02:31 - render - INFO - Iniciando frame 84 (1920x1080, 150 iter) - Modo: Optimizado
2026-01-06 22:02:31 - render - INFO - Iniciando frame 90 (1920x1080, 150 iter) - Modo: Optimizado
2026-01-06 22:02:31 - render - INFO - Frame 8 completado en 17.74s (382.0 KB)
2026-01-06 22:02:31 - render - INFO - Frame 26 completado en 17.74s (336.1 KB)
2026-01-06 22:02:31 - render - INFO - Frame 0 completado en 17.79s (257.2 KB)
2026-01-06 22:02:31 - render - INFO - Iniciando frame 94 (1920x1080, 150 iter) - Modo: Optimizado
2026-01-06 22:02:31 - render - INFO - Frame 18 completado en 17.89s (273.6 KB)
2026-01-06 22:02:32 - render - INFO - Frame 14 completado en 17.89s (253.9 KB)
2026-01-06 22:02:32 - render - INFO - Frame 50 completado en 17.93s (569.2 KB)
2026-01-06 22:02:32 - render - INFO - Frame 48 completado en 17.96s (517.2 KB)
2026-01-06 22:02:32 - render - INFO - Frame 56 completado en 18.10s (756.0 KB)
2026-01-06 22:02:32 - render - INFO - Frame 58 completado en 18.12s (745.0 KB)
2026-01-06 22:02:32 - render - INFO - Frame 38 completado en 18.17s (408.8 KB)
2026-01-06 22:02:32 - render - INFO - Frame 46 completado en 18.22s (465.7 KB)
2026-01-06 22:02:32 - render - INFO - Frame 28 completado en 18.30s (357.4 KB)
2026-01-06 22:02:32 - render - INFO - Frame 12 completado en 18.29s (314.8 KB)
2026-01-06 22:02:32 - render - INFO - Frame 22 completado en 18.29s (290.8 KB)
2026-01-06 22:02:32 - render - INFO - Frame 62 completado en 18.35s (687.0 KB)
2026-01-06 22:02:32 - render - INFO - Frame 16 completado en 18.46s (271.9 KB)
2026-01-06 22:02:32 - render - INFO - Frame 20 completado en 18.43s (278.0 KB)
2026-01-06 22:02:32 - render - INFO - Frame 2 completado en 18.50s (332.2 KB)
2026-01-06 22:02:32 - render - INFO - Frame 40 completado en 18.44s (356.8 KB)
2026-01-06 22:02:32 - render - INFO - Frame 10 completado en 18.44s (367.2 KB)
2026-01-06 22:02:32 - render - INFO - Frame 30 completado en 18.44s (396.6 KB)
2026-01-06 22:02:32 - render - INFO - Frame 4 completado en 18.45s (389.4 KB)
2026-01-06 22:02:32 - render - INFO - Frame 32 completado en 18.49s (423.0 KB)
2026-01-06 22:02:32 - render - INFO - Frame 34 completado en 18.51s (450.7 KB)
2026-01-06 22:02:32 - render - INFO - Frame 52 completado en 18.45s (635.7 KB)
2026-01-06 22:02:32 - render - INFO - Frame 54 completado en 18.49s (707.9 KB)
2026-01-06 22:02:32 - render - INFO - Frame 60 completado en 18.50s (719.7 KB)
2026-01-06 22:02:33 - render - INFO - Frame 70 completado en 2.90s (624.2 KB)
2026-01-06 22:02:33 - render - INFO - Frame 68 completado en 3.28s (602.1 KB)
2026-01-06 22:02:34 - render - INFO - Frame 72 completado en 2.87s (667.9 KB)
2026-01-06 22:02:34 - render - INFO - Frame 94 completado en 2.11s (579.3 KB)
2026-01-06 22:02:34 - render - INFO - Frame 76 completado en 2.90s (695.8 KB)
2026-01-06 22:02:34 - render - INFO - Frame 84 completado en 2.88s (832.8 KB)
2026-01-06 22:02:36 - render - INFO - Frame 65 completado en 9.51s (629.5 KB)
2026-01-06 22:02:37 - render - INFO - Frame 67 completado en 9.76s (584.5 KB)
2026-01-06 22:02:37 - render - INFO - Frame 71 completado en 9.82s (652.0 KB)
2026-01-06 22:02:37 - render - INFO - Frame 73 completado en 9.72s (677.2 KB)
2026-01-06 22:02:37 - render - INFO - Frame 79 completado en 9.79s (779.2 KB)
2026-01-06 22:02:37 - render - INFO - Frame 69 completado en 9.92s (607.6 KB)
2026-01-06 22:02:37 - render - INFO - Frame 93 completado en 9.81s (605.9 KB)
2026-01-06 22:02:37 - render - INFO - Frame 77 completado en 10.00s (706.0 KB)
2026-01-06 22:02:37 - render - INFO - Frame 97 completado en 9.96s (503.2 KB)
2026-01-06 22:02:37 - render - INFO - Frame 89 completado en 10.02s (655.5 KB)
2026-01-06 22:02:37 - render - INFO - Frame 75 completado en 10.13s (687.0 KB)
2026-01-06 22:02:37 - render - INFO - Frame 83 completado en 10.14s (863.7 KB)
2026-01-06 22:02:37 - render - INFO - Frame 91 completado en 10.05s (635.2 KB)
2026-01-06 22:02:37 - render - INFO - Frame 87 completado en 10.13s (718.0 KB)
2026-01-06 22:02:37 - render - INFO - Frame 99 completado en 10.11s (468.2 KB)
2026-01-06 22:02:37 - render - INFO - Frame 64 completado en 8.76s (650.4 KB)
2026-01-06 22:02:37 - render - INFO - Frame 95 completado en 10.16s (543.8 KB)
2026-01-06 22:02:37 - render - INFO - Frame 81 completado en 10.28s (817.6 KB)
2026-01-06 22:02:38 - render - INFO - Frame 85 completado en 10.36s (797.2 KB)
2026-01-06 22:02:38 - render - INFO - Frame 66 completado en 8.36s (594.8 KB)
2026-01-06 22:02:38 - render - INFO - Frame 74 completado en 8.36s (688.4 KB)
2026-01-06 22:02:38 - render - INFO - Frame 96 completado en 8.36s (519.6 KB)
2026-01-06 22:02:38 - render - INFO - Frame 78 completado en 8.44s (731.0 KB)
2026-01-06 22:02:38 - render - INFO - Frame 92 completado en 8.45s (629.2 KB)
2026-01-06 22:02:38 - render - INFO - Frame 98 completado en 7.35s (477.2 KB)
2026-01-06 22:02:38 - render - INFO - Frame 82 completado en 8.46s (833.5 KB)
2026-01-06 22:02:38 - render - INFO - Frame 80 completado en 8.48s (808.7 KB)
2026-01-06 22:02:38 - render - INFO - Frame 86 completado en 8.47s (759.8 KB)
2026-01-06 22:02:38 - render - INFO - Frame 90 completado en 6.38s (648.4 KB)
2026-01-06 22:02:38 - render - INFO - Frame 88 completado en 8.49s (678.1 KB)
2026-01-06 22:30:08 - render - INFO - Iniciando frame 0 (854x480, 80 iter) - Modo: Optimizado
2026-01-06 22:30:08 - render - INFO - Iniciando frame 1 (854x480, 80 iter) - Modo: Optimizado
2026-01-06 22:30:08 - render - INFO - Iniciando frame 9 (854x480, 80 iter) - Modo: Optimizado
2026-01-06 22:30:08 - render - INFO - Iniciando frame 5 (854x480, 80 iter) - Modo: Optimizado
2026-01-06 22:30:08 - render - INFO - Iniciando frame 3 (854x480, 80 iter) - Modo: Optimizado
2026-01-06 22:30:08 - render - INFO - Iniciando frame 7 (854x480, 80 iter) - Modo: Optimizado
2026-01-06 22:30:08 - render - INFO - Iniciando frame 10 (854x480, 80 iter) - Modo: Optimizado
2026-01-06 22:30:08 - render - INFO - Iniciando frame 4 (854x480, 80 iter) - Modo: Optimizado
2026-01-06 22:30:08 - render - INFO - Iniciando frame 29 (854x480, 80 iter) - Modo: Optimizado
2026-01-06 22:30:08 - render - INFO - Iniciando frame 6 (854x480, 80 iter) - Modo: Optimizado
2026-01-06 22:30:08 - render - INFO - Iniciando frame 11 (854x480, 80 iter) - Modo: Optimizado
2026-01-06 22:30:08 - render - INFO - Iniciando frame 2 (854x480, 80 iter) - Modo: Optimizado
2026-01-06 22:30:08 - render - INFO - Iniciando frame 8 (854x480, 80 iter) - Modo: Optimizado
2026-01-06 22:30:08 - render - INFO - Iniciando frame 13 (854x480, 80 iter) - Modo: Optimizado
2026-01-06 22:30:08 - render - INFO - Iniciando frame 21 (854x480, 80 iter) - Modo: Optimizado
2026-01-06 22:30:08 - render - INFO - Iniciando frame 19 (854x480, 80 iter) - Modo: Optimizado
2026-01-06 22:30:08 - render - INFO - Iniciando frame 25 (854x480, 80 iter) - Modo: Optimizado
2026-01-06 22:30:08 - render - INFO - Iniciando frame 27 (854x480, 80 iter) - Modo: Optimizado
2026-01-06 22:30:08 - render - INFO - Iniciando frame 28 (854x480, 80 iter) - Modo: Optimizado
2026-01-06 22:30:08 - render - INFO - Iniciando frame 15 (854x480, 80 iter) - Modo: Optimizado
2026-01-06 22:30:08 - render - INFO - Iniciando frame 20 (854x480, 80 iter) - Modo: Optimizado
2026-01-06 22:30:08 - render - INFO - Iniciando frame 17 (854x480, 80 iter) - Modo: Optimizado
2026-01-06 22:30:08 - render - INFO - Iniciando frame 22 (854x480, 80 iter) - Modo: Optimizado
2026-01-06 22:30:08 - render - INFO - Iniciando frame 24 (854x480, 80 iter) - Modo: Optimizado
2026-01-06 22:30:08 - render - INFO - Iniciando frame 26 (854x480, 80 iter) - Modo: Optimizado
2026-01-06 22:30:09 - render - INFO - Iniciando frame 14 (854x480, 80 iter) - Modo: Optimizado
2026-01-06 22:30:09 - render - INFO - Iniciando frame 18 (854x480, 80 iter) - Modo: Optimizado
2026-01-06 22:30:09 - render - INFO - Iniciando frame 12 (854x480, 80 iter) - Modo: Optimizado
2026-01-06 22:30:09 - render - INFO - Iniciando frame 16 (854x480, 80 iter) - Modo: Optimizado
2026-01-06 22:30:10 - render - INFO - Frame 10 completado en 1.89s (63.4 KB)
2026-01-06 22:30:11 - render - INFO - Frame 29 completado en 2.03s (55.5 KB)
2026-01-06 22:30:11 - render - INFO - Frame 4 completado en 2.09s (80.3 KB)
2026-01-06 22:30:11 - render - INFO - Frame 6 completado en 2.13s (57.9 KB)
2026-01-06 22:30:11 - render - INFO - Frame 28 completado en 2.21s (55.5 KB)
2026-01-06 22:30:11 - render - INFO - Frame 0 completado en 2.26s (67.8 KB)
2026-01-06 22:30:11 - render - INFO - Frame 5 completado en 2.27s (56.7 KB)
2026-01-06 22:30:11 - render - INFO - Frame 24 completado en 2.26s (62.9 KB)
2026-01-06 22:30:11 - render - INFO - Frame 17 completado en 2.26s (60.9 KB)
2026-01-06 22:30:11 - render - INFO - Frame 22 completado en 2.29s (73.8 KB)
2026-01-06 22:30:11 - render - INFO - Frame 26 completado en 2.29s (56.1 KB)
2026-01-06 22:30:11 - render - INFO - Frame 18 completado en 2.29s (66.7 KB)
2026-01-06 22:30:11 - render - INFO - Frame 20 completado en 2.30s (83.1 KB)
2026-01-06 22:30:11 - render - INFO - Frame 16 completado en 2.29s (56.9 KB)
2026-01-06 22:30:11 - render - INFO - Frame 8 completado en 2.30s (57.5 KB)
2026-01-06 22:30:11 - render - INFO - Frame 2 completado en 2.33s (82.8 KB)
2026-01-06 22:30:11 - render - INFO - Frame 14 completado en 2.32s (53.9 KB)
2026-01-06 22:30:11 - render - INFO - Frame 3 completado en 2.33s (91.5 KB)
2026-01-06 22:30:11 - render - INFO - Frame 7 completado en 2.34s (56.7 KB)
2026-01-06 22:30:11 - render - INFO - Frame 12 completado en 2.32s (71.5 KB)
2026-01-06 22:30:11 - render - INFO - Frame 11 completado en 2.35s (68.7 KB)
2026-01-06 22:30:11 - render - INFO - Frame 25 completado en 2.35s (59.1 KB)
2026-01-06 22:30:11 - render - INFO - Frame 27 completado en 2.34s (57.0 KB)
2026-01-06 22:30:11 - render - INFO - Frame 23 completado en 2.35s (72.9 KB)
2026-01-06 22:30:11 - render - INFO - Frame 1 completado en 2.37s (92.0 KB)
2026-01-06 22:30:11 - render - INFO - Frame 19 completado en 2.38s (77.7 KB)
2026-01-06 22:30:11 - render - INFO - Frame 21 completado en 2.38s (77.0 KB)
2026-01-06 22:30:11 - render - INFO - Frame 9 completado en 2.40s (59.6 KB)
2026-01-06 22:30:11 - render - INFO - Frame 13 completado en 2.38s (66.0 KB)
2026-01-06 22:30:11 - render - INFO - Frame 15 completado en 2.38s (52.1 KB)
2026-01-06 22:32:44 - render - INFO - Iniciando frame 9 (1280x720, 100 iter) - Modo: Optimizado
2026-01-06 22:32:44 - render - INFO - Iniciando frame 1 (1280x720, 100 iter) - Modo: Optimizado
2026-01-06 22:32:44 - render - INFO - Iniciando frame 2 (1280x720, 100 iter) - Modo: Optimizado
2026-01-06 22:32:44 - render - INFO - Iniciando frame 25 (1280x720, 100 iter) - Modo: Optimizado
2026-01-06 22:32:44 - render - INFO - Iniciando frame 7 (1280x720, 100 iter) - Modo: Optimizado
2026-01-06 22:32:44 - render - INFO - Iniciando frame 11 (1280x720, 100 iter) - Modo: Optimizado
2026-01-06 22:32:44 - render - INFO - Iniciando frame 17 (1280x720, 100 iter) - Modo: Optimizado
2026-01-06 22:32:44 - render - INFO - Iniciando frame 19 (1280x720, 100 iter) - Modo: Optimizado
2026-01-06 22:32:44 - render - INFO - Iniciando frame 21 (1280x720, 100 iter) - Modo: Optimizado
2026-01-06 22:32:44 - render - INFO - Iniciando frame 20 (1280x720, 100 iter) - Modo: Optimizado
2026-01-06 22:32:44 - render - INFO - Iniciando frame 14 (1280x720, 100 iter) - Modo: Optimizado
2026-01-06 22:32:44 - render - INFO - Iniciando frame 4 (1280x720, 100 iter) - Modo: Optimizado
2026-01-06 22:32:44 - render - INFO - Iniciando frame 24 (1280x720, 100 iter) - Modo: Optimizado
2026-01-06 22:32:44 - render - INFO - Iniciando frame 23 (1280x720, 100 iter) - Modo: Optimizado
2026-01-06 22:32:44 - render - INFO - Iniciando frame 27 (1280x720, 100 iter) - Modo: Optimizado
2026-01-06 22:32:44 - render - INFO - Iniciando frame 16 (1280x720, 100 iter) - Modo: Optimizado
2026-01-06 22:32:44 - render - INFO - Iniciando frame 0 (1280x720, 100 iter) - Modo: Optimizado
2026-01-06 22:32:44 - render - INFO - Iniciando frame 12 (1280x720, 100 iter) - Modo: Optimizado
2026-01-06 22:32:44 - render - INFO - Iniciando frame 6 (1280x720, 100 iter) - Modo: Optimizado
2026-01-06 22:32:44 - render - INFO - Iniciando frame 13 (1280x720, 100 iter) - Modo: Optimizado
2026-01-06 22:32:44 - render - INFO - Iniciando frame 22 (1280x720, 100 iter) - Modo: Optimizado
2026-01-06 22:32:44 - render - INFO - Iniciando frame 8 (1280x720, 100 iter) - Modo: Optimizado
2026-01-06 22:32:44 - render - INFO - Iniciando frame 29 (1280x720, 100 iter) - Modo: Optimizado
2026-01-06 22:32:44 - render - INFO - Iniciando frame 10 (1280x720, 100 iter) - Modo: Optimizado
2026-01-06 22:32:44 - render - INFO - Iniciando frame 5 (1280x720, 100 iter) - Modo: Optimizado
2026-01-06 22:32:44 - render - INFO - Iniciando frame 15 (1280x720, 100 iter) - Modo: Optimizado
2026-01-06 22:32:44 - render - INFO - Iniciando frame 48 (1280x720, 100 iter) - Modo: Optimizado
2026-01-06 22:32:44 - render - INFO - Iniciando frame 28 (1280x720, 100 iter) - Modo: Optimizado
2026-01-06 22:32:44 - render - INFO - Iniciando frame 33 (1280x720, 100 iter) - Modo: Optimizado
2026-01-06 22:32:44 - render - INFO - Iniciando frame 43 (1280x720, 100 iter) - Modo: Optimizado
2026-01-06 22:32:44 - render - INFO - Iniciando frame 26 (1280x720, 100 iter) - Modo: Optimizado
2026-01-06 22:32:44 - render - INFO - Iniciando frame 45 (1280x720, 100 iter) - Modo: Optimizado
2026-01-06 22:32:44 - render - INFO - Iniciando frame 30 (1280x720, 100 iter) - Modo: Optimizado
2026-01-06 22:32:44 - render - INFO - Iniciando frame 32 (1280x720, 100 iter) - Modo: Optimizado
2026-01-06 22:32:44 - render - INFO - Iniciando frame 46 (1280x720, 100 iter) - Modo: Optimizado
2026-01-06 22:32:44 - render - INFO - Iniciando frame 41 (1280x720, 100 iter) - Modo: Optimizado
2026-01-06 22:32:44 - render - INFO - Iniciando frame 36 (1280x720, 100 iter) - Modo: Optimizado
2026-01-06 22:32:44 - render - INFO - Iniciando frame 35 (1280x720, 100 iter) - Modo: Optimizado
2026-01-06 22:32:44 - render - INFO - Iniciando frame 31 (1280x720, 100 iter) - Modo: Optimizado
2026-01-06 22:32:44 - render - INFO - Iniciando frame 42 (1280x720, 100 iter) - Modo: Optimizado
2026-01-06 22:32:44 - render - INFO - Iniciando frame 39 (1280x720, 100 iter) - Modo: Optimizado
2026-01-06 22:32:44 - render - INFO - Iniciando frame 44 (1280x720, 100 iter) - Modo: Optimizado
2026-01-06 22:32:44 - render - INFO - Iniciando frame 37 (1280x720, 100 iter) - Modo: Optimizado
2026-01-06 22:32:44 - render - INFO - Iniciando frame 34 (1280x720, 100 iter) - Modo: Optimizado
2026-01-06 22:32:44 - render - INFO - Iniciando frame 40 (1280x720, 100 iter) - Modo: Optimizado
2026-01-06 22:32:44 - render - INFO - Iniciando frame 49 (1280x720, 100 iter) - Modo: Optimizado
2026-01-06 22:32:44 - render - INFO - Iniciando frame 38 (1280x720, 100 iter) - Modo: Optimizado
2026-01-06 22:32:44 - render - INFO - Iniciando frame 47 (1280x720, 100 iter) - Modo: Optimizado
2026-01-06 22:32:54 - render - INFO - Frame 2 completado en 9.78s (190.9 KB)
2026-01-06 22:32:54 - render - INFO - Frame 28 completado en 9.84s (201.4 KB)
2026-01-06 22:32:54 - render - INFO - Frame 20 completado en 9.89s (150.5 KB)
2026-01-06 22:32:54 - render - INFO - Frame 24 completado en 10.02s (144.8 KB)
2026-01-06 22:32:54 - render - INFO - Frame 44 completado en 10.12s (186.8 KB)
2026-01-06 22:32:54 - render - INFO - Frame 0 completado en 10.18s (129.0 KB)
2026-01-06 22:32:54 - render - INFO - Frame 4 completado en 10.18s (180.1 KB)
2026-01-06 22:32:55 - render - INFO - Frame 8 completado en 10.25s (121.1 KB)
2026-01-06 22:32:55 - render - INFO - Frame 6 completado en 10.29s (164.0 KB)
2026-01-06 22:32:55 - render - INFO - Frame 42 completado en 10.11s (184.2 KB)
2026-01-06 22:32:55 - render - INFO - Frame 32 completado en 10.33s (208.8 KB)
2026-01-06 22:32:55 - render - INFO - Frame 12 completado en 10.38s (126.5 KB)
2026-01-06 22:32:55 - render - INFO - Frame 46 completado en 10.33s (117.3 KB)
2026-01-06 22:32:55 - render - INFO - Frame 26 completado en 10.35s (166.8 KB)
2026-01-06 22:32:55 - render - INFO - Frame 22 completado en 10.36s (124.1 KB)
2026-01-06 22:32:55 - render - INFO - Frame 30 completado en 10.37s (227.1 KB)
2026-01-06 22:32:55 - render - INFO - Frame 10 completado en 10.47s (122.9 KB)
2026-01-06 22:32:55 - render - INFO - Frame 16 completado en 10.46s (155.5 KB)
2026-01-06 22:32:55 - render - INFO - Frame 48 completado en 10.46s (88.2 KB)
2026-01-06 22:32:55 - render - INFO - Frame 14 completado en 10.54s (137.4 KB)
2026-01-06 22:32:55 - render - INFO - Frame 18 completado en 10.58s (170.4 KB)
2026-01-06 22:32:55 - render - INFO - Frame 40 completado en 10.26s (178.4 KB)
2026-01-06 22:32:55 - render - INFO - Frame 36 completado en 10.42s (176.7 KB)
2026-01-06 22:32:55 - render - INFO - Frame 38 completado en 10.27s (179.5 KB)
2026-01-06 22:32:55 - render - INFO - Frame 34 completado en 10.34s (202.6 KB)
2026-01-06 22:33:03 - render - INFO - Frame 11 completado en 18.31s (123.9 KB)
2026-01-06 22:33:03 - render - INFO - Frame 9 completado en 18.34s (121.9 KB)
2026-01-06 22:33:03 - render - INFO - Frame 7 completado en 18.33s (122.5 KB)
2026-01-06 22:33:03 - render - INFO - Frame 15 completado en 18.33s (144.5 KB)
2026-01-06 22:33:03 - render - INFO - Frame 23 completado en 18.33s (132.8 KB)
2026-01-06 22:33:03 - render - INFO - Frame 49 completado en 16.10s (89.7 KB)
2026-01-06 22:33:03 - render - INFO - Frame 5 completado en 18.34s (179.8 KB)
2026-01-06 22:33:03 - render - INFO - Frame 25 completado en 18.34s (159.7 KB)
2026-01-06 22:33:03 - render - INFO - Frame 29 completado en 18.35s (218.3 KB)
2026-01-06 22:33:03 - render - INFO - Frame 21 completado en 18.35s (129.6 KB)
2026-01-06 22:33:03 - render - INFO - Frame 13 completado en 18.35s (127.1 KB)
2026-01-06 22:33:03 - render - INFO - Frame 47 completado en 16.13s (92.8 KB)
2026-01-06 22:33:03 - render - INFO - Frame 39 completado en 16.18s (175.5 KB)
2026-01-06 22:33:03 - render - INFO - Frame 19 completado en 18.36s (165.2 KB)
2026-01-06 22:33:03 - render - INFO - Frame 17 completado en 18.36s (162.7 KB)
2026-01-06 22:33:03 - render - INFO - Frame 27 completado en 18.36s (179.9 KB)
2026-01-06 22:33:03 - render - INFO - Frame 35 completado en 18.35s (186.2 KB)
2026-01-06 22:33:03 - render - INFO - Frame 3 completado en 18.36s (164.4 KB)
2026-01-06 22:33:03 - render - INFO - Frame 1 completado en 18.40s (164.0 KB)
2026-01-06 22:33:03 - render - INFO - Frame 33 completado en 18.38s (206.1 KB)
2026-01-06 22:33:03 - render - INFO - Frame 45 completado en 18.36s (147.9 KB)
2026-01-06 22:33:03 - render - INFO - Frame 37 completado en 16.21s (169.7 KB)
2026-01-06 22:33:03 - render - INFO - Frame 31 completado en 18.36s (221.5 KB)
2026-01-06 22:33:03 - render - INFO - Frame 41 completado en 18.36s (175.1 KB)
2026-01-06 22:33:03 - render - INFO - Frame 43 completado en 18.39s (187.8 KB)
2026-01-06 22:35:48 - render - INFO - Iniciando frame 0 (1280x720, 100 iter) - Modo: Optimizado
2026-01-06 22:35:48 - render - INFO - Iniciando frame 1 (1280x720, 100 iter) - Modo: Optimizado
2026-01-06 22:35:48 - render - INFO - Iniciando frame 31 (1280x720, 100 iter) - Modo: Optimizado
2026-01-06 22:35:48 - render - INFO - Iniciando frame 12 (1280x720, 100 iter) - Modo: Optimizado
2026-01-06 22:35:48 - render - INFO - Iniciando frame 37 (1280x720, 100 iter) - Modo: Optimizado
2026-01-06 22:35:48 - render - INFO - Iniciando frame 33 (1280x720, 100 iter) - Modo: Optimizado
2026-01-06 22:35:48 - render - INFO - Iniciando frame 23 (1280x720, 100 iter) - Modo: Optimizado
2026-01-06 22:35:48 - render - INFO - Iniciando frame 13 (1280x720, 100 iter) - Modo: Optimizado
2026-01-06 22:35:48 - render - INFO - Iniciando frame 25 (1280x720, 100 iter) - Modo: Optimizado
2026-01-06 22:35:48 - render - INFO - Iniciando frame 7 (1280x720, 100 iter) - Modo: Optimizado
2026-01-06 22:35:48 - render - INFO - Iniciando frame 43 (1280x720, 100 iter) - Modo: Optimizado
2026-01-06 22:35:48 - render - INFO - Iniciando frame 42 (1280x720, 100 iter) - Modo: Optimizado
2026-01-06 22:35:48 - render - INFO - Iniciando frame 44 (1280x720, 100 iter) - Modo: Optimizado
2026-01-06 22:35:48 - render - INFO - Iniciando frame 38 (1280x720, 100 iter) - Modo: Optimizado
2026-01-06 22:35:48 - render - INFO - Iniciando frame 40 (1280x720, 100 iter) - Modo: Optimizado
2026-01-06 22:35:48 - render - INFO - Iniciando frame 3 (1280x720, 100 iter) - Modo: Optimizado
2026-01-06 22:35:48 - render - INFO - Iniciando frame 34 (1280x720, 100 iter) - Modo: Optimizado
2026-01-06 22:35:48 - render - INFO - Iniciando frame 36 (1280x720, 100 iter) - Modo: Optimizado
2026-01-06 22:35:48 - render - INFO - Iniciando frame 27 (1280x720, 100 iter) - Modo: Optimizado
2026-01-06 22:35:48 - render - INFO - Iniciando frame 5 (1280x720, 100 iter) - Modo: Optimizado
2026-01-06 22:35:48 - render - INFO - Iniciando frame 15 (1280x720, 100 iter) - Modo: Optimizado
2026-01-06 22:35:48 - render - INFO - Iniciando frame 19 (1280x720, 100 iter) - Modo: Optimizado
2026-01-06 22:35:48 - render - INFO - Iniciando frame 9 (1280x720, 100 iter) - Modo: Optimizado
2026-01-06 22:35:48 - render - INFO - Iniciando frame 21 (1280x720, 100 iter) - Modo: Optimizado
2026-01-06 22:35:48 - render - INFO - Iniciando frame 29 (1280x720, 100 iter) - Modo: Optimizado
2026-01-06 22:35:48 - render - INFO - Iniciando frame 41 (1280x720, 100 iter) - Modo: Optimizado
2026-01-06 22:35:48 - render - INFO - Iniciando frame 17 (1280x720, 100 iter) - Modo: Optimizado
2026-01-06 22:35:48 - render - INFO - Iniciando frame 10 (1280x720, 100 iter) - Modo: Optimizado
2026-01-06 22:35:48 - render - INFO - Iniciando frame 35 (1280x720, 100 iter) - Modo: Optimizado
2026-01-06 22:35:48 - render - INFO - Iniciando frame 2 (1280x720, 100 iter) - Modo: Optimizado
2026-01-06 22:35:48 - render - INFO - Iniciando frame 39 (1280x720, 100 iter) - Modo: Optimizado
2026-01-06 22:35:48 - render - INFO - Iniciando frame 4 (1280x720, 100 iter) - Modo: Optimizado
2026-01-06 22:35:48 - render - INFO - Iniciando frame 6 (1280x720, 100 iter) - Modo: Optimizado
2026-01-06 22:35:48 - render - INFO - Iniciando frame 45 (1280x720, 100 iter) - Modo: Optimizado
2026-01-06 22:35:48 - render - INFO - Iniciando frame 8 (1280x720, 100 iter) - Modo: Optimizado
2026-01-06 22:35:48 - render - INFO - Iniciando frame 46 (1280x720, 100 iter) - Modo: Optimizado
2026-01-06 22:35:48 - render - INFO - Iniciando frame 48 (1280x720, 100 iter) - Modo: Optimizado
2026-01-06 22:35:48 - render - INFO - Iniciando frame 11 (1280x720, 100 iter) - Modo: Optimizado
2026-01-06 22:35:48 - render - INFO - Iniciando frame 14 (1280x720, 100 iter) - Modo: Optimizado
2026-01-06 22:35:48 - render - INFO - Iniciando frame 18 (1280x720, 100 iter) - Modo: Optimizado
2026-01-06 22:35:48 - render - INFO - Iniciando frame 22 (1280x720, 100 iter) - Modo: Optimizado
2026-01-06 22:35:48 - render - INFO - Iniciando frame 47 (1280x720, 100 iter) - Modo: Optimizado
2026-01-06 22:35:48 - render - INFO - Iniciando frame 26 (1280x720, 100 iter) - Modo: Optimizado
2026-01-06 22:35:48 - render - INFO - Iniciando frame 49 (1280x720, 100 iter) - Modo: Optimizado
2026-01-06 22:35:48 - render - INFO - Iniciando frame 24 (1280x720, 100 iter) - Modo: Optimizado
2026-01-06 22:35:48 - render - INFO - Iniciando frame 28 (1280x720, 100 iter) - Modo: Optimizado
2026-01-06 22:35:48 - render - INFO - Iniciando frame 30 (1280x720, 100 iter) - Modo: Optimizado
2026-01-06 22:35:48 - render - INFO - Iniciando frame 32 (1280x720, 100 iter) - Modo: Optimizado
2026-01-06 22:35:48 - render - INFO - Iniciando frame 20 (1280x720, 100 iter) - Modo: Optimizado
2026-01-06 22:35:48 - render - INFO - Iniciando frame 16 (1280x720, 100 iter) - Modo: Optimizado
2026-01-06 22:35:52 - render - INFO - Frame 39 completado en 3.63s (175.5 KB)
2026-01-06 22:35:52 - render - INFO - Frame 35 completado en 3.63s (186.2 KB)
2026-01-06 22:35:52 - render - INFO - Frame 37 completado en 3.93s (169.7 KB)
2026-01-06 22:35:52 - render - INFO - Frame 40 completado en 4.12s (178.4 KB)
2026-01-06 22:35:53 - render - INFO - Frame 44 completado en 4.31s (186.8 KB)
2026-01-06 22:35:53 - render - INFO - Frame 26 completado en 4.53s (166.8 KB)
2026-01-06 22:35:53 - render - INFO - Frame 20 completado en 4.62s (150.5 KB)
2026-01-06 22:35:53 - render - INFO - Frame 21 completado en 4.69s (129.6 KB)
2026-01-06 22:35:53 - render - INFO - Frame 2 completado en 4.73s (190.9 KB)
2026-01-06 22:35:53 - render - INFO - Frame 32 completado en 4.79s (208.8 KB)
2026-01-06 22:35:53 - render - INFO - Frame 34 completado en 4.81s (202.6 KB)
2026-01-06 22:35:53 - render - INFO - Frame 30 completado en 4.82s (227.1 KB)
2026-01-06 22:35:53 - render - INFO - Frame 22 completado en 4.88s (124.1 KB)
2026-01-06 22:35:53 - render - INFO - Frame 10 completado en 4.88s (122.9 KB)
2026-01-06 22:35:53 - render - INFO - Frame 38 completado en 4.90s (179.5 KB)
2026-01-06 22:35:53 - render - INFO - Frame 17 completado en 4.91s (162.7 KB)
2026-01-06 22:35:53 - render - INFO - Frame 14 completado en 4.90s (137.4 KB)
2026-01-06 22:35:53 - render - INFO - Frame 8 completado en 4.92s (121.1 KB)
2026-01-06 22:35:53 - render - INFO - Frame 18 completado en 4.98s (170.4 KB)
2026-01-06 22:35:53 - render - INFO - Frame 36 completado en 4.99s (176.7 KB)
2026-01-06 22:35:53 - render - INFO - Frame 16 completado en 4.97s (155.5 KB)
2026-01-06 22:35:53 - render - INFO - Frame 42 completado en 4.99s (184.2 KB)
2026-01-06 22:35:53 - render - INFO - Frame 0 completado en 5.02s (129.0 KB)
2026-01-06 22:35:53 - render - INFO - Frame 5 completado en 5.01s (179.8 KB)
2026-01-06 22:35:53 - render - INFO - Frame 6 completado en 5.01s (164.0 KB)
2026-01-06 22:35:53 - render - INFO - Frame 12 completado en 5.02s (126.5 KB)
2026-01-06 22:35:53 - render - INFO - Frame 4 completado en 5.05s (180.1 KB)
2026-01-06 22:35:53 - render - INFO - Frame 48 completado en 5.06s (88.2 KB)
2026-01-06 22:35:53 - render - INFO - Frame 28 completado en 5.06s (201.4 KB)
2026-01-06 22:35:53 - render - INFO - Frame 46 completado en 5.06s (117.3 KB)
2026-01-06 22:35:53 - render - INFO - Frame 24 completado en 5.06s (144.8 KB)
2026-01-06 22:35:53 - render - INFO - Frame 15 completado en 5.08s (144.5 KB)
2026-01-06 22:35:53 - render - INFO - Frame 47 completado en 5.05s (92.8 KB)
2026-01-06 22:35:53 - render - INFO - Frame 3 completado en 5.09s (164.4 KB)
2026-01-06 22:35:53 - render - INFO - Frame 11 completado en 5.05s (123.9 KB)
2026-01-06 22:35:53 - render - INFO - Frame 7 completado en 5.10s (122.5 KB)
2026-01-06 22:35:53 - render - INFO - Frame 9 completado en 5.09s (121.9 KB)
2026-01-06 22:35:53 - render - INFO - Frame 23 completado en 5.10s (132.8 KB)
2026-01-06 22:35:53 - render - INFO - Frame 27 completado en 5.09s (179.9 KB)
2026-01-06 22:35:53 - render - INFO - Frame 33 completado en 5.11s (206.1 KB)
2026-01-06 22:35:53 - render - INFO - Frame 31 completado en 5.12s (221.5 KB)
2026-01-06 22:35:53 - render - INFO - Frame 41 completado en 5.11s (175.1 KB)
2026-01-06 22:35:53 - render - INFO - Frame 43 completado en 5.13s (187.8 KB)
2026-01-06 22:35:53 - render - INFO - Frame 19 completado en 5.17s (165.2 KB)
2026-01-06 22:35:53 - render - INFO - Frame 49 completado en 5.17s (89.7 KB)
2026-01-06 22:35:53 - render - INFO - Frame 13 completado en 5.18s (127.1 KB)
2026-01-06 22:35:53 - render - INFO - Frame 45 completado en 5.18s (147.9 KB)
2026-01-06 22:35:53 - render - INFO - Frame 25 completado en 5.18s (159.7 KB)
2026-01-06 22:35:53 - render - INFO - Frame 1 completado en 5.19s (164.0 KB)
2026-01-06 22:35:53 - render - INFO - Frame 29 completado en 5.21s (218.3 KB)
2026-01-06 22:37:05 - render - INFO - Iniciando frame 1 (1920x1080, 150 iter) - Modo: Optimizado
2026-01-06 22:37:05 - render - INFO - Iniciando frame 0 (1920x1080, 150 iter) - Modo: Optimizado
2026-01-06 22:37:05 - render - INFO - Iniciando frame 7 (1920x1080, 150 iter) - Modo: Optimizado
2026-01-06 22:37:05 - render - INFO - Iniciando frame 2 (1920x1080, 150 iter) - Modo: Optimizado
2026-01-06 22:37:05 - render - INFO - Iniciando frame 3 (1920x1080, 150 iter) - Modo: Optimizado
2026-01-06 22:37:05 - render - INFO - Iniciando frame 4 (1920x1080, 150 iter) - Modo: Optimizado
2026-01-06 22:37:05 - render - INFO - Iniciando frame 5 (1920x1080, 150 iter) - Modo: Optimizado
2026-01-06 22:37:05 - render - INFO - Iniciando frame 13 (1920x1080, 150 iter) - Modo: Optimizado
2026-01-06 22:37:05 - render - INFO - Iniciando frame 25 (1920x1080, 150 iter) - Modo: Optimizado
2026-01-06 22:37:05 - render - INFO - Iniciando frame 9 (1920x1080, 150 iter) - Modo: Optimizado
2026-01-06 22:37:05 - render - INFO - Iniciando frame 15 (1920x1080, 150 iter) - Modo: Optimizado
2026-01-06 22:37:05 - render - INFO - Iniciando frame 17 (1920x1080, 150 iter) - Modo: Optimizado
2026-01-06 22:37:05 - render - INFO - Iniciando frame 21 (1920x1080, 150 iter) - Modo: Optimizado
2026-01-06 22:37:05 - render - INFO - Iniciando frame 23 (1920x1080, 150 iter) - Modo: Optimizado
2026-01-06 22:37:05 - render - INFO - Iniciando frame 29 (1920x1080, 150 iter) - Modo: Optimizado
2026-01-06 22:37:05 - render - INFO - Iniciando frame 31 (1920x1080, 150 iter) - Modo: Optimizado
2026-01-06 22:37:05 - render - INFO - Iniciando frame 33 (1920x1080, 150 iter) - Modo: Optimizado
2026-01-06 22:37:05 - render - INFO - Iniciando frame 27 (1920x1080, 150 iter) - Modo: Optimizado
2026-01-06 22:37:05 - render - INFO - Iniciando frame 59 (1920x1080, 150 iter) - Modo: Optimizado
2026-01-06 22:37:05 - render - INFO - Iniciando frame 11 (1920x1080, 150 iter) - Modo: Optimizado
2026-01-06 22:37:05 - render - INFO - Iniciando frame 8 (1920x1080, 150 iter) - Modo: Optimizado
2026-01-06 22:37:05 - render - INFO - Iniciando frame 19 (1920x1080, 150 iter) - Modo: Optimizado
2026-01-06 22:37:05 - render - INFO - Iniciando frame 18 (1920x1080, 150 iter) - Modo: Optimizado
2026-01-06 22:37:05 - render - INFO - Iniciando frame 32 (1920x1080, 150 iter) - Modo: Optimizado
2026-01-06 22:37:05 - render - INFO - Iniciando frame 45 (1920x1080, 150 iter) - Modo: Optimizado
2026-01-06 22:37:05 - render - INFO - Iniciando frame 34 (1920x1080, 150 iter) - Modo: Optimizado
2026-01-06 22:37:05 - render - INFO - Iniciando frame 56 (1920x1080, 150 iter) - Modo: Optimizado
2026-01-06 22:37:05 - render - INFO - Iniciando frame 37 (1920x1080, 150 iter) - Modo: Optimizado
2026-01-06 22:37:05 - render - INFO - Iniciando frame 39 (1920x1080, 150 iter) - Modo: Optimizado
2026-01-06 22:37:05 - render - INFO - Iniciando frame 14 (1920x1080, 150 iter) - Modo: Optimizado
2026-01-06 22:37:05 - render - INFO - Iniciando frame 26 (1920x1080, 150 iter) - Modo: Optimizado
2026-01-06 22:37:05 - render - INFO - Iniciando frame 43 (1920x1080, 150 iter) - Modo: Optimizado
2026-01-06 22:37:05 - render - INFO - Iniciando frame 28 (1920x1080, 150 iter) - Modo: Optimizado
2026-01-06 22:37:05 - render - INFO - Iniciando frame 30 (1920x1080, 150 iter) - Modo: Optimizado
2026-01-06 22:37:05 - render - INFO - Iniciando frame 38 (1920x1080, 150 iter) - Modo: Optimizado
2026-01-06 22:37:05 - render - INFO - Iniciando frame 42 (1920x1080, 150 iter) - Modo: Optimizado
2026-01-06 22:37:05 - render - INFO - Iniciando frame 47 (1920x1080, 150 iter) - Modo: Optimizado
2026-01-06 22:37:05 - render - INFO - Iniciando frame 35 (1920x1080, 150 iter) - Modo: Optimizado
2026-01-06 22:37:05 - render - INFO - Iniciando frame 44 (1920x1080, 150 iter) - Modo: Optimizado
2026-01-06 22:37:05 - render - INFO - Iniciando frame 46 (1920x1080, 150 iter) - Modo: Optimizado
2026-01-06 22:37:05 - render - INFO - Iniciando frame 49 (1920x1080, 150 iter) - Modo: Optimizado
2026-01-06 22:37:05 - render - INFO - Iniciando frame 48 (1920x1080, 150 iter) - Modo: Optimizado
2026-01-06 22:37:05 - render - INFO - Iniciando frame 51 (1920x1080, 150 iter) - Modo: Optimizado
2026-01-06 22:37:05 - render - INFO - Iniciando frame 53 (1920x1080, 150 iter) - Modo: Optimizado
2026-01-06 22:37:05 - render - INFO - Iniciando frame 57 (1920x1080, 150 iter) - Modo: Optimizado
2026-01-06 22:37:05 - render - INFO - Iniciando frame 55 (1920x1080, 150 iter) - Modo: Optimizado
2026-01-06 22:37:05 - render - INFO - Iniciando frame 41 (1920x1080, 150 iter) - Modo: Optimizado
2026-01-06 22:37:05 - render - INFO - Iniciando frame 50 (1920x1080, 150 iter) - Modo: Optimizado
2026-01-06 22:37:05 - render - INFO - Iniciando frame 52 (1920x1080, 150 iter) - Modo: Optimizado
2026-01-06 22:37:05 - render - INFO - Iniciando frame 61 (1920x1080, 150 iter) - Modo: Optimizado
2026-01-06 22:37:05 - render - INFO - Iniciando frame 54 (1920x1080, 150 iter) - Modo: Optimizado
2026-01-06 22:37:05 - render - INFO - Iniciando frame 24 (1920x1080, 150 iter) - Modo: Optimizado
2026-01-06 22:37:05 - render - INFO - Iniciando frame 12 (1920x1080, 150 iter) - Modo: Optimizado
2026-01-06 22:37:05 - render - INFO - Iniciando frame 10 (1920x1080, 150 iter) - Modo: Optimizado
2026-01-06 22:37:05 - render - INFO - Iniciando frame 63 (1920x1080, 150 iter) - Modo: Optimizado
2026-01-06 22:37:05 - render - INFO - Iniciando frame 36 (1920x1080, 150 iter) - Modo: Optimizado
2026-01-06 22:37:05 - render - INFO - Iniciando frame 40 (1920x1080, 150 iter) - Modo: Optimizado
2026-01-06 22:37:05 - render - INFO - Iniciando frame 58 (1920x1080, 150 iter) - Modo: Optimizado
2026-01-06 22:37:05 - render - INFO - Iniciando frame 6 (1920x1080, 150 iter) - Modo: Optimizado
2026-01-06 22:37:05 - render - INFO - Iniciando frame 16 (1920x1080, 150 iter) - Modo: Optimizado
2026-01-06 22:37:05 - render - INFO - Iniciando frame 20 (1920x1080, 150 iter) - Modo: Optimizado
2026-01-06 22:37:05 - render - INFO - Iniciando frame 22 (1920x1080, 150 iter) - Modo: Optimizado
2026-01-06 22:37:05 - render - INFO - Iniciando frame 60 (1920x1080, 150 iter) - Modo: Optimizado
2026-01-06 22:37:05 - render - INFO - Iniciando frame 62 (1920x1080, 150 iter) - Modo: Optimizado
2026-01-06 22:37:18 - render - INFO - Frame 40 completado en 12.53s (356.8 KB)
2026-01-06 22:37:18 - render - INFO - Frame 2 completado en 12.58s (332.2 KB)
2026-01-06 22:37:18 - render - INFO - Frame 30 completado en 12.60s (396.6 KB)
2026-01-06 22:37:18 - render - INFO - Iniciando frame 64 (1920x1080, 150 iter) - Modo: Optimizado
2026-01-06 22:37:18 - render - INFO - Frame 32 completado en 12.63s (423.0 KB)
2026-01-06 22:37:18 - render - INFO - Frame 46 completado en 12.63s (465.7 KB)
2026-01-06 22:37:18 - render - INFO - Frame 22 completado en 12.61s (290.8 KB)
2026-01-06 22:37:18 - render - INFO - Iniciando frame 66 (1920x1080, 150 iter) - Modo: Optimizado
2026-01-06 22:37:18 - render - INFO - Iniciando frame 68 (1920x1080, 150 iter) - Modo: Optimizado
2026-01-06 22:37:18 - render - INFO - Iniciando frame 70 (1920x1080, 150 iter) - Modo: Optimizado
2026-01-06 22:37:18 - render - INFO - Iniciando frame 72 (1920x1080, 150 iter) - Modo: Optimizado
2026-01-06 22:37:18 - render - INFO - Iniciando frame 74 (1920x1080, 150 iter) - Modo: Optimizado
2026-01-06 22:37:18 - render - INFO - Frame 38 completado en 12.93s (408.8 KB)
2026-01-06 22:37:18 - render - INFO - Frame 14 completado en 12.96s (253.9 KB)
2026-01-06 22:37:18 - render - INFO - Frame 6 completado en 12.92s (342.3 KB)
2026-01-06 22:37:18 - render - INFO - Frame 34 completado en 13.11s (450.7 KB)
2026-01-06 22:37:18 - render - INFO - Frame 36 completado en 13.11s (440.2 KB)
2026-01-06 22:37:18 - render - INFO - Frame 16 completado en 13.09s (271.9 KB)
2026-01-06 22:37:18 - render - INFO - Frame 18 completado en 13.10s (273.6 KB)
2026-01-06 22:37:18 - render - INFO - Frame 26 completado en 13.14s (336.1 KB)
2026-01-06 22:37:18 - render - INFO - Iniciando frame 76 (1920x1080, 150 iter) - Modo: Optimizado
2026-01-06 22:37:18 - render - INFO - Iniciando frame 78 (1920x1080, 150 iter) - Modo: Optimizado
2026-01-06 22:37:18 - render - INFO - Frame 42 completado en 13.24s (373.8 KB)
2026-01-06 22:37:18 - render - INFO - Frame 52 completado en 13.24s (635.7 KB)
2026-01-06 22:37:18 - render - INFO - Frame 48 completado en 13.29s (517.2 KB)
2026-01-06 22:37:18 - render - INFO - Iniciando frame 88 (1920x1080, 150 iter) - Modo: Optimizado
2026-01-06 22:37:18 - render - INFO - Iniciando frame 86 (1920x1080, 150 iter) - Modo: Optimizado
2026-01-06 22:37:18 - render - INFO - Iniciando frame 82 (1920x1080, 150 iter) - Modo: Optimizado
2026-01-06 22:37:18 - render - INFO - Iniciando frame 84 (1920x1080, 150 iter) - Modo: Optimizado
2026-01-06 22:37:18 - render - INFO - Iniciando frame 80 (1920x1080, 150 iter) - Modo: Optimizado
2026-01-06 22:37:18 - render - INFO - Iniciando frame 90 (1920x1080, 150 iter) - Modo: Optimizado
2026-01-06 22:37:19 - render - INFO - Iniciando frame 92 (1920x1080, 150 iter) - Modo: Optimizado
2026-01-06 22:37:19 - render - INFO - Frame 58 completado en 13.39s (745.0 KB)
2026-01-06 22:37:19 - render - INFO - Frame 12 completado en 13.41s (314.8 KB)
2026-01-06 22:37:19 - render - INFO - Frame 28 completado en 13.43s (357.4 KB)
2026-01-06 22:37:19 - render - INFO - Frame 54 completado en 13.43s (707.9 KB)
2026-01-06 22:37:19 - render - INFO - Frame 8 completado en 13.42s (382.0 KB)
2026-01-06 22:37:19 - render - INFO - Frame 44 completado en 13.44s (401.8 KB)
2026-01-06 22:37:19 - render - INFO - Frame 50 completado en 13.44s (569.2 KB)
2026-01-06 22:37:19 - render - INFO - Frame 20 completado en 13.47s (278.0 KB)
2026-01-06 22:37:19 - render - INFO - Frame 24 completado en 13.47s (305.8 KB)
2026-01-06 22:37:19 - render - INFO - Frame 10 completado en 13.45s (367.2 KB)
2026-01-06 22:37:19 - render - INFO - Iniciando frame 96 (1920x1080, 150 iter) - Modo: Optimizado
2026-01-06 22:37:19 - render - INFO - Iniciando frame 94 (1920x1080, 150 iter) - Modo: Optimizado
2026-01-06 22:37:19 - render - INFO - Frame 62 completado en 13.54s (687.0 KB)
2026-01-06 22:37:19 - render - INFO - Frame 56 completado en 13.56s (756.0 KB)
2026-01-06 22:37:19 - render - INFO - Frame 4 completado en 13.52s (389.4 KB)
2026-01-06 22:37:19 - render - INFO - Frame 0 completado en 13.56s (257.2 KB)
2026-01-06 22:37:19 - render - INFO - Iniciando frame 98 (1920x1080, 150 iter) - Modo: Optimizado
2026-01-06 22:37:20 - render - INFO - Frame 60 completado en 14.55s (719.7 KB)
2026-01-06 22:37:23 - render - INFO - Frame 64 completado en 5.52s (650.4 KB)
2026-01-06 22:37:24 - render - INFO - Frame 72 completado en 5.69s (667.9 KB)
2026-01-06 22:37:24 - render - INFO - Frame 68 completado en 5.78s (602.1 KB)
2026-01-06 22:37:24 - render - INFO - Frame 70 completado en 5.76s (624.2 KB)
2026-01-06 22:37:24 - render - INFO - Frame 66 completado en 5.96s (594.8 KB)
2026-01-06 22:37:24 - render - INFO - Frame 74 completado en 6.02s (688.4 KB)
2026-01-06 22:37:24 - render - INFO - Frame 76 completado en 5.59s (695.8 KB)
2026-01-06 22:37:24 - render - INFO - Frame 78 completado en 5.68s (731.0 KB)
2026-01-06 22:37:24 - render - INFO - Frame 96 completado en 4.61s (519.6 KB)
2026-01-06 22:37:24 - render - INFO - Frame 92 completado en 5.52s (629.2 KB)
2026-01-06 22:37:24 - render - INFO - Frame 84 completado en 5.52s (832.8 KB)
2026-01-06 22:37:24 - render - INFO - Frame 98 completado en 4.58s (477.2 KB)
2026-01-06 22:37:24 - render - INFO - Frame 90 completado en 5.49s (648.4 KB)
2026-01-06 22:37:24 - render - INFO - Frame 80 completado en 5.52s (808.7 KB)
2026-01-06 22:37:24 - render - INFO - Frame 94 completado en 4.73s (579.3 KB)
2026-01-06 22:37:24 - render - INFO - Frame 88 completado en 5.62s (678.1 KB)
2026-01-06 22:37:24 - render - INFO - Frame 86 completado en 5.62s (759.8 KB)
2026-01-06 22:37:24 - render - INFO - Frame 82 completado en 5.66s (833.5 KB)
2026-01-06 22:37:38 - render - INFO - Iniciando frame 55 (1920x1080, 150 iter) - Modo: Optimizado
2026-01-06 22:37:38 - render - INFO - Iniciando frame 15 (1920x1080, 150 iter) - Modo: Optimizado
2026-01-06 22:37:38 - render - INFO - Iniciando frame 91 (1920x1080, 150 iter) - Modo: Optimizado
2026-01-06 22:37:38 - render - INFO - Iniciando frame 93 (1920x1080, 150 iter) - Modo: Optimizado
2026-01-06 22:37:38 - render - INFO - Iniciando frame 83 (1920x1080, 150 iter) - Modo: Optimizado
2026-01-06 22:37:38 - render - INFO - Iniciando frame 7 (1920x1080, 150 iter) - Modo: Optimizado
2026-01-06 22:37:38 - render - INFO - Iniciando frame 95 (1920x1080, 150 iter) - Modo: Optimizado
2026-01-06 22:37:38 - render - INFO - Iniciando frame 19 (1920x1080, 150 iter) - Modo: Optimizado
2026-01-06 22:37:38 - render - INFO - Iniciando frame 65 (1920x1080, 150 iter) - Modo: Optimizado
2026-01-06 22:37:38 - render - INFO - Iniciando frame 31 (1920x1080, 150 iter) - Modo: Optimizado
2026-01-06 22:37:38 - render - INFO - Iniciando frame 63 (1920x1080, 150 iter) - Modo: Optimizado
2026-01-06 22:37:38 - render - INFO - Iniciando frame 5 (1920x1080, 150 iter) - Modo: Optimizado
2026-01-06 22:37:38 - render - INFO - Iniciando frame 99 (1920x1080, 150 iter) - Modo: Optimizado
2026-01-06 22:37:38 - render - INFO - Iniciando frame 77 (1920x1080, 150 iter) - Modo: Optimizado
2026-01-06 22:37:38 - render - INFO - Iniciando frame 25 (1920x1080, 150 iter) - Modo: Optimizado
2026-01-06 22:37:38 - render - INFO - Iniciando frame 53 (1920x1080, 150 iter) - Modo: Optimizado
2026-01-06 22:37:38 - render - INFO - Iniciando frame 67 (1920x1080, 150 iter) - Modo: Optimizado
2026-01-06 22:37:38 - render - INFO - Iniciando frame 85 (1920x1080, 150 iter) - Modo: Optimizado
2026-01-06 22:37:38 - render - INFO - Iniciando frame 41 (1920x1080, 150 iter) - Modo: Optimizado
2026-01-06 22:37:38 - render - INFO - Iniciando frame 69 (1920x1080, 150 iter) - Modo: Optimizado
2026-01-06 22:37:38 - render - INFO - Iniciando frame 57 (1920x1080, 150 iter) - Modo: Optimizado
2026-01-06 22:37:38 - render - INFO - Iniciando frame 59 (1920x1080, 150 iter) - Modo: Optimizado
2026-01-06 22:37:38 - render - INFO - Iniciando frame 27 (1920x1080, 150 iter) - Modo: Optimizado
2026-01-06 22:37:38 - render - INFO - Iniciando frame 33 (1920x1080, 150 iter) - Modo: Optimizado
2026-01-06 22:37:38 - render - INFO - Iniciando frame 23 (1920x1080, 150 iter) - Modo: Optimizado
2026-01-06 22:37:38 - render - INFO - Iniciando frame 17 (1920x1080, 150 iter) - Modo: Optimizado
2026-01-06 22:37:38 - render - INFO - Iniciando frame 73 (1920x1080, 150 iter) - Modo: Optimizado
2026-01-06 22:37:38 - render - INFO - Iniciando frame 21 (1920x1080, 150 iter) - Modo: Optimizado
2026-01-06 22:37:38 - render - INFO - Iniciando frame 43 (1920x1080, 150 iter) - Modo: Optimizado
2026-01-06 22:37:38 - render - INFO - Iniciando frame 75 (1920x1080, 150 iter) - Modo: Optimizado
2026-01-06 22:37:38 - render - INFO - Iniciando frame 61 (1920x1080, 150 iter) - Modo: Optimizado
2026-01-06 22:37:38 - render - INFO - Iniciando frame 45 (1920x1080, 150 iter) - Modo: Optimizado
2026-01-06 22:37:48 - render - INFO - Frame 25 completado en 9.37s (317.4 KB)
2026-01-06 22:37:48 - render - INFO - Frame 77 completado en 9.42s (706.0 KB)
2026-01-06 22:37:48 - render - INFO - Frame 15 completado en 9.47s (263.7 KB)
2026-01-06 22:37:48 - render - INFO - Frame 65 completado en 9.47s (629.5 KB)
2026-01-06 22:37:48 - render - INFO - Frame 7 completado en 9.47s (360.9 KB)
2026-01-06 22:37:48 - render - INFO - Frame 41 completado en 9.49s (355.7 KB)
2026-01-06 22:37:48 - render - INFO - Frame 17 completado en 9.52s (269.1 KB)
2026-01-06 22:37:48 - render - INFO - Iniciando frame 3 (1920x1080, 150 iter) - Modo: Optimizado
2026-01-06 22:37:48 - render - INFO - Frame 57 completado en 9.54s (759.2 KB)
2026-01-06 22:37:48 - render - INFO - Frame 69 completado en 9.56s (607.6 KB)
2026-01-06 22:37:48 - render - INFO - Frame 19 completado en 9.59s (278.3 KB)
2026-01-06 22:37:48 - render - INFO - Frame 21 completado en 9.59s (285.9 KB)
2026-01-06 22:37:48 - render - INFO - Frame 85 completado en 9.63s (797.2 KB)
2026-01-06 22:37:48 - render - INFO - Frame 5 completado en 9.65s (342.1 KB)
2026-01-06 22:37:48 - render - INFO - Frame 23 completado en 9.65s (302.1 KB)
2026-01-06 22:37:48 - render - INFO - Frame 33 completado en 9.65s (441.9 KB)
2026-01-06 22:37:48 - render - INFO - Frame 31 completado en 9.74s (408.7 KB)
2026-01-06 22:37:48 - render - INFO - Frame 45 completado en 9.72s (433.9 KB)
2026-01-06 22:37:48 - render - INFO - Iniciando frame 35 (1920x1080, 150 iter) - Modo: Optimizado
2026-01-06 22:37:48 - render - INFO - Iniciando frame 1 (1920x1080, 150 iter) - Modo: Optimizado
2026-01-06 22:37:48 - render - INFO - Frame 75 completado en 9.77s (687.0 KB)
2026-01-06 22:37:48 - render - INFO - Frame 73 completado en 9.78s (677.2 KB)
2026-01-06 22:37:48 - render - INFO - Frame 95 completado en 9.80s (543.8 KB)
2026-01-06 22:37:48 - render - INFO - Frame 27 completado en 9.78s (344.1 KB)
2026-01-06 22:37:48 - render - INFO - Frame 43 completado en 9.80s (389.8 KB)
2026-01-06 22:37:48 - render - INFO - Frame 99 completado en 9.84s (468.2 KB)
2026-01-06 22:37:48 - render - INFO - Frame 93 completado en 9.85s (605.9 KB)
2026-01-06 22:37:48 - render - INFO - Frame 91 completado en 9.85s (635.2 KB)
2026-01-06 22:37:48 - render - INFO - Iniciando frame 9 (1920x1080, 150 iter) - Modo: Optimizado
2026-01-06 22:37:48 - render - INFO - Iniciando frame 81 (1920x1080, 150 iter) - Modo: Optimizado
2026-01-06 22:37:48 - render - INFO - Iniciando frame 37 (1920x1080, 150 iter) - Modo: Optimizado
2026-01-06 22:37:48 - render - INFO - Iniciando frame 11 (1920x1080, 150 iter) - Modo: Optimizado
2026-01-06 22:37:48 - render - INFO - Frame 61 completado en 9.85s (697.1 KB)
2026-01-06 22:37:48 - render - INFO - Iniciando frame 13 (1920x1080, 150 iter) - Modo: Optimizado
2026-01-06 22:37:48 - render - INFO - Frame 63 completado en 9.90s (672.1 KB)
2026-01-06 22:37:48 - render - INFO - Frame 83 completado en 9.90s (863.7 KB)
2026-01-06 22:37:48 - render - INFO - Frame 53 completado en 9.89s (677.7 KB)
2026-01-06 22:37:48 - render - INFO - Iniciando frame 49 (1920x1080, 150 iter) - Modo: Optimizado
2026-01-06 22:37:48 - render - INFO - Iniciando frame 39 (1920x1080, 150 iter) - Modo: Optimizado
2026-01-06 22:37:48 - render - INFO - Frame 55 completado en 9.91s (737.8 KB)
2026-01-06 22:37:48 - render - INFO - Frame 59 completado en 9.90s (729.7 KB)
2026-01-06 22:37:48 - render - INFO - Iniciando frame 47 (1920x1080, 150 iter) - Modo: Optimizado
2026-01-06 22:37:48 - render - INFO - Iniciando frame 51 (1920x1080, 150 iter) - Modo: Optimizado
2026-01-06 22:37:48 - render - INFO - Iniciando frame 29 (1920x1080, 150 iter) - Modo: Optimizado
2026-01-06 22:37:48 - render - INFO - Iniciando frame 71 (1920x1080, 150 iter) - Modo: Optimizado
2026-01-06 22:37:48 - render - INFO - Iniciando frame 87 (1920x1080, 150 iter) - Modo: Optimizado
2026-01-06 22:37:48 - render - INFO - Iniciando frame 79 (1920x1080, 150 iter) - Modo: Optimizado
2026-01-06 22:37:48 - render - INFO - Iniciando frame 97 (1920x1080, 150 iter) - Modo: Optimizado
2026-01-06 22:37:48 - render - INFO - Iniciando frame 89 (1920x1080, 150 iter) - Modo: Optimizado
2026-01-06 22:37:48 - render - INFO - Frame 67 completado en 9.94s (584.5 KB)
2026-01-06 22:37:52 - render - INFO - Frame 1 completado en 4.31s (292.8 KB)
2026-01-06 22:37:53 - render - INFO - Frame 39 completado en 4.69s (381.4 KB)
2026-01-06 22:37:53 - render - INFO - Frame 3 completado en 4.94s (366.2 KB)
2026-01-06 22:37:53 - render - INFO - Frame 13 completado en 4.73s (275.3 KB)
2026-01-06 22:37:53 - render - INFO - Frame 71 completado en 4.73s (652.0 KB)
2026-01-06 22:37:53 - render - INFO - Frame 29 completado en 4.87s (380.6 KB)
2026-01-06 22:37:53 - render - INFO - Frame 51 completado en 4.87s (597.4 KB)
2026-01-06 22:37:53 - render - INFO - Frame 49 completado en 4.96s (537.4 KB)
2026-01-06 22:37:53 - render - INFO - Frame 81 completado en 4.98s (817.6 KB)
2026-01-06 22:37:53 - render - INFO - Frame 9 completado en 4.97s (382.3 KB)
2026-01-06 22:37:53 - render - INFO - Frame 87 completado en 3.90s (718.0 KB)
2026-01-06 22:37:53 - render - INFO - Frame 97 completado en 3.98s (503.2 KB)
2026-01-06 22:37:53 - render - INFO - Frame 35 completado en 5.15s (446.7 KB)
2026-01-06 22:37:53 - render - INFO - Frame 47 completado en 5.03s (505.0 KB)
2026-01-06 22:37:53 - render - INFO - Frame 11 completado en 5.06s (356.6 KB)
2026-01-06 22:37:53 - render - INFO - Frame 37 completado en 5.06s (425.4 KB)
2026-01-06 22:37:53 - render - INFO - Frame 79 completado en 3.99s (779.2 KB)
2026-01-06 22:37:53 - render - INFO - Frame 89 completado en 4.00s (655.5 KB)
2026-01-06 22:39:36 - render - INFO - Frame 1 obtenido del caché
2026-01-06 22:39:36 - render - INFO - Frame 3 obtenido del caché
2026-01-06 22:39:36 - render - INFO - Frame 0 obtenido del caché
2026-01-06 22:39:36 - render - INFO - Frame 2 obtenido del caché
2026-01-06 22:39:36 - render - INFO - Frame 5 obtenido del caché
2026-01-06 22:39:36 - render - INFO - Frame 4 obtenido del caché
2026-01-06 22:39:36 - render - INFO - Frame 45 obtenido del caché
2026-01-06 22:39:36 - render - INFO - Frame 12 obtenido del caché
2026-01-06 22:39:36 - render - INFO - Frame 14 obtenido del caché
2026-01-06 22:39:36 - render - INFO - Frame 6 obtenido del caché
2026-01-06 22:39:36 - render - INFO - Frame 43 obtenido del caché
2026-01-06 22:39:36 - render - INFO - Frame 8 obtenido del caché
2026-01-06 22:39:36 - render - INFO - Frame 16 obtenido del caché
2026-01-06 22:39:36 - render - INFO - Frame 7 obtenido del caché
2026-01-06 22:39:36 - render - INFO - Frame 9 obtenido del caché
2026-01-06 22:39:36 - render - INFO - Frame 57 obtenido del caché
2026-01-06 22:39:36 - render - INFO - Frame 47 obtenido del caché
2026-01-06 22:39:36 - render - INFO - Frame 61 obtenido del caché
2026-01-06 22:39:36 - render - INFO - Frame 15 obtenido del caché
2026-01-06 22:39:36 - render - INFO - Frame 20 obtenido del caché
2026-01-06 22:39:36 - render - INFO - Frame 11 obtenido del caché
2026-01-06 22:39:36 - render - INFO - Frame 13 obtenido del caché
2026-01-06 22:39:36 - render - INFO - Frame 19 obtenido del caché
2026-01-06 22:39:36 - render - INFO - Frame 56 obtenido del caché
2026-01-06 22:39:36 - render - INFO - Frame 17 obtenido del caché
2026-01-06 22:39:36 - render - INFO - Frame 58 obtenido del caché
2026-01-06 22:39:36 - render - INFO - Frame 31 obtenido del caché
2026-01-06 22:39:36 - render - INFO - Frame 29 obtenido del caché
2026-01-06 22:39:36 - render - INFO - Frame 25 obtenido del caché
2026-01-06 22:39:36 - render - INFO - Frame 37 obtenido del caché
2026-01-06 22:39:36 - render - INFO - Frame 22 obtenido del caché
2026-01-06 22:39:36 - render - INFO - Frame 21 obtenido del caché
2026-01-06 22:39:36 - render - INFO - Frame 33 obtenido del caché
2026-01-06 22:39:36 - render - INFO - Frame 44 obtenido del caché
2026-01-06 22:39:36 - render - INFO - Frame 26 obtenido del caché
2026-01-06 22:39:36 - render - INFO - Frame 50 obtenido del caché
2026-01-06 22:39:36 - render - INFO - Frame 27 obtenido del caché
2026-01-06 22:39:36 - render - INFO - Frame 62 obtenido del caché
2026-01-06 22:39:36 - render - INFO - Frame 42 obtenido del caché
2026-01-06 22:39:36 - render - INFO - Frame 23 obtenido del caché
2026-01-06 22:39:36 - render - INFO - Frame 46 obtenido del caché
2026-01-06 22:39:36 - render - INFO - Frame 35 obtenido del caché
2026-01-06 22:39:36 - render - INFO - Frame 36 obtenido del caché
2026-01-06 22:39:36 - render - INFO - Frame 30 obtenido del caché
2026-01-06 22:39:36 - render - INFO - Frame 34 obtenido del caché
2026-01-06 22:39:36 - render - INFO - Frame 38 obtenido del caché
2026-01-06 22:39:36 - render - INFO - Frame 41 obtenido del caché
2026-01-06 22:39:36 - render - INFO - Frame 39 obtenido del caché
2026-01-06 22:39:36 - render - INFO - Frame 63 obtenido del caché
2026-01-06 22:39:36 - render - INFO - Frame 54 obtenido del caché
2026-01-06 22:39:36 - render - INFO - Frame 51 obtenido del caché
2026-01-06 22:39:36 - render - INFO - Frame 24 obtenido del caché
2026-01-06 22:39:36 - render - INFO - Frame 28 obtenido del caché
2026-01-06 22:39:36 - render - INFO - Frame 55 obtenido del caché
2026-01-06 22:39:36 - render - INFO - Frame 53 obtenido del caché
2026-01-06 22:39:36 - render - INFO - Frame 10 obtenido del caché
2026-01-06 22:39:36 - render - INFO - Frame 59 obtenido del caché
2026-01-06 22:39:36 - render - INFO - Frame 49 obtenido del caché
2026-01-06 22:39:36 - render - INFO - Frame 52 obtenido del caché
2026-01-06 22:39:36 - render - INFO - Frame 48 obtenido del caché
2026-01-06 22:39:36 - render - INFO - Frame 40 obtenido del caché
2026-01-06 22:39:36 - render - INFO - Frame 18 obtenido del caché
2026-01-06 22:39:36 - render - INFO - Frame 32 obtenido del caché
2026-01-06 22:39:36 - render - INFO - Frame 60 obtenido del caché
2026-01-06 22:39:36 - render - INFO - Frame 67 obtenido del caché
2026-01-06 22:39:36 - render - INFO - Frame 64 obtenido del caché
2026-01-06 22:39:36 - render - INFO - Frame 68 obtenido del caché
2026-01-06 22:39:36 - render - INFO - Frame 65 obtenido del caché
2026-01-06 22:39:36 - render - INFO - Frame 70 obtenido del caché
2026-01-06 22:39:36 - render - INFO - Frame 71 obtenido del caché
2026-01-06 22:39:36 - render - INFO - Frame 69 obtenido del caché
2026-01-06 22:39:36 - render - INFO - Frame 73 obtenido del caché
2026-01-06 22:39:36 - render - INFO - Frame 66 obtenido del caché
2026-01-06 22:39:36 - render - INFO - Frame 85 obtenido del caché
2026-01-06 22:39:36 - render - INFO - Frame 77 obtenido del caché
2026-01-06 22:39:36 - render - INFO - Frame 87 obtenido del caché
2026-01-06 22:39:36 - render - INFO - Frame 72 obtenido del caché
2026-01-06 22:39:36 - render - INFO - Frame 76 obtenido del caché
2026-01-06 22:39:36 - render - INFO - Frame 74 obtenido del caché
2026-01-06 22:39:36 - render - INFO - Frame 89 obtenido del caché
2026-01-06 22:39:36 - render - INFO - Frame 75 obtenido del caché
2026-01-06 22:39:36 - render - INFO - Frame 93 obtenido del caché
2026-01-06 22:39:36 - render - INFO - Frame 79 obtenido del caché
2026-01-06 22:39:36 - render - INFO - Frame 80 obtenido del caché
2026-01-06 22:39:36 - render - INFO - Frame 97 obtenido del caché
2026-01-06 22:39:36 - render - INFO - Frame 98 obtenido del caché
2026-01-06 22:39:36 - render - INFO - Frame 91 obtenido del caché
2026-01-06 22:39:36 - render - INFO - Frame 96 obtenido del caché
2026-01-06 22:39:36 - render - INFO - Frame 78 obtenido del caché
2026-01-06 22:39:36 - render - INFO - Frame 99 obtenido del caché
2026-01-06 22:39:36 - render - INFO - Frame 86 obtenido del caché
2026-01-06 22:39:36 - render - INFO - Frame 90 obtenido del caché
2026-01-06 22:39:36 - render - INFO - Frame 94 obtenido del caché
2026-01-06 22:39:36 - render - INFO - Frame 84 obtenido del caché
2026-01-06 22:39:36 - render - INFO - Frame 83 obtenido del caché
2026-01-06 22:39:36 - render - INFO - Frame 95 obtenido del caché
2026-01-06 22:39:36 - render - INFO - Frame 81 obtenido del caché
2026-01-06 22:39:36 - render - INFO - Frame 82 obtenido del caché
2026-01-06 22:39:36 - render - INFO - Frame 92 obtenido del caché
2026-01-06 22:39:36 - render - INFO - Frame 88 obtenido del caché
2026-01-06 22:43:53 - render - INFO - Iniciando frame 1 (1920x1080, 150 iter) - Modo: Optimizado
2026-01-06 22:43:53 - render - INFO - Iniciando frame 0 (1920x1080, 150 iter) - Modo: Optimizado
2026-01-06 22:43:53 - render - INFO - Iniciando frame 14 (1920x1080, 150 iter) - Modo: Optimizado
2026-01-06 22:43:53 - render - INFO - Iniciando frame 9 (1920x1080, 150 iter) - Modo: Optimizado
2026-01-06 22:43:53 - render - INFO - Iniciando frame 4 (1920x1080, 150 iter) - Modo: Optimizado
2026-01-06 22:43:53 - render - INFO - Iniciando frame 2 (1920x1080, 150 iter) - Modo: Optimizado
2026-01-06 22:43:53 - render - INFO - Iniciando frame 3 (1920x1080, 150 iter) - Modo: Optimizado
2026-01-06 22:43:53 - render - INFO - Iniciando frame 51 (1920x1080, 150 iter) - Modo: Optimizado
2026-01-06 22:43:53 - render - INFO - Iniciando frame 16 (1920x1080, 150 iter) - Modo: Optimizado
2026-01-06 22:43:53 - render - INFO - Iniciando frame 6 (1920x1080, 150 iter) - Modo: Optimizado
2026-01-06 22:43:53 - render - INFO - Iniciando frame 10 (1920x1080, 150 iter) - Modo: Optimizado
2026-01-06 22:43:53 - render - INFO - Iniciando frame 8 (1920x1080, 150 iter) - Modo: Optimizado
2026-01-06 22:43:53 - render - INFO - Iniciando frame 12 (1920x1080, 150 iter) - Modo: Optimizado
2026-01-06 22:43:53 - render - INFO - Iniciando frame 11 (1920x1080, 150 iter) - Modo: Optimizado
2026-01-06 22:43:53 - render - INFO - Iniciando frame 5 (1920x1080, 150 iter) - Modo: Optimizado
2026-01-06 22:43:53 - render - INFO - Iniciando frame 7 (1920x1080, 150 iter) - Modo: Optimizado
2026-01-06 22:43:53 - render - INFO - Iniciando frame 22 (1920x1080, 150 iter) - Modo: Optimizado
2026-01-06 22:43:53 - render - INFO - Iniciando frame 19 (1920x1080, 150 iter) - Modo: Optimizado
2026-01-06 22:43:53 - render - INFO - Iniciando frame 52 (1920x1080, 150 iter) - Modo: Optimizado
2026-01-06 22:43:53 - render - INFO - Iniciando frame 21 (1920x1080, 150 iter) - Modo: Optimizado
2026-01-06 22:43:53 - render - INFO - Iniciando frame 18 (1920x1080, 150 iter) - Modo: Optimizado
2026-01-06 22:43:53 - render - INFO - Iniciando frame 23 (1920x1080, 150 iter) - Modo: Optimizado
2026-01-06 22:43:53 - render - INFO - Iniciando frame 27 (1920x1080, 150 iter) - Modo: Optimizado
2026-01-06 22:43:53 - render - INFO - Iniciando frame 25 (1920x1080, 150 iter) - Modo: Optimizado
2026-01-06 22:43:53 - render - INFO - Iniciando frame 15 (1920x1080, 150 iter) - Modo: Optimizado
2026-01-06 22:43:53 - render - INFO - Iniciando frame 17 (1920x1080, 150 iter) - Modo: Optimizado
2026-01-06 22:43:53 - render - INFO - Iniciando frame 20 (1920x1080, 150 iter) - Modo: Optimizado
2026-01-06 22:43:53 - render - INFO - Iniciando frame 26 (1920x1080, 150 iter) - Modo: Optimizado
2026-01-06 22:43:53 - render - INFO - Iniciando frame 28 (1920x1080, 150 iter) - Modo: Optimizado
2026-01-06 22:43:53 - render - INFO - Iniciando frame 13 (1920x1080, 150 iter) - Modo: Optimizado
2026-01-06 22:43:53 - render - INFO - Iniciando frame 32 (1920x1080, 150 iter) - Modo: Optimizado
2026-01-06 22:43:53 - render - INFO - Iniciando frame 34 (1920x1080, 150 iter) - Modo: Optimizado
2026-01-06 22:43:53 - render - INFO - Iniciando frame 38 (1920x1080, 150 iter) - Modo: Optimizado
2026-01-06 22:43:53 - render - INFO - Iniciando frame 42 (1920x1080, 150 iter) - Modo: Optimizado
2026-01-06 22:43:53 - render - INFO - Iniciando frame 44 (1920x1080, 150 iter) - Modo: Optimizado
2026-01-06 22:43:53 - render - INFO - Iniciando frame 46 (1920x1080, 150 iter) - Modo: Optimizado
2026-01-06 22:43:53 - render - INFO - Iniciando frame 29 (1920x1080, 150 iter) - Modo: Optimizado
2026-01-06 22:43:53 - render - INFO - Iniciando frame 50 (1920x1080, 150 iter) - Modo: Optimizado
2026-01-06 22:43:53 - render - INFO - Iniciando frame 30 (1920x1080, 150 iter) - Modo: Optimizado
2026-01-06 22:43:53 - render - INFO - Iniciando frame 31 (1920x1080, 150 iter) - Modo: Optimizado
2026-01-06 22:43:53 - render - INFO - Iniciando frame 36 (1920x1080, 150 iter) - Modo: Optimizado
2026-01-06 22:43:53 - render - INFO - Iniciando frame 53 (1920x1080, 150 iter) - Modo: Optimizado
2026-01-06 22:43:53 - render - INFO - Iniciando frame 37 (1920x1080, 150 iter) - Modo: Optimizado
2026-01-06 22:43:53 - render - INFO - Iniciando frame 40 (1920x1080, 150 iter) - Modo: Optimizado
2026-01-06 22:43:53 - render - INFO - Iniciando frame 39 (1920x1080, 150 iter) - Modo: Optimizado
2026-01-06 22:43:53 - render - INFO - Iniciando frame 48 (1920x1080, 150 iter) - Modo: Optimizado
2026-01-06 22:43:53 - render - INFO - Iniciando frame 41 (1920x1080, 150 iter) - Modo: Optimizado
2026-01-06 22:43:53 - render - INFO - Iniciando frame 24 (1920x1080, 150 iter) - Modo: Optimizado
2026-01-06 22:43:53 - render - INFO - Iniciando frame 43 (1920x1080, 150 iter) - Modo: Optimizado
2026-01-06 22:43:53 - render - INFO - Iniciando frame 62 (1920x1080, 150 iter) - Modo: Optimizado
2026-01-06 22:43:53 - render - INFO - Iniciando frame 47 (1920x1080, 150 iter) - Modo: Optimizado
2026-01-06 22:43:53 - render - INFO - Iniciando frame 45 (1920x1080, 150 iter) - Modo: Optimizado
2026-01-06 22:43:53 - render - INFO - Iniciando frame 49 (1920x1080, 150 iter) - Modo: Optimizado
2026-01-06 22:43:53 - render - INFO - Iniciando frame 35 (1920x1080, 150 iter) - Modo: Optimizado
2026-01-06 22:43:53 - render - INFO - Iniciando frame 54 (1920x1080, 150 iter) - Modo: Optimizado
2026-01-06 22:43:53 - render - INFO - Iniciando frame 33 (1920x1080, 150 iter) - Modo: Optimizado
2026-01-06 22:43:53 - render - INFO - Iniciando frame 58 (1920x1080, 150 iter) - Modo: Optimizado
2026-01-06 22:43:53 - render - INFO - Iniciando frame 56 (1920x1080, 150 iter) - Modo: Optimizado
2026-01-06 22:43:53 - render - INFO - Iniciando frame 60 (1920x1080, 150 iter) - Modo: Optimizado
2026-01-06 22:43:53 - render - INFO - Iniciando frame 63 (1920x1080, 150 iter) - Modo: Optimizado
2026-01-06 22:43:53 - render - INFO - Iniciando frame 55 (1920x1080, 150 iter) - Modo: Optimizado
2026-01-06 22:43:53 - render - INFO - Iniciando frame 57 (1920x1080, 150 iter) - Modo: Optimizado
2026-01-06 22:43:53 - render - INFO - Iniciando frame 61 (1920x1080, 150 iter) - Modo: Optimizado
2026-01-06 22:43:53 - render - INFO - Iniciando frame 59 (1920x1080, 150 iter) - Modo: Optimizado
2026-01-06 22:44:04 - render - INFO - Frame 31 completado en 10.63s (408.7 KB)
2026-01-06 22:44:04 - render - INFO - Iniciando frame 65 (1920x1080, 150 iter) - Modo: Optimizado
2026-01-06 22:44:04 - render - INFO - Frame 51 completado en 10.67s (597.4 KB)
2026-01-06 22:44:04 - render - INFO - Iniciando frame 67 (1920x1080, 150 iter) - Modo: Optimizado
2026-01-06 22:44:12 - render - INFO - Frame 17 completado en 18.35s (269.1 KB)
2026-01-06 22:44:12 - render - INFO - Frame 21 completado en 18.36s (285.9 KB)
2026-01-06 22:44:12 - render - INFO - Frame 39 completado en 18.35s (381.4 KB)
2026-01-06 22:44:12 - render - INFO - Frame 33 completado en 18.36s (441.9 KB)
2026-01-06 22:44:12 - render - INFO - Frame 27 completado en 18.38s (344.1 KB)
2026-01-06 22:44:12 - render - INFO - Frame 23 completado en 18.39s (302.1 KB)
2026-01-06 22:44:12 - render - INFO - Frame 41 completado en 18.38s (355.7 KB)
2026-01-06 22:44:12 - render - INFO - Frame 45 completado en 18.39s (433.9 KB)
2026-01-06 22:44:12 - render - INFO - Frame 35 completado en 18.39s (446.7 KB)
2026-01-06 22:44:12 - render - INFO - Frame 25 completado en 18.41s (317.4 KB)
2026-01-06 22:44:12 - render - INFO - Frame 3 completado en 18.43s (366.2 KB)
2026-01-06 22:44:12 - render - INFO - Frame 43 completado en 18.40s (389.8 KB)
2026-01-06 22:44:12 - render - INFO - Frame 7 completado en 18.42s (360.9 KB)
2026-01-06 22:44:12 - render - INFO - Frame 1 completado en 18.42s (292.8 KB)
2026-01-06 22:44:12 - render - INFO - Frame 15 completado en 18.41s (263.7 KB)
2026-01-06 22:44:12 - render - INFO - Frame 9 completado en 18.43s (382.3 KB)
2026-01-06 22:44:12 - render - INFO - Frame 67 completado en 7.68s (584.5 KB)
2026-01-06 22:44:12 - render - INFO - Frame 13 completado en 18.41s (275.3 KB)
2026-01-06 22:44:12 - render - INFO - Frame 19 completado en 18.41s (278.3 KB)
2026-01-06 22:44:12 - render - INFO - Frame 29 completado en 18.41s (380.6 KB)
2026-01-06 22:44:12 - render - INFO - Frame 11 completado en 18.43s (356.6 KB)
2026-01-06 22:44:12 - render - INFO - Frame 59 completado en 18.40s (729.7 KB)
2026-01-06 22:44:12 - render - INFO - Frame 37 completado en 18.42s (425.4 KB)
2026-01-06 22:44:12 - render - INFO - Frame 47 completado en 18.42s (505.0 KB)
2026-01-06 22:44:12 - render - INFO - Frame 55 completado en 18.40s (737.8 KB)
2026-01-06 22:44:12 - render - INFO - Frame 5 completado en 18.45s (342.1 KB)
2026-01-06 22:44:12 - render - INFO - Frame 53 completado en 18.45s (677.7 KB)
2026-01-06 22:44:12 - render - INFO - Frame 63 completado en 18.44s (672.1 KB)
2026-01-06 22:44:12 - render - INFO - Frame 65 completado en 7.72s (629.5 KB)
2026-01-06 22:44:12 - render - INFO - Frame 49 completado en 18.44s (537.4 KB)
2026-01-06 22:44:12 - render - INFO - Frame 57 completado en 18.43s (759.2 KB)
2026-01-06 22:44:12 - render - INFO - Frame 61 completado en 18.45s (697.1 KB)
2026-01-06 22:44:12 - render - INFO - Frame 16 completado en 18.83s (271.9 KB)
2026-01-06 22:44:12 - render - INFO - Frame 14 completado en 18.84s (253.9 KB)
2026-01-06 22:44:12 - render - INFO - Frame 12 completado en 18.84s (314.8 KB)
2026-01-06 22:44:12 - render - INFO - Frame 20 completado en 18.84s (278.0 KB)
2026-01-06 22:44:12 - render - INFO - Frame 24 completado en 18.84s (305.8 KB)
2026-01-06 22:44:12 - render - INFO - Frame 22 completado en 18.85s (290.8 KB)
2026-01-06 22:44:12 - render - INFO - Frame 26 completado en 18.85s (336.1 KB)
2026-01-06 22:44:12 - render - INFO - Frame 18 completado en 18.84s (273.6 KB)
2026-01-06 22:44:12 - render - INFO - Frame 2 completado en 19.01s (332.2 KB)
2026-01-06 22:44:12 - render - INFO - Frame 10 completado en 18.99s (367.2 KB)
2026-01-06 22:44:12 - render - INFO - Frame 32 completado en 18.98s (423.0 KB)
2026-01-06 22:44:12 - render - INFO - Frame 30 completado en 18.98s (396.6 KB)
2026-01-06 22:44:12 - render - INFO - Frame 42 completado en 18.98s (373.8 KB)
2026-01-06 22:44:12 - render - INFO - Frame 0 completado en 19.03s (257.2 KB)
2026-01-06 22:44:12 - render - INFO - Frame 36 completado en 19.00s (440.2 KB)
2026-01-06 22:44:12 - render - INFO - Frame 40 completado en 19.01s (356.8 KB)
2026-01-06 22:44:12 - render - INFO - Frame 44 completado en 19.03s (401.8 KB)
2026-01-06 22:44:12 - render - INFO - Frame 48 completado en 19.02s (517.2 KB)
2026-01-06 22:44:12 - render - INFO - Frame 4 completado en 19.04s (389.4 KB)
2026-01-06 22:44:12 - render - INFO - Frame 8 completado en 19.03s (382.0 KB)
2026-01-06 22:44:12 - render - INFO - Frame 6 completado en 19.03s (342.3 KB)
2026-01-06 22:44:13 - render - INFO - Frame 28 completado en 19.03s (357.4 KB)
2026-01-06 22:44:13 - render - INFO - Frame 38 completado en 19.01s (408.8 KB)
2026-01-06 22:44:13 - render - INFO - Frame 50 completado en 19.01s (569.2 KB)
2026-01-06 22:44:13 - render - INFO - Frame 62 completado en 19.04s (687.0 KB)
2026-01-06 22:44:13 - render - INFO - Frame 34 completado en 19.02s (450.7 KB)
2026-01-06 22:44:13 - render - INFO - Frame 46 completado en 19.05s (465.7 KB)
2026-01-06 22:44:13 - render - INFO - Frame 58 completado en 19.06s (745.0 KB)
2026-01-06 22:44:13 - render - INFO - Frame 60 completado en 19.04s (719.7 KB)
2026-01-06 22:44:13 - render - INFO - Frame 54 completado en 19.07s (707.9 KB)
2026-01-06 22:44:13 - render - INFO - Frame 56 completado en 19.08s (756.0 KB)
2026-01-06 22:44:13 - render - INFO - Frame 52 completado en 19.07s (635.7 KB)
2026-01-06 22:45:17 - render - INFO - Frame 1 obtenido del caché
2026-01-06 22:45:17 - render - INFO - Frame 0 obtenido del caché
2026-01-06 22:45:17 - render - INFO - Frame 14 obtenido del caché
2026-01-06 22:45:17 - render - INFO - Frame 13 obtenido del caché
2026-01-06 22:45:17 - render - INFO - Frame 2 obtenido del caché
2026-01-06 22:45:17 - render - INFO - Frame 19 obtenido del caché
2026-01-06 22:45:17 - render - INFO - Frame 10 obtenido del caché
2026-01-06 22:45:17 - render - INFO - Frame 6 obtenido del caché
2026-01-06 22:45:17 - render - INFO - Frame 7 obtenido del caché
2026-01-06 22:45:17 - render - INFO - Frame 3 obtenido del caché
2026-01-06 22:45:17 - render - INFO - Frame 4 obtenido del caché
2026-01-06 22:45:17 - render - INFO - Frame 8 obtenido del caché
2026-01-06 22:45:17 - render - INFO - Frame 63 obtenido del caché
2026-01-06 22:45:17 - render - INFO - Frame 18 obtenido del caché
2026-01-06 22:45:17 - render - INFO - Frame 9 obtenido del caché
2026-01-06 22:45:17 - render - INFO - Frame 12 obtenido del caché
2026-01-06 22:45:17 - render - INFO - Frame 5 obtenido del caché
2026-01-06 22:45:17 - render - INFO - Frame 16 obtenido del caché
2026-01-06 22:45:17 - render - INFO - Frame 11 obtenido del caché
2026-01-06 22:45:17 - render - INFO - Frame 22 obtenido del caché
2026-01-06 22:45:17 - render - INFO - Frame 20 obtenido del caché
2026-01-06 22:45:17 - render - INFO - Frame 30 obtenido del caché
2026-01-06 22:45:17 - render - INFO - Frame 60 obtenido del caché
2026-01-06 22:45:17 - render - INFO - Frame 24 obtenido del caché
2026-01-06 22:45:17 - render - INFO - Frame 48 obtenido del caché
2026-01-06 22:45:17 - render - INFO - Frame 27 obtenido del caché
2026-01-06 22:45:17 - render - INFO - Frame 34 obtenido del caché
2026-01-06 22:45:17 - render - INFO - Frame 58 obtenido del caché
2026-01-06 22:45:17 - render - INFO - Frame 45 obtenido del caché
2026-01-06 22:45:17 - render - INFO - Frame 17 obtenido del caché
2026-01-06 22:45:17 - render - INFO - Frame 50 obtenido del caché
2026-01-06 22:45:17 - render - INFO - Frame 56 obtenido del caché
2026-01-06 22:45:17 - render - INFO - Frame 29 obtenido del caché
2026-01-06 22:45:17 - render - INFO - Frame 35 obtenido del caché
2026-01-06 22:45:17 - render - INFO - Frame 36 obtenido del caché
2026-01-06 22:45:17 - render - INFO - Frame 32 obtenido del caché
2026-01-06 22:45:17 - render - INFO - Frame 46 obtenido del caché
2026-01-06 22:45:17 - render - INFO - Frame 49 obtenido del caché
2026-01-06 22:45:17 - render - INFO - Frame 53 obtenido del caché
2026-01-06 22:45:17 - render - INFO - Frame 54 obtenido del caché
2026-01-06 22:45:17 - render - INFO - Frame 43 obtenido del caché
2026-01-06 22:45:17 - render - INFO - Frame 33 obtenido del caché
2026-01-06 22:45:17 - render - INFO - Frame 37 obtenido del caché
2026-01-06 22:45:17 - render - INFO - Frame 51 obtenido del caché
2026-01-06 22:45:17 - render - INFO - Frame 44 obtenido del caché
2026-01-06 22:45:17 - render - INFO - Frame 39 obtenido del caché
2026-01-06 22:45:17 - render - INFO - Frame 38 obtenido del caché
2026-01-06 22:45:17 - render - INFO - Frame 26 obtenido del caché
2026-01-06 22:45:17 - render - INFO - Frame 23 obtenido del caché
2026-01-06 22:45:17 - render - INFO - Frame 40 obtenido del caché
2026-01-06 22:45:17 - render - INFO - Frame 31 obtenido del caché
2026-01-06 22:45:17 - render - INFO - Frame 28 obtenido del caché
2026-01-06 22:45:17 - render - INFO - Frame 15 obtenido del caché
2026-01-06 22:45:17 - render - INFO - Frame 52 obtenido del caché
2026-01-06 22:45:17 - render - INFO - Frame 41 obtenido del caché
2026-01-06 22:45:17 - render - INFO - Frame 42 obtenido del caché
2026-01-06 22:45:17 - render - INFO - Frame 62 obtenido del caché
2026-01-06 22:45:17 - render - INFO - Frame 25 obtenido del caché
2026-01-06 22:45:17 - render - INFO - Frame 47 obtenido del caché
2026-01-06 22:45:17 - render - INFO - Frame 21 obtenido del caché
2026-01-06 22:45:17 - render - INFO - Frame 55 obtenido del caché
2026-01-06 22:45:17 - render - INFO - Frame 59 obtenido del caché
2026-01-06 22:45:17 - render - INFO - Frame 57 obtenido del caché
2026-01-06 22:45:17 - render - INFO - Frame 61 obtenido del caché
2026-01-06 22:45:17 - render - INFO - Iniciando frame 64 (1920x1080, 150 iter) - Modo: Optimizado
2026-01-06 22:45:17 - render - INFO - Frame 65 obtenido del caché
2026-01-06 22:45:17 - render - INFO - Frame 67 obtenido del caché
2026-01-06 22:45:17 - render - INFO - Iniciando frame 66 (1920x1080, 150 iter) - Modo: Optimizado
2026-01-06 22:45:17 - render - INFO - Iniciando frame 68 (1920x1080, 150 iter) - Modo: Optimizado
2026-01-06 22:45:17 - render - INFO - Iniciando frame 84 (1920x1080, 150 iter) - Modo: Optimizado
2026-01-06 22:45:17 - render - INFO - Iniciando frame 70 (1920x1080, 150 iter) - Modo: Optimizado
2026-01-06 22:45:17 - render - INFO - Iniciando frame 69 (1920x1080, 150 iter) - Modo: Optimizado
2026-01-06 22:45:17 - render - INFO - Iniciando frame 78 (1920x1080, 150 iter) - Modo: Optimizado
2026-01-06 22:45:17 - render - INFO - Iniciando frame 76 (1920x1080, 150 iter) - Modo: Optimizado
2026-01-06 22:45:17 - render - INFO - Iniciando frame 74 (1920x1080, 150 iter) - Modo: Optimizado
2026-01-06 22:45:17 - render - INFO - Iniciando frame 80 (1920x1080, 150 iter) - Modo: Optimizado
2026-01-06 22:45:17 - render - INFO - Iniciando frame 72 (1920x1080, 150 iter) - Modo: Optimizado
2026-01-06 22:45:17 - render - INFO - Iniciando frame 82 (1920x1080, 150 iter) - Modo: Optimizado
2026-01-06 22:45:17 - render - INFO - Iniciando frame 73 (1920x1080, 150 iter) - Modo: Optimizado
2026-01-06 22:45:17 - render - INFO - Iniciando frame 75 (1920x1080, 150 iter) - Modo: Optimizado
2026-01-06 22:45:17 - render - INFO - Iniciando frame 71 (1920x1080, 150 iter) - Modo: Optimizado
2026-01-06 22:45:17 - render - INFO - Iniciando frame 77 (1920x1080, 150 iter) - Modo: Optimizado
2026-01-06 22:45:17 - render - INFO - Iniciando frame 96 (1920x1080, 150 iter) - Modo: Optimizado
2026-01-06 22:45:17 - render - INFO - Iniciando frame 94 (1920x1080, 150 iter) - Modo: Optimizado
2026-01-06 22:45:17 - render - INFO - Iniciando frame 86 (1920x1080, 150 iter) - Modo: Optimizado
2026-01-06 22:45:17 - render - INFO - Iniciando frame 79 (1920x1080, 150 iter) - Modo: Optimizado
2026-01-06 22:45:17 - render - INFO - Iniciando frame 88 (1920x1080, 150 iter) - Modo: Optimizado
2026-01-06 22:45:17 - render - INFO - Iniciando frame 81 (1920x1080, 150 iter) - Modo: Optimizado
2026-01-06 22:45:17 - render - INFO - Iniciando frame 92 (1920x1080, 150 iter) - Modo: Optimizado
2026-01-06 22:45:17 - render - INFO - Iniciando frame 90 (1920x1080, 150 iter) - Modo: Optimizado
2026-01-06 22:45:17 - render - INFO - Iniciando frame 83 (1920x1080, 150 iter) - Modo: Optimizado
2026-01-06 22:45:17 - render - INFO - Iniciando frame 87 (1920x1080, 150 iter) - Modo: Optimizado
2026-01-06 22:45:17 - render - INFO - Iniciando frame 89 (1920x1080, 150 iter) - Modo: Optimizado
2026-01-06 22:45:17 - render - INFO - Iniciando frame 85 (1920x1080, 150 iter) - Modo: Optimizado
2026-01-06 22:45:17 - render - INFO - Iniciando frame 98 (1920x1080, 150 iter) - Modo: Optimizado
2026-01-06 22:45:17 - render - INFO - Iniciando frame 95 (1920x1080, 150 iter) - Modo: Optimizado
2026-01-06 22:45:17 - render - INFO - Iniciando frame 99 (1920x1080, 150 iter) - Modo: Optimizado
2026-01-06 22:45:17 - render - INFO - Iniciando frame 93 (1920x1080, 150 iter) - Modo: Optimizado
2026-01-06 22:45:17 - render - INFO - Iniciando frame 91 (1920x1080, 150 iter) - Modo: Optimizado
2026-01-06 22:45:17 - render - INFO - Iniciando frame 97 (1920x1080, 150 iter) - Modo: Optimizado
2026-01-06 22:45:31 - render - INFO - Frame 97 completado en 14.16s (503.2 KB)
2026-01-06 22:45:31 - render - INFO - Frame 95 completado en 14.20s (543.8 KB)
2026-01-06 22:45:32 - render - INFO - Frame 69 completado en 14.24s (607.6 KB)
2026-01-06 22:45:32 - render - INFO - Frame 93 completado en 14.22s (605.9 KB)
2026-01-06 22:45:32 - render - INFO - Frame 73 completado en 14.25s (677.2 KB)
2026-01-06 22:45:32 - render - INFO - Frame 77 completado en 14.25s (706.0 KB)
2026-01-06 22:45:32 - render - INFO - Frame 91 completado en 14.24s (635.2 KB)
2026-01-06 22:45:32 - render - INFO - Frame 89 completado en 14.27s (655.5 KB)
2026-01-06 22:45:32 - render - INFO - Frame 75 completado en 14.27s (687.0 KB)
2026-01-06 22:45:32 - render - INFO - Frame 81 completado en 14.26s (817.6 KB)
2026-01-06 22:45:32 - render - INFO - Frame 71 completado en 14.27s (652.0 KB)
2026-01-06 22:45:32 - render - INFO - Frame 85 completado en 14.27s (797.2 KB)
2026-01-06 22:45:32 - render - INFO - Frame 99 completado en 14.27s (468.2 KB)
2026-01-06 22:45:32 - render - INFO - Frame 79 completado en 14.30s (779.2 KB)
2026-01-06 22:45:32 - render - INFO - Frame 87 completado en 14.31s (718.0 KB)
2026-01-06 22:45:32 - render - INFO - Frame 83 completado en 14.29s (863.7 KB)
2026-01-06 22:45:32 - render - INFO - Frame 66 completado en 14.57s (594.8 KB)
2026-01-06 22:45:32 - render - INFO - Frame 68 completado en 14.59s (602.1 KB)
2026-01-06 22:45:32 - render - INFO - Frame 74 completado en 14.57s (688.4 KB)
2026-01-06 22:45:32 - render - INFO - Frame 82 completado en 14.60s (833.5 KB)
2026-01-06 22:45:32 - render - INFO - Frame 92 completado en 14.60s (629.2 KB)
2026-01-06 22:45:32 - render - INFO - Frame 90 completado en 14.65s (648.4 KB)
2026-01-06 22:45:32 - render - INFO - Frame 64 completado en 14.70s (650.4 KB)
2026-01-06 22:45:32 - render - INFO - Frame 76 completado en 14.67s (695.8 KB)
2026-01-06 22:45:32 - render - INFO - Frame 98 completado en 14.66s (477.2 KB)
2026-01-06 22:45:32 - render - INFO - Frame 88 completado en 14.67s (678.1 KB)
2026-01-06 22:45:32 - render - INFO - Frame 94 completado en 14.66s (579.3 KB)
2026-01-06 22:45:32 - render - INFO - Frame 70 completado en 14.71s (624.2 KB)
2026-01-06 22:45:32 - render - INFO - Frame 96 completado en 14.66s (519.6 KB)
2026-01-06 22:45:32 - render - INFO - Frame 72 completado en 14.73s (667.9 KB)
2026-01-06 22:45:32 - render - INFO - Frame 80 completado en 14.73s (808.7 KB)
2026-01-06 22:45:32 - render - INFO - Frame 78 completado en 14.76s (731.0 KB)
2026-01-06 22:45:32 - render - INFO - Frame 84 completado en 14.79s (832.8 KB)
2026-01-06 22:45:32 - render - INFO - Frame 86 completado en 14.75s (759.8 KB)
2026-01-06 22:46:23 - render - INFO - Iniciando frame 0 (1920x1080, 150 iter) - Modo: Optimizado
2026-01-06 22:46:23 - render - INFO - Iniciando frame 18 (1920x1080, 150 iter) - Modo: Optimizado
2026-01-06 22:46:23 - render - INFO - Iniciando frame 2 (1920x1080, 150 iter) - Modo: Optimizado
2026-01-06 22:46:23 - render - INFO - Iniciando frame 6 (1920x1080, 150 iter) - Modo: Optimizado
2026-01-06 22:46:23 - render - INFO - Iniciando frame 8 (1920x1080, 150 iter) - Modo: Optimizado
2026-01-06 22:46:23 - render - INFO - Iniciando frame 14 (1920x1080, 150 iter) - Modo: Optimizado
2026-01-06 22:46:23 - render - INFO - Iniciando frame 10 (1920x1080, 150 iter) - Modo: Optimizado
2026-01-06 22:46:23 - render - INFO - Iniciando frame 12 (1920x1080, 150 iter) - Modo: Optimizado
2026-01-06 22:46:23 - render - INFO - Iniciando frame 4 (1920x1080, 150 iter) - Modo: Optimizado
2026-01-06 22:46:23 - render - INFO - Iniciando frame 16 (1920x1080, 150 iter) - Modo: Optimizado
2026-01-06 22:46:23 - render - INFO - Iniciando frame 28 (1920x1080, 150 iter) - Modo: Optimizado
2026-01-06 22:46:23 - render - INFO - Iniciando frame 54 (1920x1080, 150 iter) - Modo: Optimizado
2026-01-06 22:46:23 - render - INFO - Iniciando frame 20 (1920x1080, 150 iter) - Modo: Optimizado
2026-01-06 22:46:23 - render - INFO - Iniciando frame 22 (1920x1080, 150 iter) - Modo: Optimizado
2026-01-06 22:46:23 - render - INFO - Iniciando frame 24 (1920x1080, 150 iter) - Modo: Optimizado
2026-01-06 22:46:23 - render - INFO - Iniciando frame 26 (1920x1080, 150 iter) - Modo: Optimizado
2026-01-06 22:46:23 - render - INFO - Iniciando frame 30 (1920x1080, 150 iter) - Modo: Optimizado
2026-01-06 22:46:23 - render - INFO - Iniciando frame 34 (1920x1080, 150 iter) - Modo: Optimizado
2026-01-06 22:46:23 - render - INFO - Iniciando frame 38 (1920x1080, 150 iter) - Modo: Optimizado
2026-01-06 22:46:23 - render - INFO - Iniciando frame 40 (1920x1080, 150 iter) - Modo: Optimizado
2026-01-06 22:46:23 - render - INFO - Iniciando frame 42 (1920x1080, 150 iter) - Modo: Optimizado
2026-01-06 22:46:23 - render - INFO - Iniciando frame 44 (1920x1080, 150 iter) - Modo: Optimizado
2026-01-06 22:46:23 - render - INFO - Iniciando frame 46 (1920x1080, 150 iter) - Modo: Optimizado
2026-01-06 22:46:23 - render - INFO - Iniciando frame 48 (1920x1080, 150 iter) - Modo: Optimizado
2026-01-06 22:46:23 - render - INFO - Iniciando frame 50 (1920x1080, 150 iter) - Modo: Optimizado
2026-01-06 22:46:23 - render - INFO - Iniciando frame 52 (1920x1080, 150 iter) - Modo: Optimizado
2026-01-06 22:46:23 - render - INFO - Iniciando frame 56 (1920x1080, 150 iter) - Modo: Optimizado
2026-01-06 22:46:23 - render - INFO - Iniciando frame 60 (1920x1080, 150 iter) - Modo: Optimizado
2026-01-06 22:46:23 - render - INFO - Iniciando frame 62 (1920x1080, 150 iter) - Modo: Optimizado
2026-01-06 22:46:23 - render - INFO - Iniciando frame 32 (1920x1080, 150 iter) - Modo: Optimizado
2026-01-06 22:46:23 - render - INFO - Iniciando frame 36 (1920x1080, 150 iter) - Modo: Optimizado
2026-01-06 22:46:23 - render - INFO - Iniciando frame 58 (1920x1080, 150 iter) - Modo: Optimizado
2026-01-06 22:46:26 - render - INFO - Iniciando frame 1 (1920x1080, 150 iter) - Modo: Optimizado
2026-01-06 22:46:26 - render - INFO - Iniciando frame 17 (1920x1080, 150 iter) - Modo: Optimizado
2026-01-06 22:46:26 - render - INFO - Iniciando frame 11 (1920x1080, 150 iter) - Modo: Optimizado
2026-01-06 22:46:26 - render - INFO - Iniciando frame 5 (1920x1080, 150 iter) - Modo: Optimizado
2026-01-06 22:46:26 - render - INFO - Iniciando frame 21 (1920x1080, 150 iter) - Modo: Optimizado
2026-01-06 22:46:26 - render - INFO - Iniciando frame 7 (1920x1080, 150 iter) - Modo: Optimizado
2026-01-06 22:46:26 - render - INFO - Iniciando frame 3 (1920x1080, 150 iter) - Modo: Optimizado
2026-01-06 22:46:26 - render - INFO - Iniciando frame 9 (1920x1080, 150 iter) - Modo: Optimizado
2026-01-06 22:46:26 - render - INFO - Iniciando frame 15 (1920x1080, 150 iter) - Modo: Optimizado
2026-01-06 22:46:26 - render - INFO - Iniciando frame 13 (1920x1080, 150 iter) - Modo: Optimizado
2026-01-06 22:46:26 - render - INFO - Iniciando frame 19 (1920x1080, 150 iter) - Modo: Optimizado
2026-01-06 22:46:26 - render - INFO - Iniciando frame 23 (1920x1080, 150 iter) - Modo: Optimizado
2026-01-06 22:46:26 - render - INFO - Iniciando frame 37 (1920x1080, 150 iter) - Modo: Optimizado
2026-01-06 22:46:26 - render - INFO - Iniciando frame 35 (1920x1080, 150 iter) - Modo: Optimizado
2026-01-06 22:46:26 - render - INFO - Iniciando frame 43 (1920x1080, 150 iter) - Modo: Optimizado
2026-01-06 22:46:26 - render - INFO - Iniciando frame 53 (1920x1080, 150 iter) - Modo: Optimizado
2026-01-06 22:46:26 - render - INFO - Iniciando frame 49 (1920x1080, 150 iter) - Modo: Optimizado
2026-01-06 22:46:26 - render - INFO - Iniciando frame 59 (1920x1080, 150 iter) - Modo: Optimizado
2026-01-06 22:46:26 - render - INFO - Iniciando frame 61 (1920x1080, 150 iter) - Modo: Optimizado
2026-01-06 22:46:26 - render - INFO - Iniciando frame 29 (1920x1080, 150 iter) - Modo: Optimizado
2026-01-06 22:46:26 - render - INFO - Iniciando frame 25 (1920x1080, 150 iter) - Modo: Optimizado
2026-01-06 22:46:26 - render - INFO - Iniciando frame 31 (1920x1080, 150 iter) - Modo: Optimizado
2026-01-06 22:46:26 - render - INFO - Iniciando frame 33 (1920x1080, 150 iter) - Modo: Optimizado
2026-01-06 22:46:26 - render - INFO - Iniciando frame 41 (1920x1080, 150 iter) - Modo: Optimizado
2026-01-06 22:46:26 - render - INFO - Iniciando frame 51 (1920x1080, 150 iter) - Modo: Optimizado
2026-01-06 22:46:26 - render - INFO - Iniciando frame 55 (1920x1080, 150 iter) - Modo: Optimizado
2026-01-06 22:46:26 - render - INFO - Iniciando frame 63 (1920x1080, 150 iter) - Modo: Optimizado
2026-01-06 22:46:26 - render - INFO - Iniciando frame 47 (1920x1080, 150 iter) - Modo: Optimizado
2026-01-06 22:46:26 - render - INFO - Iniciando frame 27 (1920x1080, 150 iter) - Modo: Optimizado
2026-01-06 22:46:26 - render - INFO - Iniciando frame 39 (1920x1080, 150 iter) - Modo: Optimizado
2026-01-06 22:46:26 - render - INFO - Iniciando frame 57 (1920x1080, 150 iter) - Modo: Optimizado
2026-01-06 22:46:26 - render - INFO - Iniciando frame 45 (1920x1080, 150 iter) - Modo: Optimizado
2026-01-06 22:46:41 - render - INFO - Frame 18 completado en 17.87s (273.6 KB)
2026-01-06 22:46:41 - render - INFO - Frame 20 completado en 17.95s (278.0 KB)
2026-01-06 22:46:41 - render - INFO - Frame 14 completado en 17.95s (253.9 KB)
2026-01-06 22:46:41 - render - INFO - Iniciando frame 64 (1920x1080, 150 iter) - Modo: Optimizado
2026-01-06 22:46:41 - render - INFO - Frame 16 completado en 18.19s (271.9 KB)
2026-01-06 22:46:41 - render - INFO - Frame 12 completado en 18.23s (314.8 KB)
2026-01-06 22:46:41 - render - INFO - Iniciando frame 66 (1920x1080, 150 iter) - Modo: Optimizado
2026-01-06 22:46:41 - render - INFO - Iniciando frame 68 (1920x1080, 150 iter) - Modo: Optimizado
2026-01-06 22:46:41 - render - INFO - Iniciando frame 70 (1920x1080, 150 iter) - Modo: Optimizado
2026-01-06 22:46:41 - render - INFO - Frame 26 completado en 18.47s (336.1 KB)
2026-01-06 22:46:41 - render - INFO - Iniciando frame 72 (1920x1080, 150 iter) - Modo: Optimizado
2026-01-06 22:46:42 - render - INFO - Iniciando frame 74 (1920x1080, 150 iter) - Modo: Optimizado
2026-01-06 22:46:43 - render - INFO - Frame 22 completado en 19.63s (290.8 KB)
2026-01-06 22:46:43 - render - INFO - Iniciando frame 76 (1920x1080, 150 iter) - Modo: Optimizado
2026-01-06 22:46:43 - render - INFO - Frame 24 completado en 20.26s (305.8 KB)
2026-01-06 22:46:43 - render - INFO - Iniciando frame 78 (1920x1080, 150 iter) - Modo: Optimizado
2026-01-06 22:46:44 - render - INFO - Frame 6 completado en 21.34s (342.3 KB)
2026-01-06 22:46:45 - render - INFO - Iniciando frame 80 (1920x1080, 150 iter) - Modo: Optimizado
2026-01-06 22:46:45 - render - INFO - Frame 8 completado en 21.86s (382.0 KB)
2026-01-06 22:46:45 - render - INFO - Iniciando frame 82 (1920x1080, 150 iter) - Modo: Optimizado
2026-01-06 22:46:46 - render - INFO - Frame 10 completado en 22.58s (367.2 KB)
2026-01-06 22:46:46 - render - INFO - Iniciando frame 84 (1920x1080, 150 iter) - Modo: Optimizado
2026-01-06 22:46:46 - render - INFO - Frame 28 completado en 22.80s (357.4 KB)
2026-01-06 22:46:46 - render - INFO - Frame 30 completado en 22.89s (396.6 KB)
2026-01-06 22:46:46 - render - INFO - Iniciando frame 86 (1920x1080, 150 iter) - Modo: Optimizado
2026-01-06 22:46:46 - render - INFO - Iniciando frame 88 (1920x1080, 150 iter) - Modo: Optimizado
2026-01-06 22:46:46 - render - INFO - Frame 46 completado en 23.38s (465.7 KB)
2026-01-06 22:46:47 - render - INFO - Frame 4 completado en 23.55s (389.4 KB)
2026-01-06 22:46:47 - render - INFO - Iniciando frame 90 (1920x1080, 150 iter) - Modo: Optimizado
2026-01-06 22:46:47 - render - INFO - Iniciando frame 92 (1920x1080, 150 iter) - Modo: Optimizado
2026-01-06 22:46:47 - render - INFO - Frame 36 completado en 24.17s (440.2 KB)
2026-01-06 22:46:47 - render - INFO - Frame 44 completado en 24.22s (401.8 KB)
2026-01-06 22:46:47 - render - INFO - Frame 34 completado en 24.25s (450.7 KB)
2026-01-06 22:46:48 - render - INFO - Frame 40 completado en 24.44s (356.8 KB)
2026-01-06 22:46:48 - render - INFO - Frame 0 completado en 24.54s (257.2 KB)
2026-01-06 22:46:48 - render - INFO - Iniciando frame 94 (1920x1080, 150 iter) - Modo: Optimizado
2026-01-06 22:46:48 - render - INFO - Iniciando frame 96 (1920x1080, 150 iter) - Modo: Optimizado
2026-01-06 22:46:48 - render - INFO - Iniciando frame 98 (1920x1080, 150 iter) - Modo: Optimizado
2026-01-06 22:46:48 - render - INFO - Frame 62 completado en 25.27s (687.0 KB)
2026-01-06 22:46:49 - render - INFO - Frame 32 completado en 25.41s (423.0 KB)
2026-01-06 22:46:49 - render - INFO - Frame 60 completado en 25.55s (719.7 KB)
2026-01-06 22:46:49 - render - INFO - Frame 2 completado en 25.76s (332.2 KB)
2026-01-06 22:46:49 - render - INFO - Iniciando frame 89 (1920x1080, 150 iter) - Modo: Optimizado
2026-01-06 22:46:49 - render - INFO - Frame 38 completado en 25.74s (408.8 KB)
2026-01-06 22:46:49 - render - INFO - Frame 50 completado en 25.73s (569.2 KB)
2026-01-06 22:46:49 - render - INFO - Frame 42 completado en 25.77s (373.8 KB)
2026-01-06 22:46:49 - render - INFO - Frame 48 completado en 25.96s (517.2 KB)
2026-01-06 22:46:49 - render - INFO - Frame 52 completado en 26.12s (635.7 KB)
2026-01-06 22:46:49 - render - INFO - Frame 54 completado en 26.17s (707.9 KB)
2026-01-06 22:46:49 - render - INFO - Frame 56 completado en 26.23s (756.0 KB)
2026-01-06 22:46:49 - render - INFO - Frame 58 completado en 26.30s (745.0 KB)
2026-01-06 22:46:49 - render - INFO - Iniciando frame 79 (1920x1080, 150 iter) - Modo: Optimizado
2026-01-06 22:46:49 - render - INFO - Iniciando frame 93 (1920x1080, 150 iter) - Modo: Optimizado
2026-01-06 22:46:49 - render - INFO - Iniciando frame 85 (1920x1080, 150 iter) - Modo: Optimizado
2026-01-06 22:46:50 - render - INFO - Iniciando frame 81 (1920x1080, 150 iter) - Modo: Optimizado
2026-01-06 22:46:50 - render - INFO - Iniciando frame 77 (1920x1080, 150 iter) - Modo: Optimizado
2026-01-06 22:46:50 - render - INFO - Iniciando frame 87 (1920x1080, 150 iter) - Modo: Optimizado
2026-01-06 22:46:51 - render - INFO - Iniciando frame 95 (1920x1080, 150 iter) - Modo: Optimizado
2026-01-06 22:46:51 - render - INFO - Iniciando frame 71 (1920x1080, 150 iter) - Modo: Optimizado
2026-01-06 22:46:53 - render - INFO - Iniciando frame 67 (1920x1080, 150 iter) - Modo: Optimizado
2026-01-06 22:46:53 - render - INFO - Iniciando frame 65 (1920x1080, 150 iter) - Modo: Optimizado
2026-01-06 22:46:54 - render - INFO - Frame 15 completado en 27.73s (263.7 KB)
2026-01-06 22:46:54 - render - INFO - Frame 19 completado en 27.75s (278.3 KB)
2026-01-06 22:46:54 - render - INFO - Iniciando frame 91 (1920x1080, 150 iter) - Modo: Optimizado
2026-01-06 22:46:54 - render - INFO - Frame 13 completado en 27.88s (275.3 KB)
2026-01-06 22:46:54 - render - INFO - Iniciando frame 69 (1920x1080, 150 iter) - Modo: Optimizado
2026-01-06 22:46:54 - render - INFO - Frame 21 completado en 27.93s (285.9 KB)
2026-01-06 22:46:54 - render - INFO - Frame 17 completado en 27.92s (269.1 KB)
2026-01-06 22:46:55 - render - INFO - Iniciando frame 73 (1920x1080, 150 iter) - Modo: Optimizado
2026-01-06 22:46:55 - render - INFO - Iniciando frame 75 (1920x1080, 150 iter) - Modo: Optimizado
2026-01-06 22:46:55 - render - INFO - Iniciando frame 83 (1920x1080, 150 iter) - Modo: Optimizado
2026-01-06 22:46:55 - render - INFO - Iniciando frame 97 (1920x1080, 150 iter) - Modo: Optimizado
2026-01-06 22:46:55 - render - INFO - Frame 23 completado en 28.69s (302.1 KB)
2026-01-06 22:46:56 - render - INFO - Iniciando frame 99 (1920x1080, 150 iter) - Modo: Optimizado
2026-01-06 22:46:57 - render - INFO - Frame 25 completado en 30.04s (317.4 KB)
2026-01-06 22:46:57 - render - INFO - Frame 7 completado en 30.14s (360.9 KB)
2026-01-06 22:46:57 - render - INFO - Frame 27 completado en 29.99s (344.1 KB)
2026-01-06 22:46:57 - render - INFO - Frame 9 completado en 30.42s (382.3 KB)
2026-01-06 22:46:57 - render - INFO - Frame 11 completado en 30.45s (356.6 KB)
2026-01-06 22:46:58 - render - INFO - Frame 5 completado en 31.67s (342.1 KB)
2026-01-06 22:46:58 - render - INFO - Frame 3 completado en 31.94s (366.2 KB)
2026-01-06 22:46:59 - render - INFO - Frame 1 completado en 32.23s (292.8 KB)
2026-01-06 22:46:59 - render - INFO - Frame 61 completado en 32.37s (697.1 KB)
2026-01-06 22:46:59 - render - INFO - Frame 37 completado en 32.38s (425.4 KB)
2026-01-06 22:46:59 - render - INFO - Frame 41 completado en 32.34s (355.7 KB)
2026-01-06 22:46:59 - render - INFO - Frame 63 completado en 32.38s (672.1 KB)
2026-01-06 22:46:59 - render - INFO - Frame 29 completado en 32.50s (380.6 KB)
2026-01-06 22:46:59 - render - INFO - Frame 33 completado en 32.50s (441.9 KB)
2026-01-06 22:46:59 - render - INFO - Frame 35 completado en 32.69s (446.7 KB)
2026-01-06 22:46:59 - render - INFO - Frame 43 completado en 32.62s (389.8 KB)
2026-01-06 22:46:59 - render - INFO - Frame 57 completado en 32.59s (759.2 KB)
2026-01-06 22:46:59 - render - INFO - Frame 51 completado en 32.61s (597.4 KB)
2026-01-06 22:46:59 - render - INFO - Frame 31 completado en 32.64s (408.7 KB)
2026-01-06 22:46:59 - render - INFO - Frame 45 completado en 32.65s (433.9 KB)
2026-01-06 22:46:59 - render - INFO - Frame 53 completado en 32.75s (677.7 KB)
2026-01-06 22:46:59 - render - INFO - Frame 47 completado en 32.69s (505.0 KB)
2026-01-06 22:46:59 - render - INFO - Frame 39 completado en 32.73s (381.4 KB)
2026-01-06 22:46:59 - render - INFO - Frame 59 completado en 32.92s (729.7 KB)
2026-01-06 22:47:00 - render - INFO - Frame 49 completado en 33.10s (537.4 KB)
2026-01-06 22:47:00 - render - INFO - Frame 55 completado en 33.15s (737.8 KB)
2026-01-06 22:47:08 - render - INFO - Frame 67 completado en 14.29s (584.5 KB)
2026-01-06 22:47:08 - render - INFO - Frame 98 completado en 19.36s (477.2 KB)
2026-01-06 22:47:08 - render - INFO - Frame 94 completado en 19.72s (579.3 KB)
2026-01-06 22:47:08 - render - INFO - Frame 72 completado en 25.79s (667.9 KB)
2026-01-06 22:47:08 - render - INFO - Frame 71 completado en 16.23s (652.0 KB)
2026-01-06 22:47:08 - render - INFO - Frame 95 completado en 16.23s (543.8 KB)
2026-01-06 22:47:08 - render - INFO - Frame 77 completado en 17.17s (706.0 KB)
2026-01-06 22:47:08 - render - INFO - Frame 81 completado en 17.20s (817.6 KB)
2026-01-06 22:47:08 - render - INFO - Frame 90 completado en 20.53s (648.4 KB)
2026-01-06 22:47:08 - render - INFO - Frame 96 completado en 19.65s (519.6 KB)
2026-01-06 22:47:08 - render - INFO - Frame 76 completado en 24.87s (695.8 KB)
2026-01-06 22:47:08 - render - INFO - Frame 87 completado en 17.19s (718.0 KB)
2026-01-06 22:47:08 - render - INFO - Frame 68 completado en 26.27s (602.1 KB)
2026-01-06 22:47:08 - render - INFO - Frame 66 completado en 26.27s (594.8 KB)
2026-01-06 22:47:08 - render - INFO - Frame 64 completado en 26.61s (650.4 KB)
2026-01-06 22:47:08 - render - INFO - Frame 70 completado en 26.22s (624.2 KB)
2026-01-06 22:47:08 - render - INFO - Frame 88 completado en 21.40s (678.1 KB)
2026-01-06 22:47:08 - render - INFO - Frame 86 completado en 21.49s (759.8 KB)
2026-01-06 22:47:08 - render - INFO - Frame 84 completado en 21.89s (832.8 KB)
2026-01-06 22:47:08 - render - INFO - Frame 74 completado en 25.51s (688.4 KB)
2026-01-06 22:47:08 - render - INFO - Frame 91 completado en 13.32s (635.2 KB)
2026-01-06 22:47:08 - render - INFO - Frame 92 completado en 20.48s (629.2 KB)
2026-01-06 22:47:08 - render - INFO - Frame 65 completado en 14.35s (629.5 KB)
2026-01-06 22:47:08 - render - INFO - Frame 79 completado en 18.24s (779.2 KB)
2026-01-06 22:47:08 - render - INFO - Frame 89 completado en 18.70s (655.5 KB)
2026-01-06 22:47:08 - render - INFO - Frame 78 completado en 24.31s (731.0 KB)
2026-01-06 22:47:08 - render - INFO - Frame 93 completado en 18.20s (605.9 KB)
2026-01-06 22:47:08 - render - INFO - Frame 82 completado en 22.63s (833.5 KB)
2026-01-06 22:47:08 - render - INFO - Frame 80 completado en 23.11s (808.7 KB)
2026-01-06 22:47:08 - render - INFO - Frame 85 completado en 18.19s (797.2 KB)
2026-01-06 22:47:08 - render - INFO - Frame 99 completado en 11.79s (468.2 KB)
2026-01-06 22:47:08 - render - INFO - Frame 69 completado en 13.08s (607.6 KB)
2026-01-06 22:47:08 - render - INFO - Frame 97 completado en 12.84s (503.2 KB)
2026-01-06 22:47:08 - render - INFO - Frame 75 completado en 12.88s (687.0 KB)
2026-01-06 22:47:08 - render - INFO - Frame 73 completado en 12.96s (677.2 KB)
2026-01-06 22:47:08 - render - INFO - Frame 83 completado en 12.93s (863.7 KB)
2026-01-06 22:49:31 - render - INFO - Iniciando frame 1 (1920x1080, 150 iter) - Modo: Optimizado
2026-01-06 22:49:31 - render - INFO - Iniciando frame 0 (1920x1080, 150 iter) - Modo: Optimizado
2026-01-06 22:49:31 - render - INFO - Iniciando frame 7 (1920x1080, 150 iter) - Modo: Optimizado
2026-01-06 22:49:31 - render - INFO - Iniciando frame 3 (1920x1080, 150 iter) - Modo: Optimizado
2026-01-06 22:49:31 - render - INFO - Iniciando frame 31 (1920x1080, 150 iter) - Modo: Optimizado
2026-01-06 22:49:31 - render - INFO - Iniciando frame 5 (1920x1080, 150 iter) - Modo: Optimizado
2026-01-06 22:49:31 - render - INFO - Iniciando frame 35 (1920x1080, 150 iter) - Modo: Optimizado
2026-01-06 22:49:31 - render - INFO - Iniciando frame 40 (1920x1080, 150 iter) - Modo: Optimizado
2026-01-06 22:49:31 - render - INFO - Iniciando frame 17 (1920x1080, 150 iter) - Modo: Optimizado
2026-01-06 22:49:31 - render - INFO - Iniciando frame 9 (1920x1080, 150 iter) - Modo: Optimizado
2026-01-06 22:49:31 - render - INFO - Iniciando frame 13 (1920x1080, 150 iter) - Modo: Optimizado
2026-01-06 22:49:31 - render - INFO - Iniciando frame 15 (1920x1080, 150 iter) - Modo: Optimizado
2026-01-06 22:49:31 - render - INFO - Iniciando frame 21 (1920x1080, 150 iter) - Modo: Optimizado
2026-01-06 22:49:31 - render - INFO - Iniciando frame 25 (1920x1080, 150 iter) - Modo: Optimizado
2026-01-06 22:49:31 - render - INFO - Iniciando frame 27 (1920x1080, 150 iter) - Modo: Optimizado
2026-01-06 22:49:31 - render - INFO - Iniciando frame 47 (1920x1080, 150 iter) - Modo: Optimizado
2026-01-06 22:49:31 - render - INFO - Iniciando frame 11 (1920x1080, 150 iter) - Modo: Optimizado
2026-01-06 22:49:31 - render - INFO - Iniciando frame 14 (1920x1080, 150 iter) - Modo: Optimizado
2026-01-06 22:49:31 - render - INFO - Iniciando frame 19 (1920x1080, 150 iter) - Modo: Optimizado
2026-01-06 22:49:31 - render - INFO - Iniciando frame 18 (1920x1080, 150 iter) - Modo: Optimizado
2026-01-06 22:49:31 - render - INFO - Iniciando frame 29 (1920x1080, 150 iter) - Modo: Optimizado
2026-01-06 22:49:31 - render - INFO - Iniciando frame 32 (1920x1080, 150 iter) - Modo: Optimizado
2026-01-06 22:49:31 - render - INFO - Iniciando frame 2 (1920x1080, 150 iter) - Modo: Optimizado
2026-01-06 22:49:31 - render - INFO - Iniciando frame 23 (1920x1080, 150 iter) - Modo: Optimizado
2026-01-06 22:49:31 - render - INFO - Iniciando frame 4 (1920x1080, 150 iter) - Modo: Optimizado
2026-01-06 22:49:31 - render - INFO - Iniciando frame 6 (1920x1080, 150 iter) - Modo: Optimizado
2026-01-06 22:49:31 - render - INFO - Iniciando frame 8 (1920x1080, 150 iter) - Modo: Optimizado
2026-01-06 22:49:31 - render - INFO - Iniciando frame 10 (1920x1080, 150 iter) - Modo: Optimizado
2026-01-06 22:49:31 - render - INFO - Iniciando frame 12 (1920x1080, 150 iter) - Modo: Optimizado
2026-01-06 22:49:31 - render - INFO - Iniciando frame 43 (1920x1080, 150 iter) - Modo: Optimizado
2026-01-06 22:49:31 - render - INFO - Iniciando frame 26 (1920x1080, 150 iter) - Modo: Optimizado
2026-01-06 22:49:31 - render - INFO - Iniciando frame 28 (1920x1080, 150 iter) - Modo: Optimizado
2026-01-06 22:49:31 - render - INFO - Iniciando frame 30 (1920x1080, 150 iter) - Modo: Optimizado
2026-01-06 22:49:31 - render - INFO - Iniciando frame 39 (1920x1080, 150 iter) - Modo: Optimizado
2026-01-06 22:49:31 - render - INFO - Iniciando frame 41 (1920x1080, 150 iter) - Modo: Optimizado
2026-01-06 22:49:31 - render - INFO - Iniciando frame 16 (1920x1080, 150 iter) - Modo: Optimizado
2026-01-06 22:49:31 - render - INFO - Iniciando frame 37 (1920x1080, 150 iter) - Modo: Optimizado
2026-01-06 22:49:31 - render - INFO - Iniciando frame 20 (1920x1080, 150 iter) - Modo: Optimizado
2026-01-06 22:49:31 - render - INFO - Iniciando frame 45 (1920x1080, 150 iter) - Modo: Optimizado
2026-01-06 22:49:31 - render - INFO - Iniciando frame 24 (1920x1080, 150 iter) - Modo: Optimizado
2026-01-06 22:49:31 - render - INFO - Iniciando frame 33 (1920x1080, 150 iter) - Modo: Optimizado
2026-01-06 22:49:31 - render - INFO - Iniciando frame 22 (1920x1080, 150 iter) - Modo: Optimizado
2026-01-06 22:49:31 - render - INFO - Iniciando frame 36 (1920x1080, 150 iter) - Modo: Optimizado
2026-01-06 22:49:31 - render - INFO - Iniciando frame 38 (1920x1080, 150 iter) - Modo: Optimizado
2026-01-06 22:49:31 - render - INFO - Iniciando frame 49 (1920x1080, 150 iter) - Modo: Optimizado
2026-01-06 22:49:31 - render - INFO - Iniciando frame 34 (1920x1080, 150 iter) - Modo: Optimizado
2026-01-06 22:49:31 - render - INFO - Iniciando frame 63 (1920x1080, 150 iter) - Modo: Optimizado
2026-01-06 22:49:31 - render - INFO - Iniciando frame 61 (1920x1080, 150 iter) - Modo: Optimizado
2026-01-06 22:49:31 - render - INFO - Iniciando frame 53 (1920x1080, 150 iter) - Modo: Optimizado
2026-01-06 22:49:31 - render - INFO - Iniciando frame 59 (1920x1080, 150 iter) - Modo: Optimizado
2026-01-06 22:49:31 - render - INFO - Iniciando frame 55 (1920x1080, 150 iter) - Modo: Optimizado
2026-01-06 22:49:31 - render - INFO - Iniciando frame 50 (1920x1080, 150 iter) - Modo: Optimizado
2026-01-06 22:49:31 - render - INFO - Iniciando frame 54 (1920x1080, 150 iter) - Modo: Optimizado
2026-01-06 22:49:31 - render - INFO - Iniciando frame 57 (1920x1080, 150 iter) - Modo: Optimizado
2026-01-06 22:49:31 - render - INFO - Iniciando frame 58 (1920x1080, 150 iter) - Modo: Optimizado
2026-01-06 22:49:31 - render - INFO - Iniciando frame 51 (1920x1080, 150 iter) - Modo: Optimizado
2026-01-06 22:49:31 - render - INFO - Iniciando frame 60 (1920x1080, 150 iter) - Modo: Optimizado
2026-01-06 22:49:31 - render - INFO - Iniciando frame 62 (1920x1080, 150 iter) - Modo: Optimizado
2026-01-06 22:49:31 - render - INFO - Iniciando frame 42 (1920x1080, 150 iter) - Modo: Optimizado
2026-01-06 22:49:31 - render - INFO - Iniciando frame 44 (1920x1080, 150 iter) - Modo: Optimizado
2026-01-06 22:49:31 - render - INFO - Iniciando frame 46 (1920x1080, 150 iter) - Modo: Optimizado
2026-01-06 22:49:31 - render - INFO - Iniciando frame 48 (1920x1080, 150 iter) - Modo: Optimizado
2026-01-06 22:49:31 - render - INFO - Iniciando frame 52 (1920x1080, 150 iter) - Modo: Optimizado
2026-01-06 22:49:31 - render - INFO - Iniciando frame 56 (1920x1080, 150 iter) - Modo: Optimizado
2026-01-06 22:49:40 - render - INFO - Frame 53 completado en 8.62s (677.7 KB)
2026-01-06 22:49:40 - render - INFO - Iniciando frame 65 (1920x1080, 150 iter) - Modo: Optimizado
2026-01-06 22:49:41 - render - INFO - Frame 37 completado en 9.99s (425.4 KB)
2026-01-06 22:49:41 - render - INFO - Frame 41 completado en 9.98s (355.7 KB)
2026-01-06 22:49:41 - render - INFO - Iniciando frame 67 (1920x1080, 150 iter) - Modo: Optimizado
2026-01-06 22:49:41 - render - INFO - Iniciando frame 69 (1920x1080, 150 iter) - Modo: Optimizado
2026-01-06 22:49:44 - render - INFO - Frame 40 completado en 12.41s (356.8 KB)
2026-01-06 22:49:44 - render - INFO - Iniciando frame 64 (1920x1080, 150 iter) - Modo: Optimizado
2026-01-06 22:49:44 - render - INFO - Frame 15 completado en 12.58s (263.7 KB)
2026-01-06 22:49:44 - render - INFO - Iniciando frame 71 (1920x1080, 150 iter) - Modo: Optimizado
2026-01-06 22:49:44 - render - INFO - Frame 31 completado en 12.94s (408.7 KB)
2026-01-06 22:49:44 - render - INFO - Iniciando frame 73 (1920x1080, 150 iter) - Modo: Optimizado
2026-01-06 22:49:44 - render - INFO - Frame 29 completado en 13.00s (380.6 KB)
2026-01-06 22:49:44 - render - INFO - Frame 39 completado en 13.01s (381.4 KB)
2026-01-06 22:49:44 - render - INFO - Frame 43 completado en 13.12s (389.8 KB)
2026-01-06 22:49:44 - render - INFO - Frame 35 completado en 13.11s (446.7 KB)
2026-01-06 22:49:44 - render - INFO - Frame 33 completado en 13.10s (441.9 KB)
2026-01-06 22:49:44 - render - INFO - Frame 45 completado en 13.13s (433.9 KB)
2026-01-06 22:49:44 - render - INFO - Frame 47 completado en 13.13s (505.0 KB)
2026-01-06 22:49:44 - render - INFO - Frame 9 completado en 13.16s (382.3 KB)
2026-01-06 22:49:44 - render - INFO - Frame 5 completado en 13.22s (342.1 KB)
2026-01-06 22:49:44 - render - INFO - Frame 21 completado en 13.23s (285.9 KB)
2026-01-06 22:49:44 - render - INFO - Frame 51 completado en 13.22s (597.4 KB)
2026-01-06 22:49:44 - render - INFO - Iniciando frame 75 (1920x1080, 150 iter) - Modo: Optimizado
2026-01-06 22:49:44 - render - INFO - Frame 59 completado en 13.22s (729.7 KB)
2026-01-06 22:49:44 - render - INFO - Iniciando frame 77 (1920x1080, 150 iter) - Modo: Optimizado
2026-01-06 22:49:44 - render - INFO - Frame 49 completado en 13.24s (537.4 KB)
2026-01-06 22:49:44 - render - INFO - Frame 55 completado en 13.25s (737.8 KB)
2026-01-06 22:49:44 - render - INFO - Iniciando frame 81 (1920x1080, 150 iter) - Modo: Optimizado
2026-01-06 22:49:44 - render - INFO - Iniciando frame 83 (1920x1080, 150 iter) - Modo: Optimizado
2026-01-06 22:49:44 - render - INFO - Iniciando frame 79 (1920x1080, 150 iter) - Modo: Optimizado
2026-01-06 22:49:44 - render - INFO - Iniciando frame 87 (1920x1080, 150 iter) - Modo: Optimizado
2026-01-06 22:49:44 - render - INFO - Iniciando frame 85 (1920x1080, 150 iter) - Modo: Optimizado
2026-01-06 22:49:44 - render - INFO - Iniciando frame 89 (1920x1080, 150 iter) - Modo: Optimizado
2026-01-06 22:49:44 - render - INFO - Frame 1 completado en 13.37s (292.8 KB)
2026-01-06 22:49:44 - render - INFO - Frame 17 completado en 13.34s (269.1 KB)
2026-01-06 22:49:45 - render - INFO - Frame 23 completado en 13.36s (302.1 KB)
2026-01-06 22:49:45 - render - INFO - Frame 13 completado en 13.37s (275.3 KB)
2026-01-06 22:49:45 - render - INFO - Frame 11 completado en 13.40s (356.6 KB)
2026-01-06 22:49:45 - render - INFO - Frame 57 completado en 13.37s (759.2 KB)
2026-01-06 22:49:45 - render - INFO - Frame 25 completado en 13.41s (317.4 KB)
2026-01-06 22:49:45 - render - INFO - Iniciando frame 91 (1920x1080, 150 iter) - Modo: Optimizado
2026-01-06 22:49:45 - render - INFO - Frame 27 completado en 13.43s (344.1 KB)
2026-01-06 22:49:45 - render - INFO - Frame 19 completado en 13.41s (278.3 KB)
2026-01-06 22:49:45 - render - INFO - Frame 7 completado en 13.45s (360.9 KB)
2026-01-06 22:49:45 - render - INFO - Iniciando frame 93 (1920x1080, 150 iter) - Modo: Optimizado
2026-01-06 22:49:45 - render - INFO - Iniciando frame 95 (1920x1080, 150 iter) - Modo: Optimizado
2026-01-06 22:49:45 - render - INFO - Iniciando frame 97 (1920x1080, 150 iter) - Modo: Optimizado
2026-01-06 22:49:45 - render - INFO - Frame 63 completado en 13.50s (672.1 KB)
2026-01-06 22:49:45 - render - INFO - Frame 3 completado en 13.53s (366.2 KB)
2026-01-06 22:49:45 - render - INFO - Iniciando frame 99 (1920x1080, 150 iter) - Modo: Optimizado
2026-01-06 22:49:45 - render - INFO - Frame 61 completado en 13.68s (697.1 KB)
2026-01-06 22:49:46 - render - INFO - Iniciando frame 90 (1920x1080, 150 iter) - Modo: Optimizado
2026-01-06 22:49:46 - render - INFO - Iniciando frame 92 (1920x1080, 150 iter) - Modo: Optimizado
2026-01-06 22:49:46 - render - INFO - Iniciando frame 72 (1920x1080, 150 iter) - Modo: Optimizado
2026-01-06 22:49:46 - render - INFO - Frame 65 completado en 6.17s (629.5 KB)
2026-01-06 22:49:46 - render - INFO - Iniciando frame 70 (1920x1080, 150 iter) - Modo: Optimizado
2026-01-06 22:49:46 - render - INFO - Iniciando frame 76 (1920x1080, 150 iter) - Modo: Optimizado
2026-01-06 22:49:46 - render - INFO - Frame 69 completado en 5.24s (607.6 KB)
2026-01-06 22:49:46 - render - INFO - Frame 67 completado en 5.25s (584.5 KB)
2026-01-06 22:49:47 - render - INFO - Iniciando frame 94 (1920x1080, 150 iter) - Modo: Optimizado
2026-01-06 22:49:47 - render - INFO - Iniciando frame 98 (1920x1080, 150 iter) - Modo: Optimizado
2026-01-06 22:49:47 - render - INFO - Iniciando frame 86 (1920x1080, 150 iter) - Modo: Optimizado
2026-01-06 22:49:47 - render - INFO - Iniciando frame 68 (1920x1080, 150 iter) - Modo: Optimizado
2026-01-06 22:49:47 - render - INFO - Iniciando frame 78 (1920x1080, 150 iter) - Modo: Optimizado
2026-01-06 22:49:48 - render - INFO - Iniciando frame 84 (1920x1080, 150 iter) - Modo: Optimizado
2026-01-06 22:49:48 - render - INFO - Iniciando frame 88 (1920x1080, 150 iter) - Modo: Optimizado
2026-01-06 22:49:48 - render - INFO - Iniciando frame 80 (1920x1080, 150 iter) - Modo: Optimizado
2026-01-06 22:49:48 - render - INFO - Iniciando frame 96 (1920x1080, 150 iter) - Modo: Optimizado
2026-01-06 22:49:48 - render - INFO - Iniciando frame 74 (1920x1080, 150 iter) - Modo: Optimizado
2026-01-06 22:49:49 - render - INFO - Iniciando frame 82 (1920x1080, 150 iter) - Modo: Optimizado
2026-01-06 22:49:50 - render - INFO - Frame 48 completado en 19.04s (517.2 KB)
2026-01-06 22:49:50 - render - INFO - Iniciando frame 66 (1920x1080, 150 iter) - Modo: Optimizado
2026-01-06 22:49:50 - render - INFO - Frame 56 completado en 19.25s (756.0 KB)
2026-01-06 22:49:51 - render - INFO - Frame 36 completado en 20.12s (440.2 KB)
2026-01-06 22:49:53 - render - INFO - Frame 73 completado en 8.83s (677.2 KB)
2026-01-06 22:49:53 - render - INFO - Frame 34 completado en 21.80s (450.7 KB)
2026-01-06 22:49:53 - render - INFO - Frame 71 completado en 9.48s (652.0 KB)
2026-01-06 22:49:53 - render - INFO - Frame 75 completado en 9.05s (687.0 KB)
2026-01-06 22:49:54 - render - INFO - Frame 77 completado en 9.28s (706.0 KB)
2026-01-06 22:49:54 - render - INFO - Frame 81 completado en 9.26s (817.6 KB)
2026-01-06 22:49:54 - render - INFO - Frame 79 completado en 9.36s (779.2 KB)
2026-01-06 22:49:54 - render - INFO - Frame 89 completado en 9.52s (655.5 KB)
2026-01-06 22:49:54 - render - INFO - Frame 91 completado en 9.36s (635.2 KB)
2026-01-06 22:49:54 - render - INFO - Frame 99 completado en 9.11s (468.2 KB)
2026-01-06 22:49:54 - render - INFO - Frame 87 completado en 9.56s (718.0 KB)
2026-01-06 22:49:54 - render - INFO - Frame 85 completado en 9.61s (797.2 KB)
2026-01-06 22:49:54 - render - INFO - Frame 93 completado en 9.21s (605.9 KB)
2026-01-06 22:49:55 - render - INFO - Frame 83 completado en 9.91s (863.7 KB)
2026-01-06 22:49:55 - render - INFO - Frame 76 completado en 8.02s (695.8 KB)
2026-01-06 22:49:55 - render - INFO - Frame 95 completado en 9.49s (543.8 KB)
2026-01-06 22:49:55 - render - INFO - Frame 97 completado en 9.57s (503.2 KB)
2026-01-06 22:49:55 - render - INFO - Frame 92 completado en 8.71s (629.2 KB)
2026-01-06 22:49:55 - render - INFO - Frame 72 completado en 8.78s (667.9 KB)
2026-01-06 22:49:55 - render - INFO - Frame 90 completado en 8.82s (648.4 KB)
2026-01-06 22:49:55 - render - INFO - Frame 70 completado en 8.54s (624.2 KB)
2026-01-06 22:49:55 - render - INFO - Frame 18 completado en 23.77s (273.6 KB)
2026-01-06 22:49:55 - render - INFO - Frame 94 completado en 8.00s (579.3 KB)
2026-01-06 22:50:00 - render - INFO - Frame 68 completado en 12.68s (602.1 KB)
2026-01-06 22:50:00 - render - INFO - Frame 86 completado en 12.68s (759.8 KB)
2026-01-06 22:50:00 - render - INFO - Frame 14 completado en 28.94s (253.9 KB)
2026-01-06 22:50:02 - render - INFO - Frame 96 completado en 13.80s (519.6 KB)
2026-01-06 22:50:02 - render - INFO - Frame 82 completado en 12.87s (833.5 KB)
2026-01-06 22:50:02 - render - INFO - Frame 80 completado en 13.79s (808.7 KB)
2026-01-06 22:50:02 - render - INFO - Frame 78 completado en 14.81s (731.0 KB)
2026-01-06 22:50:02 - render - INFO - Frame 98 completado en 14.91s (477.2 KB)
2026-01-06 22:50:02 - render - INFO - Frame 88 completado en 13.90s (678.1 KB)
2026-01-06 22:50:02 - render - INFO - Frame 74 completado en 13.89s (688.4 KB)
2026-01-06 22:50:02 - render - INFO - Frame 84 completado en 13.92s (832.8 KB)
2026-01-06 22:50:02 - render - INFO - Frame 8 completado en 31.11s (382.0 KB)
2026-01-06 22:50:02 - render - INFO - Frame 0 completado en 31.11s (257.2 KB)
2026-01-06 22:50:02 - render - INFO - Frame 20 completado en 31.10s (278.0 KB)
2026-01-06 22:50:02 - render - INFO - Frame 26 completado en 31.10s (336.1 KB)
2026-01-06 22:50:02 - render - INFO - Frame 10 completado en 31.10s (367.2 KB)
2026-01-06 22:50:02 - render - INFO - Frame 52 completado en 31.07s (635.7 KB)
2026-01-06 22:50:02 - render - INFO - Frame 24 completado en 31.10s (305.8 KB)
2026-01-06 22:50:02 - render - INFO - Frame 32 completado en 31.10s (423.0 KB)
2026-01-06 22:50:02 - render - INFO - Frame 42 completado en 31.08s (373.8 KB)
2026-01-06 22:50:02 - render - INFO - Frame 30 completado en 31.10s (396.6 KB)
2026-01-06 22:50:02 - render - INFO - Frame 50 completado en 31.08s (569.2 KB)
2026-01-06 22:50:02 - render - INFO - Frame 54 completado en 31.08s (707.9 KB)
2026-01-06 22:50:02 - render - INFO - Frame 16 completado en 31.26s (271.9 KB)
2026-01-06 22:50:02 - render - INFO - Frame 22 completado en 31.27s (290.8 KB)
2026-01-06 22:50:02 - render - INFO - Frame 12 completado en 31.28s (314.8 KB)
2026-01-06 22:50:02 - render - INFO - Frame 28 completado en 31.29s (357.4 KB)
2026-01-06 22:50:02 - render - INFO - Frame 44 completado en 31.29s (401.8 KB)
2026-01-06 22:50:02 - render - INFO - Frame 38 completado en 31.29s (408.8 KB)
2026-01-06 22:50:02 - render - INFO - Frame 6 completado en 31.30s (342.3 KB)
2026-01-06 22:50:02 - render - INFO - Frame 4 completado en 31.31s (389.4 KB)
2026-01-06 22:50:02 - render - INFO - Frame 2 completado en 31.30s (332.2 KB)
2026-01-06 22:50:02 - render - INFO - Frame 46 completado en 31.30s (465.7 KB)
2026-01-06 22:50:03 - render - INFO - Frame 64 completado en 18.80s (650.4 KB)
2026-01-06 22:50:03 - render - INFO - Frame 66 completado en 12.09s (594.8 KB)
2026-01-06 22:50:03 - render - INFO - Frame 62 completado en 31.35s (687.0 KB)
2026-01-06 22:50:03 - render - INFO - Frame 60 completado en 31.37s (719.7 KB)
2026-01-06 22:50:03 - render - INFO - Frame 58 completado en 31.38s (745.0 KB)
2026-01-06 22:54:58 - render - INFO - Iniciando frame 1 (1920x1080, 150 iter) - Modo: Optimizado
2026-01-06 22:54:58 - render - INFO - Iniciando frame 0 (1920x1080, 150 iter) - Modo: Optimizado
2026-01-06 22:54:58 - render - INFO - Iniciando frame 13 (1920x1080, 150 iter) - Modo: Optimizado
2026-01-06 22:54:58 - render - INFO - Iniciando frame 15 (1920x1080, 150 iter) - Modo: Optimizado
2026-01-06 22:54:58 - render - INFO - Iniciando frame 17 (1920x1080, 150 iter) - Modo: Optimizado
2026-01-06 22:54:58 - render - INFO - Iniciando frame 10 (1920x1080, 150 iter) - Modo: Optimizado
2026-01-06 22:54:58 - render - INFO - Iniciando frame 23 (1920x1080, 150 iter) - Modo: Optimizado
2026-01-06 22:54:58 - render - INFO - Iniciando frame 5 (1920x1080, 150 iter) - Modo: Optimizado
2026-01-06 22:54:58 - render - INFO - Iniciando frame 2 (1920x1080, 150 iter) - Modo: Optimizado
2026-01-06 22:54:58 - render - INFO - Iniciando frame 9 (1920x1080, 150 iter) - Modo: Optimizado
2026-01-06 22:54:58 - render - INFO - Iniciando frame 11 (1920x1080, 150 iter) - Modo: Optimizado
2026-01-06 22:54:58 - render - INFO - Iniciando frame 6 (1920x1080, 150 iter) - Modo: Optimizado
2026-01-06 22:54:58 - render - INFO - Iniciando frame 8 (1920x1080, 150 iter) - Modo: Optimizado
2026-01-06 22:54:58 - render - INFO - Iniciando frame 4 (1920x1080, 150 iter) - Modo: Optimizado
2026-01-06 22:54:58 - render - INFO - Iniciando frame 43 (1920x1080, 150 iter) - Modo: Optimizado
2026-01-06 22:54:58 - render - INFO - Iniciando frame 27 (1920x1080, 150 iter) - Modo: Optimizado
2026-01-06 22:54:58 - render - INFO - Iniciando frame 20 (1920x1080, 150 iter) - Modo: Optimizado
2026-01-06 22:54:58 - render - INFO - Iniciando frame 29 (1920x1080, 150 iter) - Modo: Optimizado
2026-01-06 22:54:58 - render - INFO - Iniciando frame 31 (1920x1080, 150 iter) - Modo: Optimizado
2026-01-06 22:54:58 - render - INFO - Iniciando frame 33 (1920x1080, 150 iter) - Modo: Optimizado
2026-01-06 22:54:58 - render - INFO - Iniciando frame 35 (1920x1080, 150 iter) - Modo: Optimizado
2026-01-06 22:54:58 - render - INFO - Iniciando frame 37 (1920x1080, 150 iter) - Modo: Optimizado
2026-01-06 22:54:58 - render - INFO - Iniciando frame 39 (1920x1080, 150 iter) - Modo: Optimizado
2026-01-06 22:54:58 - render - INFO - Iniciando frame 36 (1920x1080, 150 iter) - Modo: Optimizado
2026-01-06 22:54:58 - render - INFO - Iniciando frame 41 (1920x1080, 150 iter) - Modo: Optimizado
2026-01-06 22:54:58 - render - INFO - Iniciando frame 45 (1920x1080, 150 iter) - Modo: Optimizado
2026-01-06 22:54:58 - render - INFO - Iniciando frame 44 (1920x1080, 150 iter) - Modo: Optimizado
2026-01-06 22:54:58 - render - INFO - Iniciando frame 52 (1920x1080, 150 iter) - Modo: Optimizado
2026-01-06 22:54:58 - render - INFO - Iniciando frame 3 (1920x1080, 150 iter) - Modo: Optimizado
2026-01-06 22:54:58 - render - INFO - Iniciando frame 16 (1920x1080, 150 iter) - Modo: Optimizado
2026-01-06 22:54:58 - render - INFO - Iniciando frame 7 (1920x1080, 150 iter) - Modo: Optimizado
2026-01-06 22:54:58 - render - INFO - Iniciando frame 18 (1920x1080, 150 iter) - Modo: Optimizado
2026-01-06 22:54:58 - render - INFO - Iniciando frame 22 (1920x1080, 150 iter) - Modo: Optimizado
2026-01-06 22:54:58 - render - INFO - Iniciando frame 19 (1920x1080, 150 iter) - Modo: Optimizado
2026-01-06 22:54:58 - render - INFO - Iniciando frame 26 (1920x1080, 150 iter) - Modo: Optimizado
2026-01-06 22:54:58 - render - INFO - Iniciando frame 21 (1920x1080, 150 iter) - Modo: Optimizado
2026-01-06 22:54:58 - render - INFO - Iniciando frame 34 (1920x1080, 150 iter) - Modo: Optimizado
2026-01-06 22:54:58 - render - INFO - Iniciando frame 25 (1920x1080, 150 iter) - Modo: Optimizado
2026-01-06 22:54:58 - render - INFO - Iniciando frame 38 (1920x1080, 150 iter) - Modo: Optimizado
2026-01-06 22:54:58 - render - INFO - Iniciando frame 42 (1920x1080, 150 iter) - Modo: Optimizado
2026-01-06 22:54:58 - render - INFO - Iniciando frame 46 (1920x1080, 150 iter) - Modo: Optimizado
2026-01-06 22:54:58 - render - INFO - Iniciando frame 57 (1920x1080, 150 iter) - Modo: Optimizado
2026-01-06 22:54:58 - render - INFO - Iniciando frame 50 (1920x1080, 150 iter) - Modo: Optimizado
2026-01-06 22:54:58 - render - INFO - Iniciando frame 54 (1920x1080, 150 iter) - Modo: Optimizado
2026-01-06 22:54:58 - render - INFO - Iniciando frame 58 (1920x1080, 150 iter) - Modo: Optimizado
2026-01-06 22:54:58 - render - INFO - Iniciando frame 47 (1920x1080, 150 iter) - Modo: Optimizado
2026-01-06 22:54:58 - render - INFO - Iniciando frame 59 (1920x1080, 150 iter) - Modo: Optimizado
2026-01-06 22:54:58 - render - INFO - Iniciando frame 12 (1920x1080, 150 iter) - Modo: Optimizado
2026-01-06 22:54:58 - render - INFO - Iniciando frame 24 (1920x1080, 150 iter) - Modo: Optimizado
2026-01-06 22:54:58 - render - INFO - Iniciando frame 49 (1920x1080, 150 iter) - Modo: Optimizado
2026-01-06 22:54:58 - render - INFO - Iniciando frame 30 (1920x1080, 150 iter) - Modo: Optimizado
2026-01-06 22:54:58 - render - INFO - Iniciando frame 53 (1920x1080, 150 iter) - Modo: Optimizado
2026-01-06 22:54:58 - render - INFO - Iniciando frame 55 (1920x1080, 150 iter) - Modo: Optimizado
2026-01-06 22:54:58 - render - INFO - Iniciando frame 48 (1920x1080, 150 iter) - Modo: Optimizado
2026-01-06 22:54:58 - render - INFO - Iniciando frame 51 (1920x1080, 150 iter) - Modo: Optimizado
2026-01-06 22:54:58 - render - INFO - Iniciando frame 56 (1920x1080, 150 iter) - Modo: Optimizado
2026-01-06 22:54:58 - render - INFO - Iniciando frame 14 (1920x1080, 150 iter) - Modo: Optimizado
2026-01-06 22:54:58 - render - INFO - Iniciando frame 63 (1920x1080, 150 iter) - Modo: Optimizado
2026-01-06 22:54:58 - render - INFO - Iniciando frame 61 (1920x1080, 150 iter) - Modo: Optimizado
2026-01-06 22:54:58 - render - INFO - Iniciando frame 28 (1920x1080, 150 iter) - Modo: Optimizado
2026-01-06 22:54:58 - render - INFO - Iniciando frame 40 (1920x1080, 150 iter) - Modo: Optimizado
2026-01-06 22:54:58 - render - INFO - Iniciando frame 60 (1920x1080, 150 iter) - Modo: Optimizado
2026-01-06 22:54:58 - render - INFO - Iniciando frame 62 (1920x1080, 150 iter) - Modo: Optimizado
2026-01-06 22:55:19 - render - INFO - Frame 35 completado en 20.25s (446.7 KB)
2026-01-06 22:55:19 - render - INFO - Iniciando frame 65 (1920x1080, 150 iter) - Modo: Optimizado
2026-01-06 22:55:21 - render - INFO - Frame 10 completado en 22.06s (367.2 KB)
2026-01-06 22:55:21 - render - INFO - Iniciando frame 64 (1920x1080, 150 iter) - Modo: Optimizado
2026-01-06 22:55:21 - render - INFO - Frame 29 completado en 22.53s (380.6 KB)
2026-01-06 22:55:21 - render - INFO - Frame 11 completado en 22.59s (356.6 KB)
2026-01-06 22:55:21 - render - INFO - Iniciando frame 67 (1920x1080, 150 iter) - Modo: Optimizado
2026-01-06 22:55:21 - render - INFO - Frame 14 completado en 22.64s (253.9 KB)
2026-01-06 22:55:21 - render - INFO - Frame 17 completado en 22.76s (269.1 KB)
2026-01-06 22:55:21 - render - INFO - Iniciando frame 69 (1920x1080, 150 iter) - Modo: Optimizado
2026-01-06 22:55:21 - render - INFO - Iniciando frame 66 (1920x1080, 150 iter) - Modo: Optimizado
2026-01-06 22:55:21 - render - INFO - Frame 23 completado en 22.92s (302.1 KB)
2026-01-06 22:55:22 - render - INFO - Iniciando frame 71 (1920x1080, 150 iter) - Modo: Optimizado
2026-01-06 22:55:22 - render - INFO - Iniciando frame 73 (1920x1080, 150 iter) - Modo: Optimizado
2026-01-06 22:55:22 - render - INFO - Frame 20 completado en 23.25s (278.0 KB)
2026-01-06 22:55:22 - render - INFO - Frame 8 completado en 23.42s (382.0 KB)
2026-01-06 22:55:22 - render - INFO - Frame 13 completado en 23.39s (275.3 KB)
2026-01-06 22:55:22 - render - INFO - Frame 15 completado en 23.38s (263.7 KB)
2026-01-06 22:55:22 - render - INFO - Frame 9 completado en 23.37s (382.3 KB)
2026-01-06 22:55:22 - render - INFO - Frame 12 completado en 23.61s (314.8 KB)
2026-01-06 22:55:22 - render - INFO - Iniciando frame 75 (1920x1080, 150 iter) - Modo: Optimizado
2026-01-06 22:55:22 - render - INFO - Frame 21 completado en 23.85s (285.9 KB)
2026-01-06 22:55:22 - render - INFO - Iniciando frame 68 (1920x1080, 150 iter) - Modo: Optimizado
2026-01-06 22:55:22 - render - INFO - Iniciando frame 77 (1920x1080, 150 iter) - Modo: Optimizado
2026-01-06 22:55:23 - render - INFO - Iniciando frame 79 (1920x1080, 150 iter) - Modo: Optimizado
2026-01-06 22:55:23 - render - INFO - Iniciando frame 70 (1920x1080, 150 iter) - Modo: Optimizado
2026-01-06 22:55:23 - render - INFO - Iniciando frame 81 (1920x1080, 150 iter) - Modo: Optimizado
2026-01-06 22:55:23 - render - INFO - Frame 19 completado en 24.16s (278.3 KB)
2026-01-06 22:55:23 - render - INFO - Frame 18 completado en 24.10s (273.6 KB)
2026-01-06 22:55:23 - render - INFO - Iniciando frame 72 (1920x1080, 150 iter) - Modo: Optimizado
2026-01-06 22:55:23 - render - INFO - Frame 6 completado en 24.17s (342.3 KB)
2026-01-06 22:55:23 - render - INFO - Frame 45 completado en 24.61s (433.9 KB)
2026-01-06 22:55:24 - render - INFO - Iniciando frame 83 (1920x1080, 150 iter) - Modo: Optimizado
2026-01-06 22:55:24 - render - INFO - Frame 27 completado en 25.54s (344.1 KB)
2026-01-06 22:55:24 - render - INFO - Frame 16 completado en 25.52s (271.9 KB)
2026-01-06 22:55:24 - render - INFO - Iniciando frame 74 (1920x1080, 150 iter) - Modo: Optimizado
2026-01-06 22:55:24 - render - INFO - Iniciando frame 85 (1920x1080, 150 iter) - Modo: Optimizado
2026-01-06 22:55:24 - render - INFO - Iniciando frame 76 (1920x1080, 150 iter) - Modo: Optimizado
2026-01-06 22:55:24 - render - INFO - Frame 22 completado en 25.65s (290.8 KB)
2026-01-06 22:55:24 - render - INFO - Frame 25 completado en 25.78s (317.4 KB)
2026-01-06 22:55:25 - render - INFO - Iniciando frame 78 (1920x1080, 150 iter) - Modo: Optimizado
2026-01-06 22:55:25 - render - INFO - Frame 26 completado en 26.15s (336.1 KB)
2026-01-06 22:55:25 - render - INFO - Frame 24 completado en 26.12s (305.8 KB)
2026-01-06 22:55:25 - render - INFO - Iniciando frame 87 (1920x1080, 150 iter) - Modo: Optimizado
2026-01-06 22:55:25 - render - INFO - Frame 39 completado en 26.16s (381.4 KB)
2026-01-06 22:55:25 - render - INFO - Iniciando frame 89 (1920x1080, 150 iter) - Modo: Optimizado
2026-01-06 22:55:25 - render - INFO - Frame 43 completado en 26.25s (389.8 KB)
2026-01-06 22:55:25 - render - INFO - Frame 41 completado en 26.38s (355.7 KB)
2026-01-06 22:55:26 - render - INFO - Iniciando frame 80 (1920x1080, 150 iter) - Modo: Optimizado
2026-01-06 22:55:26 - render - INFO - Frame 7 completado en 26.61s (360.9 KB)
2026-01-06 22:55:26 - render - INFO - Iniciando frame 84 (1920x1080, 150 iter) - Modo: Optimizado
2026-01-06 22:55:26 - render - INFO - Iniciando frame 82 (1920x1080, 150 iter) - Modo: Optimizado
2026-01-06 22:55:26 - render - INFO - Frame 50 completado en 27.17s (569.2 KB)
2026-01-06 22:55:26 - render - INFO - Iniciando frame 91 (1920x1080, 150 iter) - Modo: Optimizado
2026-01-06 22:55:27 - render - INFO - Iniciando frame 93 (1920x1080, 150 iter) - Modo: Optimizado
2026-01-06 22:55:27 - render - INFO - Iniciando frame 95 (1920x1080, 150 iter) - Modo: Optimizado
2026-01-06 22:55:27 - render - INFO - Iniciando frame 86 (1920x1080, 150 iter) - Modo: Optimizado
2026-01-06 22:55:27 - render - INFO - Frame 1 completado en 28.12s (292.8 KB)
2026-01-06 22:55:27 - render - INFO - Frame 5 completado en 28.31s (342.1 KB)
2026-01-06 22:55:28 - render - INFO - Iniciando frame 97 (1920x1080, 150 iter) - Modo: Optimizado
2026-01-06 22:55:28 - render - INFO - Frame 3 completado en 28.88s (366.2 KB)
2026-01-06 22:55:28 - render - INFO - Frame 33 completado en 29.13s (441.9 KB)
2026-01-06 22:55:28 - render - INFO - Iniciando frame 99 (1920x1080, 150 iter) - Modo: Optimizado
2026-01-06 22:55:29 - render - INFO - Frame 4 completado en 30.07s (389.4 KB)
2026-01-06 22:55:29 - render - INFO - Frame 38 completado en 30.04s (408.8 KB)
2026-01-06 22:55:29 - render - INFO - Frame 51 completado en 30.28s (597.4 KB)
2026-01-06 22:55:29 - render - INFO - Frame 59 completado en 30.32s (729.7 KB)
2026-01-06 22:55:29 - render - INFO - Frame 30 completado en 30.36s (396.6 KB)
2026-01-06 22:55:29 - render - INFO - Frame 37 completado en 30.42s (425.4 KB)
2026-01-06 22:55:29 - render - INFO - Frame 31 completado en 30.40s (408.7 KB)
2026-01-06 22:55:29 - render - INFO - Frame 49 completado en 30.48s (537.4 KB)
2026-01-06 22:55:29 - render - INFO - Frame 42 completado en 30.42s (373.8 KB)
2026-01-06 22:55:29 - render - INFO - Frame 2 completado en 30.62s (332.2 KB)
2026-01-06 22:55:29 - render - INFO - Frame 61 completado en 30.61s (697.1 KB)
2026-01-06 22:55:29 - render - INFO - Frame 32 completado en 30.63s (423.0 KB)
2026-01-06 22:55:29 - render - INFO - Frame 47 completado en 30.68s (505.0 KB)
2026-01-06 22:55:29 - render - INFO - Frame 34 completado en 30.62s (450.7 KB)
2026-01-06 22:55:30 - render - INFO - Frame 36 completado en 30.69s (440.2 KB)
2026-01-06 22:55:30 - render - INFO - Frame 0 completado en 30.78s (257.2 KB)
2026-01-06 22:55:30 - render - INFO - Iniciando frame 92 (1920x1080, 150 iter) - Modo: Optimizado
2026-01-06 22:55:30 - render - INFO - Iniciando frame 90 (1920x1080, 150 iter) - Modo: Optimizado
2026-01-06 22:55:30 - render - INFO - Iniciando frame 88 (1920x1080, 150 iter) - Modo: Optimizado
2026-01-06 22:55:30 - render - INFO - Iniciando frame 94 (1920x1080, 150 iter) - Modo: Optimizado
2026-01-06 22:55:30 - render - INFO - Iniciando frame 98 (1920x1080, 150 iter) - Modo: Optimizado
2026-01-06 22:55:30 - render - INFO - Iniciando frame 96 (1920x1080, 150 iter) - Modo: Optimizado
2026-01-06 22:55:30 - render - INFO - Frame 28 completado en 31.18s (357.4 KB)
2026-01-06 22:55:30 - render - INFO - Frame 40 completado en 31.22s (356.8 KB)
2026-01-06 22:55:30 - render - INFO - Frame 44 completado en 31.31s (401.8 KB)
2026-01-06 22:55:30 - render - INFO - Frame 58 completado en 31.66s (745.0 KB)
2026-01-06 22:55:31 - render - INFO - Frame 53 completado en 31.15s (677.7 KB)
2026-01-06 22:55:31 - render - INFO - Frame 55 completado en 31.22s (737.8 KB)
2026-01-06 22:55:31 - render - INFO - Frame 46 completado en 31.94s (465.7 KB)
2026-01-06 22:55:31 - render - INFO - Frame 63 completado en 31.26s (672.1 KB)
2026-01-06 22:55:31 - render - INFO - Frame 57 completado en 31.27s (759.2 KB)
2026-01-06 22:55:31 - render - INFO - Frame 62 completado en 32.01s (687.0 KB)
2026-01-06 22:55:31 - render - INFO - Frame 48 completado en 32.25s (517.2 KB)
2026-01-06 22:55:31 - render - INFO - Frame 54 completado en 32.29s (707.9 KB)
2026-01-06 22:55:31 - render - INFO - Frame 60 completado en 32.48s (719.7 KB)
2026-01-06 22:55:31 - render - INFO - Frame 52 completado en 32.49s (635.7 KB)
2026-01-06 22:55:31 - render - INFO - Frame 56 completado en 32.83s (756.0 KB)
2026-01-06 22:55:42 - render - INFO - Frame 66 completado en 20.26s (594.8 KB)
2026-01-06 22:55:42 - render - INFO - Frame 68 completado en 19.44s (602.1 KB)
2026-01-06 22:55:42 - render - INFO - Frame 74 completado en 17.79s (688.4 KB)
2026-01-06 22:55:42 - render - INFO - Frame 72 completado en 19.01s (667.9 KB)
2026-01-06 22:55:42 - render - INFO - Frame 78 completado en 16.55s (731.0 KB)
2026-01-06 22:55:42 - render - INFO - Frame 80 completado en 16.40s (808.7 KB)
2026-01-06 22:55:42 - render - INFO - Frame 77 completado en 19.46s (706.0 KB)
2026-01-06 22:55:42 - render - INFO - Frame 75 completado en 19.54s (687.0 KB)
2026-01-06 22:55:42 - render - INFO - Frame 82 completado en 16.16s (833.5 KB)
2026-01-06 22:55:42 - render - INFO - Frame 71 completado en 20.36s (652.0 KB)
2026-01-06 22:55:42 - render - INFO - Frame 84 completado en 16.23s (832.8 KB)
2026-01-06 22:55:42 - render - INFO - Frame 73 completado en 20.27s (677.2 KB)
2026-01-06 22:55:42 - render - INFO - Frame 98 completado en 11.90s (477.2 KB)
2026-01-06 22:55:42 - render - INFO - Frame 89 completado en 16.69s (655.5 KB)
2026-01-06 22:55:42 - render - INFO - Frame 64 completado en 21.41s (650.4 KB)
2026-01-06 22:55:42 - render - INFO - Frame 96 completado en 11.48s (519.6 KB)
2026-01-06 22:55:42 - render - INFO - Frame 70 completado en 19.42s (624.2 KB)
2026-01-06 22:55:42 - render - INFO - Frame 81 completado en 19.23s (817.6 KB)
2026-01-06 22:55:42 - render - INFO - Frame 87 completado en 16.92s (718.0 KB)
2026-01-06 22:55:42 - render - INFO - Frame 76 completado en 17.83s (695.8 KB)
2026-01-06 22:55:42 - render - INFO - Frame 94 completado en 12.45s (579.3 KB)
2026-01-06 22:55:42 - render - INFO - Frame 90 completado en 12.49s (648.4 KB)
2026-01-06 22:55:42 - render - INFO - Frame 92 completado en 12.47s (629.2 KB)
2026-01-06 22:55:42 - render - INFO - Frame 99 completado en 13.37s (468.2 KB)
2026-01-06 22:55:42 - render - INFO - Frame 88 completado en 12.48s (678.1 KB)
2026-01-06 22:55:42 - render - INFO - Frame 97 completado en 14.50s (503.2 KB)
2026-01-06 22:55:42 - render - INFO - Frame 67 completado en 20.90s (584.5 KB)
2026-01-06 22:55:42 - render - INFO - Frame 86 completado en 13.97s (759.8 KB)
2026-01-06 22:55:42 - render - INFO - Frame 95 completado en 14.72s (543.8 KB)
2026-01-06 22:55:42 - render - INFO - Frame 83 completado en 18.15s (863.7 KB)
2026-01-06 22:55:42 - render - INFO - Frame 65 completado en 23.30s (629.5 KB)
2026-01-06 22:55:42 - render - INFO - Frame 69 completado en 20.69s (607.6 KB)
2026-01-06 22:55:42 - render - INFO - Frame 79 completado en 19.62s (779.2 KB)
2026-01-06 22:55:42 - render - INFO - Frame 93 completado en 14.70s (605.9 KB)
2026-01-06 22:55:42 - render - INFO - Frame 91 completado en 15.31s (635.2 KB)
2026-01-06 22:55:42 - render - INFO - Frame 85 completado en 17.84s (797.2 KB)
2026-01-06 22:57:34 - render - INFO - Frame 1 obtenido del caché
2026-01-06 22:57:34 - render - INFO - Frame 9 obtenido del caché
2026-01-06 22:57:34 - render - INFO - Frame 3 obtenido del caché
2026-01-06 22:57:34 - render - INFO - Frame 7 obtenido del caché
2026-01-06 22:57:34 - render - INFO - Frame 5 obtenido del caché
2026-01-06 22:57:34 - render - INFO - Frame 11 obtenido del caché
2026-01-06 22:57:34 - render - INFO - Frame 13 obtenido del caché
2026-01-06 22:57:34 - render - INFO - Frame 63 obtenido del caché
2026-01-06 22:57:34 - render - INFO - Frame 31 obtenido del caché
2026-01-06 22:57:34 - render - INFO - Frame 19 obtenido del caché
2026-01-06 22:57:34 - render - INFO - Frame 17 obtenido del caché
2026-01-06 22:57:34 - render - INFO - Frame 27 obtenido del caché
2026-01-06 22:57:34 - render - INFO - Frame 15 obtenido del caché
2026-01-06 22:57:34 - render - INFO - Frame 21 obtenido del caché
2026-01-06 22:57:34 - render - INFO - Frame 23 obtenido del caché
2026-01-06 22:57:34 - render - INFO - Frame 25 obtenido del caché
2026-01-06 22:57:34 - render - INFO - Frame 29 obtenido del caché
2026-01-06 22:57:34 - render - INFO - Frame 45 obtenido del caché
2026-01-06 22:57:34 - render - INFO - Frame 55 obtenido del caché
2026-01-06 22:57:34 - render - INFO - Frame 33 obtenido del caché
2026-01-06 22:57:34 - render - INFO - Frame 57 obtenido del caché
2026-01-06 22:57:34 - render - INFO - Frame 37 obtenido del caché
2026-01-06 22:57:34 - render - INFO - Frame 53 obtenido del caché
2026-01-06 22:57:34 - render - INFO - Frame 47 obtenido del caché
2026-01-06 22:57:34 - render - INFO - Frame 43 obtenido del caché
2026-01-06 22:57:34 - render - INFO - Frame 49 obtenido del caché
2026-01-06 22:57:34 - render - INFO - Frame 35 obtenido del caché
2026-01-06 22:57:34 - render - INFO - Frame 41 obtenido del caché
2026-01-06 22:57:34 - render - INFO - Frame 39 obtenido del caché
2026-01-06 22:57:34 - render - INFO - Frame 51 obtenido del caché
2026-01-06 22:57:34 - render - INFO - Frame 59 obtenido del caché
2026-01-06 22:57:34 - render - INFO - Frame 61 obtenido del caché
2026-01-06 22:57:34 - render - INFO - Frame 65 obtenido del caché
2026-01-06 22:57:34 - render - INFO - Frame 69 obtenido del caché
2026-01-06 22:57:34 - render - INFO - Frame 71 obtenido del caché
2026-01-06 22:57:34 - render - INFO - Frame 67 obtenido del caché
2026-01-06 22:57:34 - render - INFO - Frame 73 obtenido del caché
2026-01-06 22:57:34 - render - INFO - Frame 75 obtenido del caché
2026-01-06 22:57:34 - render - INFO - Frame 77 obtenido del caché
2026-01-06 22:57:34 - render - INFO - Frame 79 obtenido del caché
2026-01-06 22:57:34 - render - INFO - Frame 81 obtenido del caché
2026-01-06 22:57:34 - render - INFO - Frame 89 obtenido del caché
2026-01-06 22:57:34 - render - INFO - Frame 99 obtenido del caché
2026-01-06 22:57:34 - render - INFO - Frame 85 obtenido del caché
2026-01-06 22:57:34 - render - INFO - Frame 83 obtenido del caché
2026-01-06 22:57:34 - render - INFO - Frame 93 obtenido del caché
2026-01-06 22:57:34 - render - INFO - Frame 95 obtenido del caché
2026-01-06 22:57:34 - render - INFO - Frame 91 obtenido del caché
2026-01-06 22:57:34 - render - INFO - Frame 87 obtenido del caché
2026-01-06 22:57:34 - render - INFO - Frame 97 obtenido del caché
2026-01-06 22:57:34 - render - INFO - Frame 92 obtenido del caché
2026-01-06 22:57:34 - render - INFO - Frame 64 obtenido del caché
2026-01-06 22:57:34 - render - INFO - Frame 94 obtenido del caché
2026-01-06 22:57:34 - render - INFO - Frame 68 obtenido del caché
2026-01-06 22:57:34 - render - INFO - Frame 88 obtenido del caché
2026-01-06 22:57:34 - render - INFO - Frame 74 obtenido del caché
2026-01-06 22:57:34 - render - INFO - Frame 90 obtenido del caché
2026-01-06 22:57:34 - render - INFO - Frame 98 obtenido del caché
2026-01-06 22:57:34 - render - INFO - Frame 80 obtenido del caché
2026-01-06 22:57:34 - render - INFO - Frame 82 obtenido del caché
2026-01-06 22:57:34 - render - INFO - Frame 0 obtenido del caché
2026-01-06 22:57:34 - render - INFO - Frame 6 obtenido del caché
2026-01-06 22:57:34 - render - INFO - Frame 4 obtenido del caché
2026-01-06 22:57:34 - render - INFO - Frame 2 obtenido del caché
2026-01-06 22:57:34 - render - INFO - Frame 12 obtenido del caché
2026-01-06 22:57:34 - render - INFO - Frame 10 obtenido del caché
2026-01-06 22:57:34 - render - INFO - Frame 16 obtenido del caché
2026-01-06 22:57:34 - render - INFO - Frame 18 obtenido del caché
2026-01-06 22:57:34 - render - INFO - Frame 8 obtenido del caché
2026-01-06 22:57:34 - render - INFO - Frame 20 obtenido del caché
2026-01-06 22:57:34 - render - INFO - Frame 22 obtenido del caché
2026-01-06 22:57:34 - render - INFO - Frame 14 obtenido del caché
2026-01-06 22:57:34 - render - INFO - Frame 32 obtenido del caché
2026-01-06 22:57:34 - render - INFO - Frame 36 obtenido del caché
2026-01-06 22:57:34 - render - INFO - Frame 26 obtenido del caché
2026-01-06 22:57:34 - render - INFO - Frame 30 obtenido del caché
2026-01-06 22:57:34 - render - INFO - Frame 48 obtenido del caché
2026-01-06 22:57:34 - render - INFO - Frame 58 obtenido del caché
2026-01-06 22:57:34 - render - INFO - Frame 24 obtenido del caché
2026-01-06 22:57:34 - render - INFO - Frame 56 obtenido del caché
2026-01-06 22:57:34 - render - INFO - Frame 28 obtenido del caché
2026-01-06 22:57:34 - render - INFO - Frame 38 obtenido del caché
2026-01-06 22:57:34 - render - INFO - Frame 34 obtenido del caché
2026-01-06 22:57:34 - render - INFO - Frame 52 obtenido del caché
2026-01-06 22:57:34 - render - INFO - Frame 44 obtenido del caché
2026-01-06 22:57:34 - render - INFO - Frame 62 obtenido del caché
2026-01-06 22:57:34 - render - INFO - Frame 40 obtenido del caché
2026-01-06 22:57:34 - render - INFO - Frame 54 obtenido del caché
2026-01-06 22:57:34 - render - INFO - Frame 42 obtenido del caché
2026-01-06 22:57:34 - render - INFO - Frame 50 obtenido del caché
2026-01-06 22:57:34 - render - INFO - Frame 60 obtenido del caché
2026-01-06 22:57:34 - render - INFO - Frame 46 obtenido del caché
2026-01-06 22:57:35 - render - INFO - Frame 76 obtenido del caché
2026-01-06 22:57:35 - render - INFO - Frame 72 obtenido del caché
2026-01-06 22:57:35 - render - INFO - Frame 86 obtenido del caché
2026-01-06 22:57:35 - render - INFO - Frame 66 obtenido del caché
2026-01-06 22:57:35 - render - INFO - Frame 70 obtenido del caché
2026-01-06 22:57:35 - render - INFO - Frame 78 obtenido del caché
2026-01-06 22:57:35 - render - INFO - Frame 84 obtenido del caché
2026-01-06 22:57:35 - render - INFO - Frame 96 obtenido del caché
2026-01-06 23:01:24 - render - INFO - Iniciando frame 1 (1920x1080, 150 iter) - Modo: Optimizado
2026-01-06 23:01:24 - render - INFO - Iniciando frame 0 (1920x1080, 150 iter) - Modo: Optimizado
2026-01-06 23:01:24 - render - INFO - Iniciando frame 9 (1920x1080, 150 iter) - Modo: Optimizado
2026-01-06 23:01:24 - render - INFO - Iniciando frame 4 (1920x1080, 150 iter) - Modo: Optimizado
2026-01-06 23:01:24 - render - INFO - Iniciando frame 5 (1920x1080, 150 iter) - Modo: Optimizado
2026-01-06 23:01:24 - render - INFO - Iniciando frame 3 (1920x1080, 150 iter) - Modo: Optimizado
2026-01-06 23:01:24 - render - INFO - Iniciando frame 11 (1920x1080, 150 iter) - Modo: Optimizado
2026-01-06 23:01:24 - render - INFO - Iniciando frame 38 (1920x1080, 150 iter) - Modo: Optimizado
2026-01-06 23:01:24 - render - INFO - Iniciando frame 6 (1920x1080, 150 iter) - Modo: Optimizado
2026-01-06 23:01:24 - render - INFO - Iniciando frame 2 (1920x1080, 150 iter) - Modo: Optimizado
2026-01-06 23:01:24 - render - INFO - Iniciando frame 7 (1920x1080, 150 iter) - Modo: Optimizado
2026-01-06 23:01:24 - render - INFO - Iniciando frame 41 (1920x1080, 150 iter) - Modo: Optimizado
2026-01-06 23:01:24 - render - INFO - Iniciando frame 46 (1920x1080, 150 iter) - Modo: Optimizado
2026-01-06 23:01:24 - render - INFO - Iniciando frame 15 (1920x1080, 150 iter) - Modo: Optimizado
2026-01-06 23:01:24 - render - INFO - Iniciando frame 35 (1920x1080, 150 iter) - Modo: Optimizado
2026-01-06 23:01:24 - render - INFO - Iniciando frame 40 (1920x1080, 150 iter) - Modo: Optimizado
2026-01-06 23:01:24 - render - INFO - Iniciando frame 39 (1920x1080, 150 iter) - Modo: Optimizado
2026-01-06 23:01:24 - render - INFO - Iniciando frame 20 (1920x1080, 150 iter) - Modo: Optimizado
2026-01-06 23:01:24 - render - INFO - Iniciando frame 19 (1920x1080, 150 iter) - Modo: Optimizado
2026-01-06 23:01:24 - render - INFO - Iniciando frame 10 (1920x1080, 150 iter) - Modo: Optimizado
2026-01-06 23:01:24 - render - INFO - Iniciando frame 21 (1920x1080, 150 iter) - Modo: Optimizado
2026-01-06 23:01:24 - render - INFO - Iniciando frame 25 (1920x1080, 150 iter) - Modo: Optimizado
2026-01-06 23:01:24 - render - INFO - Iniciando frame 22 (1920x1080, 150 iter) - Modo: Optimizado
2026-01-06 23:01:24 - render - INFO - Iniciando frame 29 (1920x1080, 150 iter) - Modo: Optimizado
2026-01-06 23:01:24 - render - INFO - Iniciando frame 31 (1920x1080, 150 iter) - Modo: Optimizado
2026-01-06 23:01:24 - render - INFO - Iniciando frame 27 (1920x1080, 150 iter) - Modo: Optimizado
2026-01-06 23:01:24 - render - INFO - Iniciando frame 13 (1920x1080, 150 iter) - Modo: Optimizado
2026-01-06 23:01:24 - render - INFO - Iniciando frame 14 (1920x1080, 150 iter) - Modo: Optimizado
2026-01-06 23:01:24 - render - INFO - Iniciando frame 16 (1920x1080, 150 iter) - Modo: Optimizado
2026-01-06 23:01:24 - render - INFO - Iniciando frame 18 (1920x1080, 150 iter) - Modo: Optimizado
2026-01-06 23:01:24 - render - INFO - Iniciando frame 17 (1920x1080, 150 iter) - Modo: Optimizado
2026-01-06 23:01:24 - render - INFO - Iniciando frame 8 (1920x1080, 150 iter) - Modo: Optimizado
2026-01-06 23:01:24 - render - INFO - Iniciando frame 30 (1920x1080, 150 iter) - Modo: Optimizado
2026-01-06 23:01:24 - render - INFO - Iniciando frame 26 (1920x1080, 150 iter) - Modo: Optimizado
2026-01-06 23:01:24 - render - INFO - Iniciando frame 23 (1920x1080, 150 iter) - Modo: Optimizado
2026-01-06 23:01:24 - render - INFO - Iniciando frame 33 (1920x1080, 150 iter) - Modo: Optimizado
2026-01-06 23:01:24 - render - INFO - Iniciando frame 49 (1920x1080, 150 iter) - Modo: Optimizado
2026-01-06 23:01:24 - render - INFO - Iniciando frame 24 (1920x1080, 150 iter) - Modo: Optimizado
2026-01-06 23:01:24 - render - INFO - Iniciando frame 51 (1920x1080, 150 iter) - Modo: Optimizado
2026-01-06 23:01:24 - render - INFO - Iniciando frame 34 (1920x1080, 150 iter) - Modo: Optimizado
2026-01-06 23:01:24 - render - INFO - Iniciando frame 37 (1920x1080, 150 iter) - Modo: Optimizado
2026-01-06 23:01:24 - render - INFO - Iniciando frame 36 (1920x1080, 150 iter) - Modo: Optimizado
2026-01-06 23:01:24 - render - INFO - Iniciando frame 32 (1920x1080, 150 iter) - Modo: Optimizado
2026-01-06 23:01:24 - render - INFO - Iniciando frame 28 (1920x1080, 150 iter) - Modo: Optimizado
2026-01-06 23:01:24 - render - INFO - Iniciando frame 43 (1920x1080, 150 iter) - Modo: Optimizado
2026-01-06 23:01:24 - render - INFO - Iniciando frame 45 (1920x1080, 150 iter) - Modo: Optimizado
2026-01-06 23:01:24 - render - INFO - Iniciando frame 47 (1920x1080, 150 iter) - Modo: Optimizado
2026-01-06 23:01:24 - render - INFO - Iniciando frame 53 (1920x1080, 150 iter) - Modo: Optimizado
2026-01-06 23:01:24 - render - INFO - Iniciando frame 44 (1920x1080, 150 iter) - Modo: Optimizado
2026-01-06 23:01:24 - render - INFO - Iniciando frame 57 (1920x1080, 150 iter) - Modo: Optimizado
2026-01-06 23:01:24 - render - INFO - Iniciando frame 55 (1920x1080, 150 iter) - Modo: Optimizado
2026-01-06 23:01:24 - render - INFO - Iniciando frame 42 (1920x1080, 150 iter) - Modo: Optimizado
2026-01-06 23:01:24 - render - INFO - Iniciando frame 61 (1920x1080, 150 iter) - Modo: Optimizado
2026-01-06 23:01:24 - render - INFO - Iniciando frame 48 (1920x1080, 150 iter) - Modo: Optimizado
2026-01-06 23:01:24 - render - INFO - Iniciando frame 63 (1920x1080, 150 iter) - Modo: Optimizado
2026-01-06 23:01:24 - render - INFO - Iniciando frame 58 (1920x1080, 150 iter) - Modo: Optimizado
2026-01-06 23:01:24 - render - INFO - Iniciando frame 59 (1920x1080, 150 iter) - Modo: Optimizado
2026-01-06 23:01:24 - render - INFO - Iniciando frame 60 (1920x1080, 150 iter) - Modo: Optimizado
2026-01-06 23:01:24 - render - INFO - Iniciando frame 62 (1920x1080, 150 iter) - Modo: Optimizado
2026-01-06 23:01:24 - render - INFO - Iniciando frame 54 (1920x1080, 150 iter) - Modo: Optimizado
2026-01-06 23:01:24 - render - INFO - Iniciando frame 56 (1920x1080, 150 iter) - Modo: Optimizado
2026-01-06 23:01:24 - render - INFO - Iniciando frame 50 (1920x1080, 150 iter) - Modo: Optimizado
2026-01-06 23:01:24 - render - INFO - Iniciando frame 52 (1920x1080, 150 iter) - Modo: Optimizado
2026-01-06 23:01:35 - render - INFO - Frame 52 completado en 11.13s (635.7 KB)
2026-01-06 23:01:35 - render - INFO - Iniciando frame 64 (1920x1080, 150 iter) - Modo: Optimizado
2026-01-06 23:01:36 - render - INFO - Frame 16 completado en 12.23s (271.9 KB)
2026-01-06 23:01:36 - render - INFO - Iniciando frame 66 (1920x1080, 150 iter) - Modo: Optimizado
2026-01-06 23:01:37 - render - INFO - Frame 30 completado en 12.57s (396.6 KB)
2026-01-06 23:01:37 - render - INFO - Iniciando frame 68 (1920x1080, 150 iter) - Modo: Optimizado
2026-01-06 23:01:37 - render - INFO - Frame 20 completado en 12.74s (278.0 KB)
2026-01-06 23:01:37 - render - INFO - Iniciando frame 70 (1920x1080, 150 iter) - Modo: Optimizado
2026-01-06 23:01:37 - render - INFO - Frame 4 completado en 13.20s (389.4 KB)
2026-01-06 23:01:37 - render - INFO - Frame 27 completado en 13.15s (344.1 KB)
2026-01-06 23:01:37 - render - INFO - Iniciando frame 65 (1920x1080, 150 iter) - Modo: Optimizado
2026-01-06 23:01:37 - render - INFO - Iniciando frame 72 (1920x1080, 150 iter) - Modo: Optimizado
2026-01-06 23:01:38 - render - INFO - Frame 2 completado en 13.77s (332.2 KB)
2026-01-06 23:01:38 - render - INFO - Iniciando frame 74 (1920x1080, 150 iter) - Modo: Optimizado
2026-01-06 23:01:39 - render - INFO - Frame 34 completado en 15.08s (450.7 KB)
2026-01-06 23:01:39 - render - INFO - Iniciando frame 76 (1920x1080, 150 iter) - Modo: Optimizado
2026-01-06 23:01:39 - render - INFO - Frame 28 completado en 15.12s (357.4 KB)
2026-01-06 23:01:39 - render - INFO - Iniciando frame 78 (1920x1080, 150 iter) - Modo: Optimizado
2026-01-06 23:01:40 - render - INFO - Frame 42 completado en 15.43s (373.8 KB)
2026-01-06 23:01:40 - render - INFO - Frame 46 completado en 15.50s (465.7 KB)
2026-01-06 23:01:40 - render - INFO - Frame 36 completado en 15.49s (440.2 KB)
2026-01-06 23:01:40 - render - INFO - Frame 50 completado en 15.52s (569.2 KB)
2026-01-06 23:01:40 - render - INFO - Frame 38 completado en 15.59s (408.8 KB)
2026-01-06 23:01:40 - render - INFO - Frame 32 completado en 15.58s (423.0 KB)
2026-01-06 23:01:40 - render - INFO - Iniciando frame 80 (1920x1080, 150 iter) - Modo: Optimizado
2026-01-06 23:01:40 - render - INFO - Frame 40 completado en 15.65s (356.8 KB)
2026-01-06 23:01:40 - render - INFO - Iniciando frame 84 (1920x1080, 150 iter) - Modo: Optimizado
2026-01-06 23:01:40 - render - INFO - Iniciando frame 82 (1920x1080, 150 iter) - Modo: Optimizado
2026-01-06 23:01:40 - render - INFO - Frame 14 completado en 15.72s (253.9 KB)
2026-01-06 23:01:40 - render - INFO - Frame 54 completado en 15.73s (707.9 KB)
2026-01-06 23:01:40 - render - INFO - Frame 44 completado en 15.76s (401.8 KB)
2026-01-06 23:01:40 - render - INFO - Iniciando frame 90 (1920x1080, 150 iter) - Modo: Optimizado
2026-01-06 23:01:40 - render - INFO - Iniciando frame 92 (1920x1080, 150 iter) - Modo: Optimizado
2026-01-06 23:01:40 - render - INFO - Iniciando frame 86 (1920x1080, 150 iter) - Modo: Optimizado
2026-01-06 23:01:40 - render - INFO - Iniciando frame 88 (1920x1080, 150 iter) - Modo: Optimizado
2026-01-06 23:01:40 - render - INFO - Frame 18 completado en 15.85s (273.6 KB)
2026-01-06 23:01:40 - render - INFO - Frame 6 completado en 15.86s (342.3 KB)
2026-01-06 23:01:40 - render - INFO - Frame 58 completado en 15.83s (745.0 KB)
2026-01-06 23:01:40 - render - INFO - Frame 22 completado en 15.93s (290.8 KB)
2026-01-06 23:01:40 - render - INFO - Frame 24 completado en 15.94s (305.8 KB)
2026-01-06 23:01:40 - render - INFO - Iniciando frame 94 (1920x1080, 150 iter) - Modo: Optimizado
2026-01-06 23:01:40 - render - INFO - Frame 8 completado en 16.00s (382.0 KB)
2026-01-06 23:01:40 - render - INFO - Frame 12 completado en 16.00s (314.8 KB)
2026-01-06 23:01:40 - render - INFO - Frame 10 completado en 16.02s (367.2 KB)
2026-01-06 23:01:40 - render - INFO - Frame 26 completado en 16.00s (336.1 KB)
2026-01-06 23:01:40 - render - INFO - Frame 48 completado en 16.01s (517.2 KB)
2026-01-06 23:01:40 - render - INFO - Frame 56 completado en 16.00s (756.0 KB)
2026-01-06 23:01:40 - render - INFO - Iniciando frame 96 (1920x1080, 150 iter) - Modo: Optimizado
2026-01-06 23:01:40 - render - INFO - Iniciando frame 98 (1920x1080, 150 iter) - Modo: Optimizado
2026-01-06 23:01:41 - render - INFO - Frame 62 completado en 16.67s (687.0 KB)
2026-01-06 23:01:41 - render - INFO - Frame 60 completado en 17.00s (719.7 KB)
2026-01-06 23:01:41 - render - INFO - Iniciando frame 83 (1920x1080, 150 iter) - Modo: Optimizado
2026-01-06 23:01:41 - render - INFO - Iniciando frame 77 (1920x1080, 150 iter) - Modo: Optimizado
2026-01-06 23:01:41 - render - INFO - Iniciando frame 67 (1920x1080, 150 iter) - Modo: Optimizado
2026-01-06 23:01:41 - render - INFO - Iniciando frame 87 (1920x1080, 150 iter) - Modo: Optimizado
2026-01-06 23:01:41 - render - INFO - Iniciando frame 79 (1920x1080, 150 iter) - Modo: Optimizado
2026-01-06 23:01:41 - render - INFO - Frame 0 completado en 17.16s (257.2 KB)
2026-01-06 23:01:42 - render - INFO - Iniciando frame 95 (1920x1080, 150 iter) - Modo: Optimizado
2026-01-06 23:01:42 - render - INFO - Iniciando frame 85 (1920x1080, 150 iter) - Modo: Optimizado
2026-01-06 23:01:42 - render - INFO - Iniciando frame 75 (1920x1080, 150 iter) - Modo: Optimizado
2026-01-06 23:01:42 - render - INFO - Iniciando frame 91 (1920x1080, 150 iter) - Modo: Optimizado
2026-01-06 23:01:42 - render - INFO - Iniciando frame 73 (1920x1080, 150 iter) - Modo: Optimizado
2026-01-06 23:01:44 - render - INFO - Iniciando frame 81 (1920x1080, 150 iter) - Modo: Optimizado
2026-01-06 23:01:45 - render - INFO - Frame 64 completado en 9.57s (650.4 KB)
2026-01-06 23:01:45 - render - INFO - Iniciando frame 97 (1920x1080, 150 iter) - Modo: Optimizado
2026-01-06 23:01:45 - render - INFO - Iniciando frame 89 (1920x1080, 150 iter) - Modo: Optimizado
2026-01-06 23:01:46 - render - INFO - Frame 68 completado en 9.61s (602.1 KB)
2026-01-06 23:01:47 - render - INFO - Iniciando frame 69 (1920x1080, 150 iter) - Modo: Optimizado
2026-01-06 23:01:48 - render - INFO - Frame 66 completado en 11.11s (594.8 KB)
2026-01-06 23:01:48 - render - INFO - Frame 70 completado en 11.26s (624.2 KB)
2026-01-06 23:01:49 - render - INFO - Frame 72 completado en 11.19s (667.9 KB)
2026-01-06 23:01:49 - render - INFO - Iniciando frame 93 (1920x1080, 150 iter) - Modo: Optimizado
2026-01-06 23:01:49 - render - INFO - Frame 74 completado en 10.96s (688.4 KB)
2026-01-06 23:01:50 - render - INFO - Frame 76 completado en 10.29s (695.8 KB)
2026-01-06 23:01:50 - render - INFO - Frame 78 completado en 10.20s (731.0 KB)
2026-01-06 23:01:50 - render - INFO - Frame 80 completado en 9.83s (808.7 KB)
2026-01-06 23:01:50 - render - INFO - Frame 82 completado en 9.92s (833.5 KB)
2026-01-06 23:01:50 - render - INFO - Iniciando frame 99 (1920x1080, 150 iter) - Modo: Optimizado
2026-01-06 23:01:50 - render - INFO - Iniciando frame 71 (1920x1080, 150 iter) - Modo: Optimizado
2026-01-06 23:01:50 - render - INFO - Frame 84 completado en 10.06s (832.8 KB)
2026-01-06 23:01:50 - render - INFO - Frame 90 completado en 9.98s (648.4 KB)
2026-01-06 23:01:51 - render - INFO - Frame 98 completado en 10.05s (477.2 KB)
2026-01-06 23:01:51 - render - INFO - Frame 92 completado en 10.48s (629.2 KB)
2026-01-06 23:01:51 - render - INFO - Frame 96 completado en 10.23s (519.6 KB)
2026-01-06 23:01:51 - render - INFO - Frame 86 completado en 10.62s (759.8 KB)
2026-01-06 23:01:51 - render - INFO - Frame 88 completado en 10.63s (678.1 KB)
2026-01-06 23:01:51 - render - INFO - Frame 94 completado en 11.06s (579.3 KB)
2026-01-06 23:01:52 - render - INFO - Frame 73 completado en 9.61s (677.2 KB)
2026-01-06 23:01:57 - render - INFO - Frame 79 completado en 15.62s (779.2 KB)
2026-01-06 23:01:57 - render - INFO - Frame 83 completado en 15.64s (863.7 KB)
2026-01-06 23:01:57 - render - INFO - Frame 75 completado en 14.88s (687.0 KB)
2026-01-06 23:01:57 - render - INFO - Frame 67 completado en 15.63s (584.5 KB)
2026-01-06 23:01:57 - render - INFO - Frame 87 completado en 15.63s (718.0 KB)
2026-01-06 23:01:57 - render - INFO - Frame 77 completado en 15.63s (706.0 KB)
2026-01-06 23:01:59 - render - INFO - Frame 95 completado en 17.04s (543.8 KB)
2026-01-06 23:01:59 - render - INFO - Frame 85 completado en 17.03s (797.2 KB)
2026-01-06 23:01:59 - render - INFO - Frame 91 completado en 17.03s (635.2 KB)
2026-01-06 23:01:59 - render - INFO - Frame 99 completado en 9.16s (468.2 KB)
2026-01-06 23:01:59 - render - INFO - Frame 69 completado en 12.18s (607.6 KB)
2026-01-06 23:01:59 - render - INFO - Frame 97 completado en 14.22s (503.2 KB)
2026-01-06 23:01:59 - render - INFO - Frame 93 completado en 10.24s (605.9 KB)
2026-01-06 23:01:59 - render - INFO - Frame 89 completado en 14.23s (655.5 KB)
2026-01-06 23:01:59 - render - INFO - Frame 71 completado en 9.18s (652.0 KB)
2026-01-06 23:01:59 - render - INFO - Frame 81 completado en 15.23s (817.6 KB)
2026-01-06 23:01:59 - render - INFO - Frame 19 completado en 35.22s (278.3 KB)
2026-01-06 23:01:59 - render - INFO - Frame 17 completado en 35.24s (269.1 KB)
2026-01-06 23:01:59 - render - INFO - Frame 13 completado en 35.23s (275.3 KB)
2026-01-06 23:01:59 - render - INFO - Frame 21 completado en 35.23s (285.9 KB)
2026-01-06 23:01:59 - render - INFO - Frame 23 completado en 35.24s (302.1 KB)
2026-01-06 23:01:59 - render - INFO - Frame 15 completado en 35.26s (263.7 KB)
2026-01-06 23:01:59 - render - INFO - Frame 25 completado en 35.25s (317.4 KB)
2026-01-06 23:01:59 - render - INFO - Frame 65 completado en 22.03s (629.5 KB)
2026-01-06 23:01:59 - render - INFO - Frame 41 completado en 35.42s (355.7 KB)
2026-01-06 23:02:00 - render - INFO - Frame 9 completado en 35.43s (382.3 KB)
2026-01-06 23:02:00 - render - INFO - Frame 5 completado en 35.45s (342.1 KB)
2026-01-06 23:02:00 - render - INFO - Frame 29 completado en 35.44s (380.6 KB)
2026-01-06 23:02:00 - render - INFO - Frame 11 completado en 35.46s (356.6 KB)
2026-01-06 23:02:00 - render - INFO - Frame 7 completado en 35.47s (360.9 KB)
2026-01-06 23:02:00 - render - INFO - Frame 1 completado en 35.51s (292.8 KB)
2026-01-06 23:02:00 - render - INFO - Frame 47 completado en 35.42s (505.0 KB)
2026-01-06 23:02:00 - render - INFO - Frame 43 completado en 35.42s (389.8 KB)
2026-01-06 23:02:00 - render - INFO - Frame 3 completado en 35.49s (366.2 KB)
2026-01-06 23:02:00 - render - INFO - Frame 39 completado en 35.46s (381.4 KB)
2026-01-06 23:02:00 - render - INFO - Frame 49 completado en 35.45s (537.4 KB)
2026-01-06 23:02:00 - render - INFO - Frame 31 completado en 35.49s (408.7 KB)
2026-01-06 23:02:00 - render - INFO - Frame 33 completado en 35.49s (441.9 KB)
2026-01-06 23:02:00 - render - INFO - Frame 35 completado en 35.47s (446.7 KB)
2026-01-06 23:02:00 - render - INFO - Frame 37 completado en 35.49s (425.4 KB)
2026-01-06 23:02:00 - render - INFO - Frame 45 completado en 35.47s (433.9 KB)
2026-01-06 23:02:00 - render - INFO - Frame 51 completado en 35.51s (597.4 KB)
2026-01-06 23:02:00 - render - INFO - Frame 61 completado en 35.51s (697.1 KB)
2026-01-06 23:02:00 - render - INFO - Frame 53 completado en 35.51s (677.7 KB)
2026-01-06 23:02:00 - render - INFO - Frame 59 completado en 35.50s (729.7 KB)
2026-01-06 23:02:00 - render - INFO - Frame 63 completado en 35.51s (672.1 KB)
2026-01-06 23:02:00 - render - INFO - Frame 55 completado en 35.54s (737.8 KB)
2026-01-06 23:02:00 - render - INFO - Frame 57 completado en 35.55s (759.2 KB)
2026-01-06 23:06:59 - render - INFO - Frame 1 obtenido del caché
2026-01-06 23:06:59 - render - INFO - Frame 0 obtenido del caché
2026-01-06 23:06:59 - render - INFO - Frame 5 obtenido del caché
2026-01-06 23:06:59 - render - INFO - Frame 7 obtenido del caché
2026-01-06 23:06:59 - render - INFO - Frame 3 obtenido del caché
2026-01-06 23:06:59 - render - INFO - Frame 9 obtenido del caché
2026-01-06 23:06:59 - render - INFO - Frame 11 obtenido del caché
2026-01-06 23:06:59 - render - INFO - Frame 23 obtenido del caché
2026-01-06 23:06:59 - render - INFO - Frame 35 obtenido del caché
2026-01-06 23:06:59 - render - INFO - Frame 25 obtenido del caché
2026-01-06 23:06:59 - render - INFO - Frame 27 obtenido del caché
2026-01-06 23:06:59 - render - INFO - Frame 13 obtenido del caché
2026-01-06 23:06:59 - render - INFO - Frame 43 obtenido del caché
2026-01-06 23:06:59 - render - INFO - Frame 57 obtenido del caché
2026-01-06 23:06:59 - render - INFO - Frame 59 obtenido del caché
2026-01-06 23:06:59 - render - INFO - Frame 47 obtenido del caché
2026-01-06 23:06:59 - render - INFO - Frame 29 obtenido del caché
2026-01-06 23:06:59 - render - INFO - Frame 14 obtenido del caché
2026-01-06 23:06:59 - render - INFO - Frame 33 obtenido del caché
2026-01-06 23:06:59 - render - INFO - Frame 41 obtenido del caché
2026-01-06 23:06:59 - render - INFO - Frame 45 obtenido del caché
2026-01-06 23:06:59 - render - INFO - Frame 21 obtenido del caché
2026-01-06 23:06:59 - render - INFO - Frame 31 obtenido del caché
2026-01-06 23:06:59 - render - INFO - Frame 49 obtenido del caché
2026-01-06 23:06:59 - render - INFO - Frame 15 obtenido del caché
2026-01-06 23:06:59 - render - INFO - Frame 51 obtenido del caché
2026-01-06 23:06:59 - render - INFO - Frame 39 obtenido del caché
2026-01-06 23:06:59 - render - INFO - Frame 4 obtenido del caché
2026-01-06 23:06:59 - render - INFO - Frame 17 obtenido del caché
2026-01-06 23:06:59 - render - INFO - Frame 53 obtenido del caché
2026-01-06 23:06:59 - render - INFO - Frame 2 obtenido del caché
2026-01-06 23:06:59 - render - INFO - Frame 19 obtenido del caché
2026-01-06 23:06:59 - render - INFO - Frame 61 obtenido del caché
2026-01-06 23:06:59 - render - INFO - Frame 37 obtenido del caché
2026-01-06 23:06:59 - render - INFO - Frame 55 obtenido del caché
2026-01-06 23:06:59 - render - INFO - Frame 6 obtenido del caché
2026-01-06 23:06:59 - render - INFO - Frame 63 obtenido del caché
2026-01-06 23:06:59 - render - INFO - Frame 10 obtenido del caché
2026-01-06 23:06:59 - render - INFO - Frame 8 obtenido del caché
2026-01-06 23:06:59 - render - INFO - Frame 12 obtenido del caché
2026-01-06 23:06:59 - render - INFO - Frame 26 obtenido del caché
2026-01-06 23:06:59 - render - INFO - Frame 50 obtenido del caché
2026-01-06 23:06:59 - render - INFO - Frame 20 obtenido del caché
2026-01-06 23:06:59 - render - INFO - Frame 16 obtenido del caché
2026-01-06 23:06:59 - render - INFO - Frame 65 obtenido del caché
2026-01-06 23:06:59 - render - INFO - Frame 48 obtenido del caché
2026-01-06 23:06:59 - render - INFO - Frame 32 obtenido del caché
2026-01-06 23:06:59 - render - INFO - Frame 40 obtenido del caché
2026-01-06 23:06:59 - render - INFO - Frame 69 obtenido del caché
2026-01-06 23:06:59 - render - INFO - Frame 18 obtenido del caché
2026-01-06 23:06:59 - render - INFO - Frame 36 obtenido del caché
2026-01-06 23:06:59 - render - INFO - Frame 67 obtenido del caché
2026-01-06 23:06:59 - render - INFO - Frame 28 obtenido del caché
2026-01-06 23:06:59 - render - INFO - Frame 46 obtenido del caché
2026-01-06 23:06:59 - render - INFO - Frame 52 obtenido del caché
2026-01-06 23:06:59 - render - INFO - Frame 42 obtenido del caché
2026-01-06 23:06:59 - render - INFO - Frame 38 obtenido del caché
2026-01-06 23:06:59 - render - INFO - Frame 34 obtenido del caché
2026-01-06 23:06:59 - render - INFO - Frame 24 obtenido del caché
2026-01-06 23:06:59 - render - INFO - Frame 44 obtenido del caché
2026-01-06 23:06:59 - render - INFO - Frame 30 obtenido del caché
2026-01-06 23:07:00 - render - INFO - Frame 71 obtenido del caché
2026-01-06 23:06:59 - render - INFO - Frame 22 obtenido del caché
2026-01-06 23:07:00 - render - INFO - Frame 75 obtenido del caché
2026-01-06 23:06:59 - render - INFO - Frame 62 obtenido del caché
2026-01-06 23:07:00 - render - INFO - Frame 73 obtenido del caché
2026-01-06 23:06:59 - render - INFO - Frame 54 obtenido del caché
2026-01-06 23:06:59 - render - INFO - Frame 56 obtenido del caché
2026-01-06 23:06:59 - render - INFO - Frame 60 obtenido del caché
2026-01-06 23:06:59 - render - INFO - Frame 58 obtenido del caché
2026-01-06 23:07:00 - render - INFO - Frame 77 obtenido del caché
2026-01-06 23:07:00 - render - INFO - Frame 79 obtenido del caché
2026-01-06 23:07:00 - render - INFO - Frame 83 obtenido del caché
2026-01-06 23:07:00 - render - INFO - Frame 95 obtenido del caché
2026-01-06 23:07:00 - render - INFO - Frame 81 obtenido del caché
2026-01-06 23:07:00 - render - INFO - Frame 93 obtenido del caché
2026-01-06 23:07:00 - render - INFO - Frame 89 obtenido del caché
2026-01-06 23:07:00 - render - INFO - Frame 91 obtenido del caché
2026-01-06 23:07:00 - render - INFO - Frame 87 obtenido del caché
2026-01-06 23:07:00 - render - INFO - Frame 85 obtenido del caché
2026-01-06 23:07:00 - render - INFO - Frame 66 obtenido del caché
2026-01-06 23:07:00 - render - INFO - Frame 64 obtenido del caché
2026-01-06 23:07:00 - render - INFO - Frame 74 obtenido del caché
2026-01-06 23:07:00 - render - INFO - Frame 70 obtenido del caché
2026-01-06 23:07:00 - render - INFO - Frame 99 obtenido del caché
2026-01-06 23:07:00 - render - INFO - Frame 72 obtenido del caché
2026-01-06 23:07:00 - render - INFO - Frame 82 obtenido del caché
2026-01-06 23:07:00 - render - INFO - Frame 80 obtenido del caché
2026-01-06 23:07:00 - render - INFO - Frame 68 obtenido del caché
2026-01-06 23:07:00 - render - INFO - Frame 97 obtenido del caché
2026-01-06 23:07:00 - render - INFO - Frame 90 obtenido del caché
2026-01-06 23:07:00 - render - INFO - Frame 96 obtenido del caché
2026-01-06 23:07:00 - render - INFO - Frame 78 obtenido del caché
2026-01-06 23:07:00 - render - INFO - Frame 94 obtenido del caché
2026-01-06 23:07:00 - render - INFO - Frame 86 obtenido del caché
2026-01-06 23:07:00 - render - INFO - Frame 98 obtenido del caché
2026-01-06 23:07:00 - render - INFO - Frame 76 obtenido del caché
2026-01-06 23:07:00 - render - INFO - Frame 92 obtenido del caché
2026-01-06 23:07:00 - render - INFO - Frame 88 obtenido del caché
2026-01-06 23:07:00 - render - INFO - Frame 84 obtenido del caché
2026-01-06 23:07:40 - render - INFO - Iniciando frame 1 (1920x1080, 150 iter) - Modo: Optimizado
2026-01-06 23:07:40 - render - INFO - Iniciando frame 0 (1920x1080, 150 iter) - Modo: Optimizado
2026-01-06 23:07:40 - render - INFO - Iniciando frame 10 (1920x1080, 150 iter) - Modo: Optimizado
2026-01-06 23:07:40 - render - INFO - Iniciando frame 21 (1920x1080, 150 iter) - Modo: Optimizado
2026-01-06 23:07:40 - render - INFO - Iniciando frame 12 (1920x1080, 150 iter) - Modo: Optimizado
2026-01-06 23:07:40 - render - INFO - Iniciando frame 16 (1920x1080, 150 iter) - Modo: Optimizado
2026-01-06 23:07:40 - render - INFO - Iniciando frame 2 (1920x1080, 150 iter) - Modo: Optimizado
2026-01-06 23:07:40 - render - INFO - Iniciando frame 14 (1920x1080, 150 iter) - Modo: Optimizado
2026-01-06 23:07:40 - render - INFO - Iniciando frame 22 (1920x1080, 150 iter) - Modo: Optimizado
2026-01-06 23:07:40 - render - INFO - Iniciando frame 18 (1920x1080, 150 iter) - Modo: Optimizado
2026-01-06 23:07:40 - render - INFO - Iniciando frame 4 (1920x1080, 150 iter) - Modo: Optimizado
2026-01-06 23:07:40 - render - INFO - Iniciando frame 20 (1920x1080, 150 iter) - Modo: Optimizado
2026-01-06 23:07:40 - render - INFO - Iniciando frame 23 (1920x1080, 150 iter) - Modo: Optimizado
2026-01-06 23:07:40 - render - INFO - Iniciando frame 7 (1920x1080, 150 iter) - Modo: Optimizado
2026-01-06 23:07:40 - render - INFO - Iniciando frame 11 (1920x1080, 150 iter) - Modo: Optimizado
2026-01-06 23:07:40 - render - INFO - Iniciando frame 3 (1920x1080, 150 iter) - Modo: Optimizado
2026-01-06 23:07:40 - render - INFO - Iniciando frame 30 (1920x1080, 150 iter) - Modo: Optimizado
2026-01-06 23:07:40 - render - INFO - Iniciando frame 5 (1920x1080, 150 iter) - Modo: Optimizado
2026-01-06 23:07:40 - render - INFO - Iniciando frame 9 (1920x1080, 150 iter) - Modo: Optimizado
2026-01-06 23:07:40 - render - INFO - Iniciando frame 19 (1920x1080, 150 iter) - Modo: Optimizado
2026-01-06 23:07:40 - render - INFO - Iniciando frame 38 (1920x1080, 150 iter) - Modo: Optimizado
2026-01-06 23:07:40 - render - INFO - Iniciando frame 42 (1920x1080, 150 iter) - Modo: Optimizado
2026-01-06 23:07:40 - render - INFO - Iniciando frame 17 (1920x1080, 150 iter) - Modo: Optimizado
2026-01-06 23:07:40 - render - INFO - Iniciando frame 36 (1920x1080, 150 iter) - Modo: Optimizado
2026-01-06 23:07:40 - render - INFO - Iniciando frame 15 (1920x1080, 150 iter) - Modo: Optimizado
2026-01-06 23:07:40 - render - INFO - Iniciando frame 8 (1920x1080, 150 iter) - Modo: Optimizado
2026-01-06 23:07:40 - render - INFO - Iniciando frame 13 (1920x1080, 150 iter) - Modo: Optimizado
2026-01-06 23:07:40 - render - INFO - Iniciando frame 25 (1920x1080, 150 iter) - Modo: Optimizado
2026-01-06 23:07:40 - render - INFO - Iniciando frame 63 (1920x1080, 150 iter) - Modo: Optimizado
2026-01-06 23:07:40 - render - INFO - Iniciando frame 62 (1920x1080, 150 iter) - Modo: Optimizado
2026-01-06 23:07:40 - render - INFO - Iniciando frame 26 (1920x1080, 150 iter) - Modo: Optimizado
2026-01-06 23:07:40 - render - INFO - Iniciando frame 6 (1920x1080, 150 iter) - Modo: Optimizado
2026-01-06 23:07:40 - render - INFO - Iniciando frame 31 (1920x1080, 150 iter) - Modo: Optimizado
2026-01-06 23:07:40 - render - INFO - Iniciando frame 37 (1920x1080, 150 iter) - Modo: Optimizado
2026-01-06 23:07:40 - render - INFO - Iniciando frame 40 (1920x1080, 150 iter) - Modo: Optimizado
2026-01-06 23:07:40 - render - INFO - Iniciando frame 39 (1920x1080, 150 iter) - Modo: Optimizado
2026-01-06 23:07:40 - render - INFO - Iniciando frame 44 (1920x1080, 150 iter) - Modo: Optimizado
2026-01-06 23:07:40 - render - INFO - Iniciando frame 43 (1920x1080, 150 iter) - Modo: Optimizado
2026-01-06 23:07:40 - render - INFO - Iniciando frame 48 (1920x1080, 150 iter) - Modo: Optimizado
2026-01-06 23:07:40 - render - INFO - Iniciando frame 45 (1920x1080, 150 iter) - Modo: Optimizado
2026-01-06 23:07:40 - render - INFO - Iniciando frame 50 (1920x1080, 150 iter) - Modo: Optimizado
2026-01-06 23:07:40 - render - INFO - Iniciando frame 52 (1920x1080, 150 iter) - Modo: Optimizado
2026-01-06 23:07:40 - render - INFO - Iniciando frame 47 (1920x1080, 150 iter) - Modo: Optimizado
2026-01-06 23:07:40 - render - INFO - Iniciando frame 54 (1920x1080, 150 iter) - Modo: Optimizado
2026-01-06 23:07:40 - render - INFO - Iniciando frame 58 (1920x1080, 150 iter) - Modo: Optimizado
2026-01-06 23:07:40 - render - INFO - Iniciando frame 49 (1920x1080, 150 iter) - Modo: Optimizado
2026-01-06 23:07:40 - render - INFO - Iniciando frame 56 (1920x1080, 150 iter) - Modo: Optimizado
2026-01-06 23:07:40 - render - INFO - Iniciando frame 24 (1920x1080, 150 iter) - Modo: Optimizado
2026-01-06 23:07:40 - render - INFO - Iniciando frame 32 (1920x1080, 150 iter) - Modo: Optimizado
2026-01-06 23:07:40 - render - INFO - Iniciando frame 51 (1920x1080, 150 iter) - Modo: Optimizado
2026-01-06 23:07:40 - render - INFO - Iniciando frame 53 (1920x1080, 150 iter) - Modo: Optimizado
2026-01-06 23:07:40 - render - INFO - Iniciando frame 55 (1920x1080, 150 iter) - Modo: Optimizado
2026-01-06 23:07:40 - render - INFO - Iniciando frame 34 (1920x1080, 150 iter) - Modo: Optimizado
2026-01-06 23:07:40 - render - INFO - Iniciando frame 28 (1920x1080, 150 iter) - Modo: Optimizado
2026-01-06 23:07:40 - render - INFO - Iniciando frame 57 (1920x1080, 150 iter) - Modo: Optimizado
2026-01-06 23:07:40 - render - INFO - Iniciando frame 60 (1920x1080, 150 iter) - Modo: Optimizado
2026-01-06 23:07:40 - render - INFO - Iniciando frame 46 (1920x1080, 150 iter) - Modo: Optimizado
2026-01-06 23:07:40 - render - INFO - Iniciando frame 59 (1920x1080, 150 iter) - Modo: Optimizado
2026-01-06 23:07:40 - render - INFO - Iniciando frame 61 (1920x1080, 150 iter) - Modo: Optimizado
2026-01-06 23:07:40 - render - INFO - Iniciando frame 33 (1920x1080, 150 iter) - Modo: Optimizado
2026-01-06 23:07:40 - render - INFO - Iniciando frame 35 (1920x1080, 150 iter) - Modo: Optimizado
2026-01-06 23:07:40 - render - INFO - Iniciando frame 27 (1920x1080, 150 iter) - Modo: Optimizado
2026-01-06 23:07:40 - render - INFO - Iniciando frame 29 (1920x1080, 150 iter) - Modo: Optimizado
2026-01-06 23:07:50 - render - INFO - Frame 38 completado en 9.92s (408.8 KB)
2026-01-06 23:07:50 - render - INFO - Iniciando frame 64 (1920x1080, 150 iter) - Modo: Optimizado
2026-01-06 23:07:51 - render - INFO - Frame 49 completado en 11.20s (537.4 KB)
2026-01-06 23:07:52 - render - INFO - Iniciando frame 65 (1920x1080, 150 iter) - Modo: Optimizado
2026-01-06 23:07:52 - render - INFO - Frame 17 completado en 12.07s (269.1 KB)
2026-01-06 23:07:52 - render - INFO - Iniciando frame 67 (1920x1080, 150 iter) - Modo: Optimizado
2026-01-06 23:07:53 - render - INFO - Frame 31 completado en 12.90s (408.7 KB)
2026-01-06 23:07:53 - render - INFO - Iniciando frame 69 (1920x1080, 150 iter) - Modo: Optimizado
2026-01-06 23:07:54 - render - INFO - Frame 37 completado en 13.24s (425.4 KB)
2026-01-06 23:07:54 - render - INFO - Frame 41 completado en 13.25s (355.7 KB)
2026-01-06 23:07:54 - render - INFO - Frame 42 completado en 13.25s (373.8 KB)
2026-01-06 23:07:54 - render - INFO - Frame 33 completado en 13.23s (441.9 KB)
2026-01-06 23:07:54 - render - INFO - Iniciando frame 71 (1920x1080, 150 iter) - Modo: Optimizado
2026-01-06 23:07:54 - render - INFO - Frame 39 completado en 13.30s (381.4 KB)
2026-01-06 23:07:54 - render - INFO - Iniciando frame 66 (1920x1080, 150 iter) - Modo: Optimizado
2026-01-06 23:07:54 - render - INFO - Iniciando frame 73 (1920x1080, 150 iter) - Modo: Optimizado
2026-01-06 23:07:54 - render - INFO - Iniciando frame 75 (1920x1080, 150 iter) - Modo: Optimizado
2026-01-06 23:07:54 - render - INFO - Frame 28 completado en 13.33s (357.4 KB)
2026-01-06 23:07:54 - render - INFO - Frame 36 completado en 13.37s (440.2 KB)
2026-01-06 23:07:54 - render - INFO - Iniciando frame 68 (1920x1080, 150 iter) - Modo: Optimizado
2026-01-06 23:07:54 - render - INFO - Iniciando frame 70 (1920x1080, 150 iter) - Modo: Optimizado
2026-01-06 23:07:54 - render - INFO - Frame 40 completado en 13.47s (356.8 KB)
2026-01-06 23:07:54 - render - INFO - Frame 30 completado en 13.52s (396.6 KB)
2026-01-06 23:07:54 - render - INFO - Iniciando frame 77 (1920x1080, 150 iter) - Modo: Optimizado
2026-01-06 23:07:54 - render - INFO - Frame 51 completado en 13.49s (597.4 KB)
2026-01-06 23:07:54 - render - INFO - Iniciando frame 72 (1920x1080, 150 iter) - Modo: Optimizado
2026-01-06 23:07:54 - render - INFO - Frame 0 completado en 13.91s (257.2 KB)
2026-01-06 23:07:54 - render - INFO - Iniciando frame 79 (1920x1080, 150 iter) - Modo: Optimizado
2026-01-06 23:07:54 - render - INFO - Frame 56 completado en 13.92s (756.0 KB)
2026-01-06 23:07:54 - render - INFO - Frame 35 completado en 13.89s (446.7 KB)
2026-01-06 23:07:54 - render - INFO - Frame 54 completado en 13.93s (707.9 KB)
2026-01-06 23:07:54 - render - INFO - Frame 43 completado en 13.89s (389.8 KB)
2026-01-06 23:07:54 - render - INFO - Frame 29 completado en 13.91s (380.6 KB)
2026-01-06 23:07:54 - render - INFO - Frame 27 completado en 13.92s (344.1 KB)
2026-01-06 23:07:54 - render - INFO - Frame 32 completado en 13.91s (423.0 KB)
2026-01-06 23:07:54 - render - INFO - Frame 18 completado en 13.95s (273.6 KB)
2026-01-06 23:07:54 - render - INFO - Frame 50 completado en 13.93s (569.2 KB)
2026-01-06 23:07:54 - render - INFO - Iniciando frame 74 (1920x1080, 150 iter) - Modo: Optimizado
2026-01-06 23:07:54 - render - INFO - Frame 22 completado en 13.99s (290.8 KB)
2026-01-06 23:07:54 - render - INFO - Frame 48 completado en 13.99s (517.2 KB)
2026-01-06 23:07:54 - render - INFO - Frame 34 completado en 13.96s (450.7 KB)
2026-01-06 23:07:54 - render - INFO - Frame 44 completado en 13.99s (401.8 KB)
2026-01-06 23:07:55 - render - INFO - Frame 26 completado en 14.27s (336.1 KB)
2026-01-06 23:07:55 - render - INFO - Frame 19 completado en 14.28s (278.3 KB)
2026-01-06 23:07:55 - render - INFO - Frame 15 completado en 14.27s (263.7 KB)
2026-01-06 23:07:55 - render - INFO - Iniciando frame 76 (1920x1080, 150 iter) - Modo: Optimizado
2026-01-06 23:07:55 - render - INFO - Iniciando frame 78 (1920x1080, 150 iter) - Modo: Optimizado
2026-01-06 23:07:55 - render - INFO - Frame 64 completado en 4.34s (650.4 KB)
2026-01-06 23:07:55 - render - INFO - Frame 52 completado en 14.30s (635.7 KB)
2026-01-06 23:07:55 - render - INFO - Frame 16 completado en 14.34s (271.9 KB)
2026-01-06 23:07:55 - render - INFO - Frame 20 completado en 14.33s (278.0 KB)
2026-01-06 23:07:55 - render - INFO - Frame 14 completado en 14.33s (253.9 KB)
2026-01-06 23:07:55 - render - INFO - Frame 58 completado en 14.30s (745.0 KB)
2026-01-06 23:07:55 - render - INFO - Frame 57 completado en 14.30s (759.2 KB)
2026-01-06 23:07:55 - render - INFO - Frame 46 completado en 14.27s (465.7 KB)
2026-01-06 23:07:55 - render - INFO - Frame 12 completado en 14.36s (314.8 KB)
2026-01-06 23:07:55 - render - INFO - Frame 45 completado en 14.30s (433.9 KB)
2026-01-06 23:07:55 - render - INFO - Frame 59 completado en 14.31s (729.7 KB)
2026-01-06 23:07:55 - render - INFO - Frame 24 completado en 14.34s (305.8 KB)
2026-01-06 23:07:55 - render - INFO - Iniciando frame 80 (1920x1080, 150 iter) - Modo: Optimizado
2026-01-06 23:07:55 - render - INFO - Frame 53 completado en 14.30s (677.7 KB)
2026-01-06 23:07:55 - render - INFO - Iniciando frame 82 (1920x1080, 150 iter) - Modo: Optimizado
2026-01-06 23:07:55 - render - INFO - Frame 47 completado en 14.30s (505.0 KB)
2026-01-06 23:07:55 - render - INFO - Frame 55 completado en 14.29s (737.8 KB)
2026-01-06 23:07:55 - render - INFO - Frame 13 completado en 14.34s (275.3 KB)
2026-01-06 23:07:55 - render - INFO - Frame 21 completado en 14.35s (285.9 KB)
2026-01-06 23:07:55 - render - INFO - Frame 23 completado en 14.41s (302.1 KB)
2026-01-06 23:07:55 - render - INFO - Frame 25 completado en 14.39s (317.4 KB)
2026-01-06 23:07:55 - render - INFO - Iniciando frame 84 (1920x1080, 150 iter) - Modo: Optimizado
2026-01-06 23:07:55 - render - INFO - Iniciando frame 86 (1920x1080, 150 iter) - Modo: Optimizado
2026-01-06 23:07:55 - render - INFO - Iniciando frame 87 (1920x1080, 150 iter) - Modo: Optimizado
2026-01-06 23:07:55 - render - INFO - Frame 10 completado en 14.47s (367.2 KB)
2026-01-06 23:07:55 - render - INFO - Iniciando frame 81 (1920x1080, 150 iter) - Modo: Optimizado
2026-01-06 23:07:55 - render - INFO - Iniciando frame 83 (1920x1080, 150 iter) - Modo: Optimizado
2026-01-06 23:07:55 - render - INFO - Iniciando frame 85 (1920x1080, 150 iter) - Modo: Optimizado
2026-01-06 23:07:55 - render - INFO - Iniciando frame 96 (1920x1080, 150 iter) - Modo: Optimizado
2026-01-06 23:07:55 - render - INFO - Iniciando frame 90 (1920x1080, 150 iter) - Modo: Optimizado
2026-01-06 23:07:55 - render - INFO - Iniciando frame 92 (1920x1080, 150 iter) - Modo: Optimizado
2026-01-06 23:07:55 - render - INFO - Iniciando frame 88 (1920x1080, 150 iter) - Modo: Optimizado
2026-01-06 23:07:55 - render - INFO - Iniciando frame 94 (1920x1080, 150 iter) - Modo: Optimizado
2026-01-06 23:07:55 - render - INFO - Frame 2 completado en 14.51s (332.2 KB)
2026-01-06 23:07:55 - render - INFO - Frame 4 completado en 14.52s (389.4 KB)
2026-01-06 23:07:55 - render - INFO - Frame 1 completado en 14.51s (292.8 KB)
2026-01-06 23:07:55 - render - INFO - Frame 9 completado en 14.49s (382.3 KB)
2026-01-06 23:07:55 - render - INFO - Frame 8 completado en 14.49s (382.0 KB)
2026-01-06 23:07:55 - render - INFO - Frame 6 completado en 14.50s (342.3 KB)
2026-01-06 23:07:55 - render - INFO - Frame 5 completado en 14.50s (342.1 KB)
2026-01-06 23:07:55 - render - INFO - Iniciando frame 89 (1920x1080, 150 iter) - Modo: Optimizado
2026-01-06 23:07:55 - render - INFO - Iniciando frame 91 (1920x1080, 150 iter) - Modo: Optimizado
2026-01-06 23:07:55 - render - INFO - Frame 11 completado en 14.50s (356.6 KB)
2026-01-06 23:07:55 - render - INFO - Frame 3 completado en 14.46s (366.2 KB)
2026-01-06 23:07:55 - render - INFO - Frame 7 completado en 14.51s (360.9 KB)
2026-01-06 23:07:55 - render - INFO - Iniciando frame 98 (1920x1080, 150 iter) - Modo: Optimizado
2026-01-06 23:07:55 - render - INFO - Iniciando frame 99 (1920x1080, 150 iter) - Modo: Optimizado
2026-01-06 23:07:55 - render - INFO - Iniciando frame 97 (1920x1080, 150 iter) - Modo: Optimizado
2026-01-06 23:07:55 - render - INFO - Iniciando frame 93 (1920x1080, 150 iter) - Modo: Optimizado
2026-01-06 23:07:55 - render - INFO - Iniciando frame 95 (1920x1080, 150 iter) - Modo: Optimizado
2026-01-06 23:07:56 - render - INFO - Frame 61 completado en 14.95s (697.1 KB)
2026-01-06 23:07:56 - render - INFO - Frame 63 completado en 14.88s (672.1 KB)
2026-01-06 23:07:57 - render - INFO - Frame 62 completado en 16.70s (687.0 KB)
2026-01-06 23:07:57 - render - INFO - Frame 65 completado en 5.62s (629.5 KB)
2026-01-06 23:07:57 - render - INFO - Frame 60 completado en 16.86s (719.7 KB)
2026-01-06 23:07:59 - render - INFO - Frame 67 completado en 6.21s (584.5 KB)
2026-01-06 23:08:00 - render - INFO - Frame 69 completado en 6.71s (607.6 KB)
2026-01-06 23:08:01 - render - INFO - Frame 68 completado en 6.96s (602.1 KB)
2026-01-06 23:08:01 - render - INFO - Frame 71 completado en 7.46s (652.0 KB)
2026-01-06 23:08:01 - render - INFO - Frame 70 completado en 7.26s (624.2 KB)
2026-01-06 23:08:01 - render - INFO - Frame 66 completado en 7.49s (594.8 KB)
2026-01-06 23:08:02 - render - INFO - Frame 75 completado en 7.74s (687.0 KB)
2026-01-06 23:08:02 - render - INFO - Frame 73 completado en 8.03s (677.2 KB)
2026-01-06 23:08:02 - render - INFO - Frame 77 completado en 7.71s (706.0 KB)
2026-01-06 23:08:02 - render - INFO - Frame 79 completado en 7.42s (779.2 KB)
2026-01-06 23:08:07 - render - INFO - Frame 87 completado en 11.94s (718.0 KB)
2026-01-06 23:08:09 - render - INFO - Frame 81 completado en 13.86s (817.6 KB)
2026-01-06 23:08:09 - render - INFO - Frame 83 completado en 13.83s (863.7 KB)
2026-01-06 23:08:09 - render - INFO - Frame 99 completado en 13.50s (468.2 KB)
2026-01-06 23:08:09 - render - INFO - Frame 95 completado en 12.78s (543.8 KB)
2026-01-06 23:08:09 - render - INFO - Frame 96 completado en 14.08s (519.6 KB)
2026-01-06 23:08:09 - render - INFO - Frame 91 completado en 14.10s (635.2 KB)
2026-01-06 23:08:09 - render - INFO - Frame 92 completado en 14.10s (629.2 KB)
2026-01-06 23:08:09 - render - INFO - Frame 89 completado en 14.09s (655.5 KB)
2026-01-06 23:08:09 - render - INFO - Frame 84 completado en 14.45s (832.8 KB)
2026-01-06 23:08:09 - render - INFO - Frame 97 completado en 12.91s (503.2 KB)
2026-01-06 23:08:09 - render - INFO - Frame 98 completado en 12.98s (477.2 KB)
2026-01-06 23:08:09 - render - INFO - Frame 93 completado en 12.93s (605.9 KB)
2026-01-06 23:08:09 - render - INFO - Frame 74 completado en 14.79s (688.4 KB)
2026-01-06 23:08:09 - render - INFO - Frame 85 completado en 14.23s (797.2 KB)
2026-01-06 23:08:09 - render - INFO - Frame 94 completado en 14.22s (579.3 KB)
2026-01-06 23:08:09 - render - INFO - Frame 72 completado en 14.82s (667.9 KB)
2026-01-06 23:08:09 - render - INFO - Frame 76 completado en 14.62s (695.8 KB)
2026-01-06 23:08:09 - render - INFO - Frame 80 completado en 14.60s (808.7 KB)
2026-01-06 23:08:09 - render - INFO - Frame 82 completado en 14.56s (833.5 KB)
2026-01-06 23:08:09 - render - INFO - Frame 90 completado en 14.26s (648.4 KB)
2026-01-06 23:08:09 - render - INFO - Frame 78 completado en 14.66s (731.0 KB)
2026-01-06 23:08:09 - render - INFO - Frame 86 completado en 14.60s (759.8 KB)
2026-01-06 23:08:09 - render - INFO - Frame 88 completado en 14.26s (678.1 KB)
2026-01-06 23:13:39 - render - INFO - Frame 1 obtenido del caché
2026-01-06 23:13:39 - render - INFO - Frame 0 obtenido del caché
2026-01-06 23:13:39 - render - INFO - Frame 7 obtenido del caché
2026-01-06 23:13:39 - render - INFO - Frame 12 obtenido del caché
2026-01-06 23:13:39 - render - INFO - Frame 2 obtenido del caché
2026-01-06 23:13:39 - render - INFO - Frame 3 obtenido del caché
2026-01-06 23:13:39 - render - INFO - Frame 4 obtenido del caché
2026-01-06 23:13:39 - render - INFO - Frame 51 obtenido del caché
2026-01-06 23:13:39 - render - INFO - Frame 6 obtenido del caché
2026-01-06 23:13:39 - render - INFO - Frame 5 obtenido del caché
2026-01-06 23:13:39 - render - INFO - Frame 57 obtenido del caché
2026-01-06 23:13:39 - render - INFO - Frame 13 obtenido del caché
2026-01-06 23:13:39 - render - INFO - Frame 53 obtenido del caché
2026-01-06 23:13:39 - render - INFO - Frame 21 obtenido del caché
2026-01-06 23:13:39 - render - INFO - Frame 15 obtenido del caché
2026-01-06 23:13:39 - render - INFO - Frame 9 obtenido del caché
2026-01-06 23:13:39 - render - INFO - Frame 19 obtenido del caché
2026-01-06 23:13:39 - render - INFO - Frame 17 obtenido del caché
2026-01-06 23:13:39 - render - INFO - Frame 11 obtenido del caché
2026-01-06 23:13:39 - render - INFO - Frame 8 obtenido del caché
2026-01-06 23:13:39 - render - INFO - Frame 10 obtenido del caché
2026-01-06 23:13:39 - render - INFO - Frame 39 obtenido del caché
2026-01-06 23:13:39 - render - INFO - Frame 14 obtenido del caché
2026-01-06 23:13:39 - render - INFO - Frame 33 obtenido del caché
2026-01-06 23:13:39 - render - INFO - Frame 42 obtenido del caché
2026-01-06 23:13:39 - render - INFO - Frame 23 obtenido del caché
2026-01-06 23:13:39 - render - INFO - Frame 32 obtenido del caché
2026-01-06 23:13:39 - render - INFO - Frame 46 obtenido del caché
2026-01-06 23:13:39 - render - INFO - Frame 37 obtenido del caché
2026-01-06 23:13:39 - render - INFO - Frame 41 obtenido del caché
2026-01-06 23:13:39 - render - INFO - Frame 47 obtenido del caché
2026-01-06 23:13:39 - render - INFO - Frame 36 obtenido del caché
2026-01-06 23:13:39 - render - INFO - Frame 43 obtenido del caché
2026-01-06 23:13:39 - render - INFO - Frame 38 obtenido del caché
2026-01-06 23:13:39 - render - INFO - Frame 31 obtenido del caché
2026-01-06 23:13:39 - render - INFO - Frame 35 obtenido del caché
2026-01-06 23:13:39 - render - INFO - Frame 29 obtenido del caché
2026-01-06 23:13:39 - render - INFO - Frame 40 obtenido del caché
2026-01-06 23:13:39 - render - INFO - Frame 27 obtenido del caché
2026-01-06 23:13:39 - render - INFO - Frame 20 obtenido del caché
2026-01-06 23:13:39 - render - INFO - Frame 45 obtenido del caché
2026-01-06 23:13:39 - render - INFO - Frame 24 obtenido del caché
2026-01-06 23:13:39 - render - INFO - Frame 18 obtenido del caché
2026-01-06 23:13:39 - render - INFO - Frame 59 obtenido del caché
2026-01-06 23:13:39 - render - INFO - Frame 55 obtenido del caché
2026-01-06 23:13:39 - render - INFO - Frame 25 obtenido del caché
2026-01-06 23:13:39 - render - INFO - Frame 22 obtenido del caché
2026-01-06 23:13:39 - render - INFO - Frame 16 obtenido del caché
2026-01-06 23:13:39 - render - INFO - Frame 49 obtenido del caché
2026-01-06 23:13:39 - render - INFO - Frame 34 obtenido del caché
2026-01-06 23:13:39 - render - INFO - Frame 61 obtenido del caché
2026-01-06 23:13:39 - render - INFO - Frame 28 obtenido del caché
2026-01-06 23:13:39 - render - INFO - Frame 63 obtenido del caché
2026-01-06 23:13:39 - render - INFO - Frame 30 obtenido del caché
2026-01-06 23:13:39 - render - INFO - Frame 44 obtenido del caché
2026-01-06 23:13:39 - render - INFO - Frame 48 obtenido del caché
2026-01-06 23:13:39 - render - INFO - Frame 26 obtenido del caché
2026-01-06 23:13:39 - render - INFO - Frame 50 obtenido del caché
2026-01-06 23:13:39 - render - INFO - Frame 52 obtenido del caché
2026-01-06 23:13:39 - render - INFO - Frame 62 obtenido del caché
2026-01-06 23:13:39 - render - INFO - Frame 54 obtenido del caché
2026-01-06 23:13:39 - render - INFO - Frame 58 obtenido del caché
2026-01-06 23:13:39 - render - INFO - Frame 56 obtenido del caché
2026-01-06 23:13:39 - render - INFO - Frame 60 obtenido del caché
2026-01-06 23:13:39 - render - INFO - Frame 65 obtenido del caché
2026-01-06 23:13:39 - render - INFO - Frame 64 obtenido del caché
2026-01-06 23:13:39 - render - INFO - Frame 67 obtenido del caché
2026-01-06 23:13:39 - render - INFO - Frame 69 obtenido del caché
2026-01-06 23:13:39 - render - INFO - Frame 71 obtenido del caché
2026-01-06 23:13:39 - render - INFO - Frame 73 obtenido del caché
2026-01-06 23:13:39 - render - INFO - Frame 70 obtenido del caché
2026-01-06 23:13:39 - render - INFO - Frame 68 obtenido del caché
2026-01-06 23:13:39 - render - INFO - Frame 66 obtenido del caché
2026-01-06 23:13:39 - render - INFO - Frame 92 obtenido del caché
2026-01-06 23:13:39 - render - INFO - Frame 77 obtenido del caché
2026-01-06 23:13:39 - render - INFO - Frame 89 obtenido del caché
2026-01-06 23:13:39 - render - INFO - Frame 74 obtenido del caché
2026-01-06 23:13:39 - render - INFO - Frame 72 obtenido del caché
2026-01-06 23:13:39 - render - INFO - Frame 75 obtenido del caché
2026-01-06 23:13:39 - render - INFO - Frame 79 obtenido del caché
2026-01-06 23:13:39 - render - INFO - Frame 84 obtenido del caché
2026-01-06 23:13:39 - render - INFO - Frame 78 obtenido del caché
2026-01-06 23:13:39 - render - INFO - Frame 81 obtenido del caché
2026-01-06 23:13:39 - render - INFO - Frame 85 obtenido del caché
2026-01-06 23:13:39 - render - INFO - Frame 91 obtenido del caché
2026-01-06 23:13:39 - render - INFO - Frame 87 obtenido del caché
2026-01-06 23:13:39 - render - INFO - Frame 93 obtenido del caché
2026-01-06 23:13:39 - render - INFO - Frame 86 obtenido del caché
2026-01-06 23:13:39 - render - INFO - Frame 83 obtenido del caché
2026-01-06 23:13:39 - render - INFO - Frame 95 obtenido del caché
2026-01-06 23:13:39 - render - INFO - Frame 99 obtenido del caché
2026-01-06 23:13:39 - render - INFO - Frame 97 obtenido del caché
2026-01-06 23:13:39 - render - INFO - Frame 82 obtenido del caché
2026-01-06 23:13:39 - render - INFO - Frame 76 obtenido del caché
2026-01-06 23:13:39 - render - INFO - Frame 80 obtenido del caché
2026-01-06 23:13:39 - render - INFO - Frame 90 obtenido del caché
2026-01-06 23:13:39 - render - INFO - Frame 88 obtenido del caché
2026-01-06 23:13:39 - render - INFO - Frame 94 obtenido del caché
2026-01-06 23:13:39 - render - INFO - Frame 96 obtenido del caché
2026-01-06 23:13:39 - render - INFO - Frame 98 obtenido del caché
2026-01-06 23:13:55 - render - INFO - Iniciando frame 0 (1920x1080, 150 iter) - Modo: Optimizado
2026-01-06 23:13:55 - render - INFO - Iniciando frame 18 (1920x1080, 150 iter) - Modo: Optimizado
2026-01-06 23:13:55 - render - INFO - Iniciando frame 30 (1920x1080, 150 iter) - Modo: Optimizado
2026-01-06 23:13:55 - render - INFO - Iniciando frame 16 (1920x1080, 150 iter) - Modo: Optimizado
2026-01-06 23:13:55 - render - INFO - Iniciando frame 14 (1920x1080, 150 iter) - Modo: Optimizado
2026-01-06 23:13:55 - render - INFO - Iniciando frame 20 (1920x1080, 150 iter) - Modo: Optimizado
2026-01-06 23:13:55 - render - INFO - Iniciando frame 2 (1920x1080, 150 iter) - Modo: Optimizado
2026-01-06 23:13:55 - render - INFO - Iniciando frame 4 (1920x1080, 150 iter) - Modo: Optimizado
2026-01-06 23:13:55 - render - INFO - Iniciando frame 26 (1920x1080, 150 iter) - Modo: Optimizado
2026-01-06 23:13:55 - render - INFO - Iniciando frame 6 (1920x1080, 150 iter) - Modo: Optimizado
2026-01-06 23:13:55 - render - INFO - Iniciando frame 24 (1920x1080, 150 iter) - Modo: Optimizado
2026-01-06 23:13:55 - render - INFO - Iniciando frame 12 (1920x1080, 150 iter) - Modo: Optimizado
2026-01-06 23:13:55 - render - INFO - Iniciando frame 32 (1920x1080, 150 iter) - Modo: Optimizado
2026-01-06 23:13:55 - render - INFO - Iniciando frame 38 (1920x1080, 150 iter) - Modo: Optimizado
2026-01-06 23:13:55 - render - INFO - Iniciando frame 36 (1920x1080, 150 iter) - Modo: Optimizado
2026-01-06 23:13:55 - render - INFO - Iniciando frame 40 (1920x1080, 150 iter) - Modo: Optimizado
2026-01-06 23:13:55 - render - INFO - Iniciando frame 42 (1920x1080, 150 iter) - Modo: Optimizado
2026-01-06 23:13:55 - render - INFO - Iniciando frame 28 (1920x1080, 150 iter) - Modo: Optimizado
2026-01-06 23:13:55 - render - INFO - Iniciando frame 8 (1920x1080, 150 iter) - Modo: Optimizado
2026-01-06 23:13:55 - render - INFO - Iniciando frame 22 (1920x1080, 150 iter) - Modo: Optimizado
2026-01-06 23:13:55 - render - INFO - Iniciando frame 34 (1920x1080, 150 iter) - Modo: Optimizado
2026-01-06 23:13:55 - render - INFO - Iniciando frame 10 (1920x1080, 150 iter) - Modo: Optimizado
2026-01-06 23:13:55 - render - INFO - Iniciando frame 62 (1920x1080, 150 iter) - Modo: Optimizado
2026-01-06 23:13:55 - render - INFO - Iniciando frame 48 (1920x1080, 150 iter) - Modo: Optimizado
2026-01-06 23:13:55 - render - INFO - Iniciando frame 52 (1920x1080, 150 iter) - Modo: Optimizado
2026-01-06 23:13:55 - render - INFO - Iniciando frame 50 (1920x1080, 150 iter) - Modo: Optimizado
2026-01-06 23:13:55 - render - INFO - Iniciando frame 54 (1920x1080, 150 iter) - Modo: Optimizado
2026-01-06 23:13:55 - render - INFO - Iniciando frame 56 (1920x1080, 150 iter) - Modo: Optimizado
2026-01-06 23:13:55 - render - INFO - Iniciando frame 58 (1920x1080, 150 iter) - Modo: Optimizado
2026-01-06 23:13:55 - render - INFO - Iniciando frame 60 (1920x1080, 150 iter) - Modo: Optimizado
2026-01-06 23:13:55 - render - INFO - Iniciando frame 44 (1920x1080, 150 iter) - Modo: Optimizado
2026-01-06 23:13:55 - render - INFO - Iniciando frame 46 (1920x1080, 150 iter) - Modo: Optimizado
2026-01-06 23:13:55 - render - INFO - Iniciando frame 1 (1920x1080, 150 iter) - Modo: Optimizado
2026-01-06 23:13:55 - render - INFO - Iniciando frame 57 (1920x1080, 150 iter) - Modo: Optimizado
2026-01-06 23:13:55 - render - INFO - Iniciando frame 61 (1920x1080, 150 iter) - Modo: Optimizado
2026-01-06 23:13:55 - render - INFO - Iniciando frame 13 (1920x1080, 150 iter) - Modo: Optimizado
2026-01-06 23:13:55 - render - INFO - Iniciando frame 19 (1920x1080, 150 iter) - Modo: Optimizado
2026-01-06 23:13:55 - render - INFO - Iniciando frame 29 (1920x1080, 150 iter) - Modo: Optimizado
2026-01-06 23:13:55 - render - INFO - Iniciando frame 35 (1920x1080, 150 iter) - Modo: Optimizado
2026-01-06 23:13:55 - render - INFO - Iniciando frame 47 (1920x1080, 150 iter) - Modo: Optimizado
2026-01-06 23:13:55 - render - INFO - Iniciando frame 51 (1920x1080, 150 iter) - Modo: Optimizado
2026-01-06 23:13:55 - render - INFO - Iniciando frame 55 (1920x1080, 150 iter) - Modo: Optimizado
2026-01-06 23:13:55 - render - INFO - Iniciando frame 49 (1920x1080, 150 iter) - Modo: Optimizado
2026-01-06 23:13:55 - render - INFO - Iniciando frame 39 (1920x1080, 150 iter) - Modo: Optimizado
2026-01-06 23:13:55 - render - INFO - Iniciando frame 33 (1920x1080, 150 iter) - Modo: Optimizado
2026-01-06 23:13:55 - render - INFO - Iniciando frame 17 (1920x1080, 150 iter) - Modo: Optimizado
2026-01-06 23:13:55 - render - INFO - Iniciando frame 23 (1920x1080, 150 iter) - Modo: Optimizado
2026-01-06 23:13:55 - render - INFO - Iniciando frame 5 (1920x1080, 150 iter) - Modo: Optimizado
2026-01-06 23:13:55 - render - INFO - Iniciando frame 43 (1920x1080, 150 iter) - Modo: Optimizado
2026-01-06 23:13:55 - render - INFO - Iniciando frame 9 (1920x1080, 150 iter) - Modo: Optimizado
2026-01-06 23:13:55 - render - INFO - Iniciando frame 7 (1920x1080, 150 iter) - Modo: Optimizado
2026-01-06 23:13:55 - render - INFO - Iniciando frame 3 (1920x1080, 150 iter) - Modo: Optimizado
2026-01-06 23:13:55 - render - INFO - Iniciando frame 45 (1920x1080, 150 iter) - Modo: Optimizado
2026-01-06 23:13:55 - render - INFO - Iniciando frame 25 (1920x1080, 150 iter) - Modo: Optimizado
2026-01-06 23:13:55 - render - INFO - Iniciando frame 27 (1920x1080, 150 iter) - Modo: Optimizado
2026-01-06 23:13:55 - render - INFO - Iniciando frame 53 (1920x1080, 150 iter) - Modo: Optimizado
2026-01-06 23:13:55 - render - INFO - Iniciando frame 41 (1920x1080, 150 iter) - Modo: Optimizado
2026-01-06 23:13:55 - render - INFO - Iniciando frame 31 (1920x1080, 150 iter) - Modo: Optimizado
2026-01-06 23:13:55 - render - INFO - Iniciando frame 11 (1920x1080, 150 iter) - Modo: Optimizado
2026-01-06 23:13:55 - render - INFO - Iniciando frame 15 (1920x1080, 150 iter) - Modo: Optimizado
2026-01-06 23:13:55 - render - INFO - Iniciando frame 37 (1920x1080, 150 iter) - Modo: Optimizado
2026-01-06 23:13:55 - render - INFO - Iniciando frame 21 (1920x1080, 150 iter) - Modo: Optimizado
2026-01-06 23:13:55 - render - INFO - Iniciando frame 63 (1920x1080, 150 iter) - Modo: Optimizado
2026-01-06 23:13:55 - render - INFO - Iniciando frame 59 (1920x1080, 150 iter) - Modo: Optimizado
2026-01-06 23:14:07 - render - INFO - Frame 4 completado en 11.81s (389.4 KB)
2026-01-06 23:14:07 - render - INFO - Iniciando frame 64 (1920x1080, 150 iter) - Modo: Optimizado
2026-01-06 23:14:07 - render - INFO - Frame 19 completado en 12.09s (278.3 KB)
2026-01-06 23:14:07 - render - INFO - Iniciando frame 65 (1920x1080, 150 iter) - Modo: Optimizado
2026-01-06 23:14:07 - render - INFO - Frame 0 completado en 12.30s (257.2 KB)
2026-01-06 23:14:07 - render - INFO - Iniciando frame 66 (1920x1080, 150 iter) - Modo: Optimizado
2026-01-06 23:14:07 - render - INFO - Frame 47 completado en 12.42s (505.0 KB)
2026-01-06 23:14:07 - render - INFO - Iniciando frame 67 (1920x1080, 150 iter) - Modo: Optimizado
2026-01-06 23:14:08 - render - INFO - Frame 20 completado en 12.86s (278.0 KB)
2026-01-06 23:14:08 - render - INFO - Iniciando frame 68 (1920x1080, 150 iter) - Modo: Optimizado
2026-01-06 23:14:08 - render - INFO - Frame 44 completado en 12.94s (401.8 KB)
2026-01-06 23:14:08 - render - INFO - Iniciando frame 70 (1920x1080, 150 iter) - Modo: Optimizado
2026-01-06 23:14:08 - render - INFO - Frame 36 completado en 13.10s (440.2 KB)
2026-01-06 23:14:08 - render - INFO - Frame 2 completado en 13.17s (332.2 KB)
2026-01-06 23:14:08 - render - INFO - Iniciando frame 72 (1920x1080, 150 iter) - Modo: Optimizado
2026-01-06 23:14:08 - render - INFO - Iniciando frame 74 (1920x1080, 150 iter) - Modo: Optimizado
2026-01-06 23:14:08 - render - INFO - Frame 52 completado en 13.46s (635.7 KB)
2026-01-06 23:14:08 - render - INFO - Frame 24 completado en 13.48s (305.8 KB)
2026-01-06 23:14:08 - render - INFO - Iniciando frame 76 (1920x1080, 150 iter) - Modo: Optimizado
2026-01-06 23:14:08 - render - INFO - Frame 18 completado en 13.55s (273.6 KB)
2026-01-06 23:14:08 - render - INFO - Iniciando frame 78 (1920x1080, 150 iter) - Modo: Optimizado
2026-01-06 23:14:08 - render - INFO - Frame 30 completado en 13.58s (396.6 KB)
2026-01-06 23:14:08 - render - INFO - Frame 6 completado en 13.66s (342.3 KB)
2026-01-06 23:14:08 - render - INFO - Frame 40 completado en 13.66s (356.8 KB)
2026-01-06 23:14:08 - render - INFO - Iniciando frame 80 (1920x1080, 150 iter) - Modo: Optimizado
2026-01-06 23:14:08 - render - INFO - Iniciando frame 82 (1920x1080, 150 iter) - Modo: Optimizado
2026-01-06 23:14:08 - render - INFO - Iniciando frame 84 (1920x1080, 150 iter) - Modo: Optimizado
2026-01-06 23:14:09 - render - INFO - Iniciando frame 86 (1920x1080, 150 iter) - Modo: Optimizado
2026-01-06 23:14:09 - render - INFO - Frame 42 completado en 13.96s (373.8 KB)
2026-01-06 23:14:09 - render - INFO - Iniciando frame 88 (1920x1080, 150 iter) - Modo: Optimizado
2026-01-06 23:14:09 - render - INFO - Frame 8 completado en 14.23s (382.0 KB)
2026-01-06 23:14:09 - render - INFO - Frame 12 completado en 14.23s (314.8 KB)
2026-01-06 23:14:09 - render - INFO - Frame 22 completado en 14.48s (290.8 KB)
2026-01-06 23:14:09 - render - INFO - Iniciando frame 90 (1920x1080, 150 iter) - Modo: Optimizado
2026-01-06 23:14:09 - render - INFO - Frame 58 completado en 14.51s (745.0 KB)
2026-01-06 23:14:09 - render - INFO - Iniciando frame 92 (1920x1080, 150 iter) - Modo: Optimizado
2026-01-06 23:14:09 - render - INFO - Frame 38 completado en 14.62s (408.8 KB)
2026-01-06 23:14:09 - render - INFO - Iniciando frame 94 (1920x1080, 150 iter) - Modo: Optimizado
2026-01-06 23:14:09 - render - INFO - Iniciando frame 96 (1920x1080, 150 iter) - Modo: Optimizado
2026-01-06 23:14:09 - render - INFO - Frame 10 completado en 14.74s (367.2 KB)
2026-01-06 23:14:10 - render - INFO - Frame 28 completado en 14.80s (357.4 KB)
2026-01-06 23:14:10 - render - INFO - Iniciando frame 98 (1920x1080, 150 iter) - Modo: Optimizado
2026-01-06 23:14:10 - render - INFO - Frame 14 completado en 14.92s (253.9 KB)
2026-01-06 23:14:10 - render - INFO - Frame 33 completado en 14.86s (441.9 KB)
2026-01-06 23:14:10 - render - INFO - Frame 16 completado en 14.92s (271.9 KB)
2026-01-06 23:14:10 - render - INFO - Frame 46 completado en 14.93s (465.7 KB)
2026-01-06 23:14:10 - render - INFO - Frame 32 completado en 15.00s (423.0 KB)
2026-01-06 23:14:10 - render - INFO - Frame 48 completado en 14.99s (517.2 KB)
2026-01-06 23:14:10 - render - INFO - Frame 26 completado en 15.11s (336.1 KB)
2026-01-06 23:14:10 - render - INFO - Frame 50 completado en 15.11s (569.2 KB)
2026-01-06 23:14:10 - render - INFO - Frame 60 completado en 15.20s (719.7 KB)
2026-01-06 23:14:10 - render - INFO - Frame 56 completado en 15.27s (756.0 KB)
2026-01-06 23:14:10 - render - INFO - Iniciando frame 69 (1920x1080, 150 iter) - Modo: Optimizado
2026-01-06 23:14:10 - render - INFO - Frame 62 completado en 15.39s (687.0 KB)
2026-01-06 23:14:10 - render - INFO - Frame 34 completado en 15.40s (450.7 KB)
2026-01-06 23:14:10 - render - INFO - Frame 54 completado en 15.50s (707.9 KB)
2026-01-06 23:14:10 - render - INFO - Frame 35 completado en 15.49s (446.7 KB)
2026-01-06 23:14:10 - render - INFO - Frame 1 completado en 15.58s (292.8 KB)
2026-01-06 23:14:10 - render - INFO - Iniciando frame 73 (1920x1080, 150 iter) - Modo: Optimizado
2026-01-06 23:14:10 - render - INFO - Iniciando frame 71 (1920x1080, 150 iter) - Modo: Optimizado
2026-01-06 23:14:10 - render - INFO - Frame 23 completado en 15.59s (302.1 KB)
2026-01-06 23:14:10 - render - INFO - Frame 9 completado en 15.64s (382.3 KB)
2026-01-06 23:14:11 - render - INFO - Frame 57 completado en 15.83s (759.2 KB)
2026-01-06 23:14:11 - render - INFO - Frame 41 completado en 15.51s (355.7 KB)
2026-01-06 23:14:11 - render - INFO - Iniciando frame 79 (1920x1080, 150 iter) - Modo: Optimizado
2026-01-06 23:14:11 - render - INFO - Iniciando frame 77 (1920x1080, 150 iter) - Modo: Optimizado
2026-01-06 23:14:11 - render - INFO - Iniciando frame 97 (1920x1080, 150 iter) - Modo: Optimizado
2026-01-06 23:14:11 - render - INFO - Iniciando frame 81 (1920x1080, 150 iter) - Modo: Optimizado
2026-01-06 23:14:11 - render - INFO - Iniciando frame 87 (1920x1080, 150 iter) - Modo: Optimizado
2026-01-06 23:14:11 - render - INFO - Iniciando frame 75 (1920x1080, 150 iter) - Modo: Optimizado
2026-01-06 23:14:11 - render - INFO - Frame 43 completado en 15.80s (389.8 KB)
2026-01-06 23:14:11 - render - INFO - Frame 31 completado en 15.59s (408.7 KB)
2026-01-06 23:14:11 - render - INFO - Iniciando frame 83 (1920x1080, 150 iter) - Modo: Optimizado
2026-01-06 23:14:11 - render - INFO - Iniciando frame 85 (1920x1080, 150 iter) - Modo: Optimizado
2026-01-06 23:14:11 - render - INFO - Iniciando frame 89 (1920x1080, 150 iter) - Modo: Optimizado
2026-01-06 23:14:11 - render - INFO - Iniciando frame 91 (1920x1080, 150 iter) - Modo: Optimizado
2026-01-06 23:14:12 - render - INFO - Frame 45 completado en 16.96s (433.9 KB)
2026-01-06 23:14:12 - render - INFO - Iniciando frame 95 (1920x1080, 150 iter) - Modo: Optimizado
2026-01-06 23:14:12 - render - INFO - Iniciando frame 93 (1920x1080, 150 iter) - Modo: Optimizado
2026-01-06 23:14:12 - render - INFO - Frame 63 completado en 17.07s (672.1 KB)
2026-01-06 23:14:12 - render - INFO - Iniciando frame 99 (1920x1080, 150 iter) - Modo: Optimizado
2026-01-06 23:14:12 - render - INFO - Frame 5 completado en 17.20s (342.1 KB)
2026-01-06 23:14:12 - render - INFO - Frame 3 completado en 17.15s (366.2 KB)
2026-01-06 23:14:12 - render - INFO - Frame 7 completado en 17.31s (360.9 KB)
2026-01-06 23:14:13 - render - INFO - Frame 17 completado en 18.02s (269.1 KB)
2026-01-06 23:14:13 - render - INFO - Frame 29 completado en 18.07s (380.6 KB)
2026-01-06 23:14:13 - render - INFO - Frame 51 completado en 18.10s (597.4 KB)
2026-01-06 23:14:13 - render - INFO - Frame 27 completado en 17.97s (344.1 KB)
2026-01-06 23:14:13 - render - INFO - Frame 21 completado en 17.95s (285.9 KB)
2026-01-06 23:14:13 - render - INFO - Frame 11 completado en 18.18s (356.6 KB)
2026-01-06 23:14:13 - render - INFO - Frame 49 completado en 18.34s (537.4 KB)
2026-01-06 23:14:13 - render - INFO - Frame 37 completado en 18.14s (425.4 KB)
2026-01-06 23:14:13 - render - INFO - Frame 61 completado en 18.53s (697.1 KB)
2026-01-06 23:14:13 - render - INFO - Frame 55 completado en 18.47s (737.8 KB)
2026-01-06 23:14:13 - render - INFO - Frame 15 completado en 18.30s (263.7 KB)
2026-01-06 23:14:13 - render - INFO - Frame 13 completado en 18.67s (275.3 KB)
2026-01-06 23:14:13 - render - INFO - Frame 39 completado en 18.59s (381.4 KB)
2026-01-06 23:14:14 - render - INFO - Frame 25 completado en 18.54s (317.4 KB)
2026-01-06 23:14:14 - render - INFO - Frame 59 completado en 18.32s (729.7 KB)
2026-01-06 23:14:14 - render - INFO - Frame 53 completado en 18.55s (677.7 KB)
2026-01-06 23:14:21 - render - INFO - Frame 84 completado en 12.02s (832.8 KB)
2026-01-06 23:14:21 - render - INFO - Frame 76 completado en 12.52s (695.8 KB)
2026-01-06 23:14:21 - render - INFO - Frame 90 completado en 11.50s (648.4 KB)
2026-01-06 23:14:21 - render - INFO - Frame 72 completado en 12.90s (667.9 KB)
2026-01-06 23:14:21 - render - INFO - Frame 69 completado en 10.70s (607.6 KB)
2026-01-06 23:14:21 - render - INFO - Frame 65 completado en 13.92s (629.5 KB)
2026-01-06 23:14:21 - render - INFO - Frame 73 completado en 10.33s (677.2 KB)
2026-01-06 23:14:21 - render - INFO - Frame 74 completado en 12.82s (688.4 KB)
2026-01-06 23:14:21 - render - INFO - Frame 88 completado en 11.91s (678.1 KB)
2026-01-06 23:14:21 - render - INFO - Frame 80 completado en 12.39s (808.7 KB)
2026-01-06 23:14:21 - render - INFO - Frame 67 completado en 13.46s (584.5 KB)
2026-01-06 23:14:21 - render - INFO - Frame 75 completado en 10.04s (687.0 KB)
2026-01-06 23:14:21 - render - INFO - Frame 78 completado en 12.50s (731.0 KB)
2026-01-06 23:14:21 - render - INFO - Frame 99 completado en 8.76s (468.2 KB)
2026-01-06 23:14:21 - render - INFO - Frame 71 completado en 10.25s (652.0 KB)
2026-01-06 23:14:21 - render - INFO - Frame 96 completado en 11.21s (519.6 KB)
2026-01-06 23:14:21 - render - INFO - Frame 95 completado en 8.78s (543.8 KB)
2026-01-06 23:14:21 - render - INFO - Frame 89 completado en 9.44s (655.5 KB)
2026-01-06 23:14:21 - render - INFO - Frame 97 completado en 10.10s (503.2 KB)
2026-01-06 23:14:21 - render - INFO - Frame 83 completado en 9.99s (863.7 KB)
2026-01-06 23:14:21 - render - INFO - Frame 66 completado en 13.80s (594.8 KB)
2026-01-06 23:14:21 - render - INFO - Frame 91 completado en 9.42s (635.2 KB)
2026-01-06 23:14:21 - render - INFO - Frame 68 completado en 13.26s (602.1 KB)
2026-01-06 23:14:21 - render - INFO - Frame 70 completado en 13.10s (624.2 KB)
2026-01-06 23:14:21 - render - INFO - Frame 64 completado en 14.33s (650.4 KB)
2026-01-06 23:14:21 - render - INFO - Frame 82 completado en 12.35s (833.5 KB)
2026-01-06 23:14:21 - render - INFO - Frame 92 completado en 11.58s (629.2 KB)
2026-01-06 23:14:21 - render - INFO - Frame 98 completado en 11.10s (477.2 KB)
2026-01-06 23:14:21 - render - INFO - Frame 94 completado en 11.47s (579.3 KB)
2026-01-06 23:14:21 - render - INFO - Frame 93 completado en 8.80s (605.9 KB)
2026-01-06 23:14:21 - render - INFO - Frame 81 completado en 10.13s (817.6 KB)
2026-01-06 23:14:21 - render - INFO - Frame 79 completado en 10.13s (779.2 KB)
2026-01-06 23:14:21 - render - INFO - Frame 86 completado en 12.22s (759.8 KB)
2026-01-06 23:14:21 - render - INFO - Frame 77 completado en 10.09s (706.0 KB)
2026-01-06 23:14:21 - render - INFO - Frame 85 completado en 10.04s (797.2 KB)
2026-01-06 23:14:21 - render - INFO - Frame 87 completado en 10.11s (718.0 KB)
2026-01-06 23:44:52 - render - INFO - Iniciando frame 0 (1920x1080, 150 iter) - Modo: Optimizado
2026-01-06 23:44:52 - render - INFO - Iniciando frame 1 (1920x1080, 150 iter) - Modo: Optimizado
2026-01-06 23:44:52 - render - INFO - Iniciando frame 8 (1920x1080, 150 iter) - Modo: Optimizado
2026-01-06 23:44:52 - render - INFO - Iniciando frame 2 (1920x1080, 150 iter) - Modo: Optimizado
2026-01-06 23:44:52 - render - INFO - Iniciando frame 11 (1920x1080, 150 iter) - Modo: Optimizado
2026-01-06 23:44:52 - render - INFO - Iniciando frame 3 (1920x1080, 150 iter) - Modo: Optimizado
2026-01-06 23:44:52 - render - INFO - Iniciando frame 5 (1920x1080, 150 iter) - Modo: Optimizado
2026-01-06 23:44:52 - render - INFO - Iniciando frame 4 (1920x1080, 150 iter) - Modo: Optimizado
2026-01-06 23:44:52 - render - INFO - Iniciando frame 6 (1920x1080, 150 iter) - Modo: Optimizado
2026-01-06 23:44:52 - render - INFO - Iniciando frame 18 (1920x1080, 150 iter) - Modo: Optimizado
2026-01-06 23:44:52 - render - INFO - Iniciando frame 10 (1920x1080, 150 iter) - Modo: Optimizado
2026-01-06 23:44:52 - render - INFO - Iniciando frame 9 (1920x1080, 150 iter) - Modo: Optimizado
2026-01-06 23:44:52 - render - INFO - Iniciando frame 14 (1920x1080, 150 iter) - Modo: Optimizado
2026-01-06 23:44:52 - render - INFO - Iniciando frame 12 (1920x1080, 150 iter) - Modo: Optimizado
2026-01-06 23:44:52 - render - INFO - Iniciando frame 7 (1920x1080, 150 iter) - Modo: Optimizado
2026-01-06 23:44:52 - render - INFO - Iniciando frame 16 (1920x1080, 150 iter) - Modo: Optimizado
2026-01-06 23:44:52 - render - INFO - Iniciando frame 40 (1920x1080, 150 iter) - Modo: Optimizado
2026-01-06 23:44:52 - render - INFO - Iniciando frame 13 (1920x1080, 150 iter) - Modo: Optimizado
2026-01-06 23:44:52 - render - INFO - Iniciando frame 15 (1920x1080, 150 iter) - Modo: Optimizado
2026-01-06 23:44:52 - render - INFO - Iniciando frame 20 (1920x1080, 150 iter) - Modo: Optimizado
2026-01-06 23:44:52 - render - INFO - Iniciando frame 22 (1920x1080, 150 iter) - Modo: Optimizado
2026-01-06 23:44:52 - render - INFO - Iniciando frame 26 (1920x1080, 150 iter) - Modo: Optimizado
2026-01-06 23:44:52 - render - INFO - Iniciando frame 28 (1920x1080, 150 iter) - Modo: Optimizado
2026-01-06 23:44:52 - render - INFO - Iniciando frame 30 (1920x1080, 150 iter) - Modo: Optimizado
2026-01-06 23:44:52 - render - INFO - Iniciando frame 32 (1920x1080, 150 iter) - Modo: Optimizado
2026-01-06 23:44:52 - render - INFO - Iniciando frame 34 (1920x1080, 150 iter) - Modo: Optimizado
2026-01-06 23:44:52 - render - INFO - Iniciando frame 57 (1920x1080, 150 iter) - Modo: Optimizado
2026-01-06 23:44:52 - render - INFO - Iniciando frame 17 (1920x1080, 150 iter) - Modo: Optimizado
2026-01-06 23:44:52 - render - INFO - Iniciando frame 36 (1920x1080, 150 iter) - Modo: Optimizado
2026-01-06 23:44:52 - render - INFO - Iniciando frame 19 (1920x1080, 150 iter) - Modo: Optimizado
2026-01-06 23:44:52 - render - INFO - Iniciando frame 24 (1920x1080, 150 iter) - Modo: Optimizado
2026-01-06 23:44:52 - render - INFO - Iniciando frame 21 (1920x1080, 150 iter) - Modo: Optimizado
2026-01-06 23:44:52 - render - INFO - Iniciando frame 44 (1920x1080, 150 iter) - Modo: Optimizado
2026-01-06 23:44:52 - render - INFO - Iniciando frame 25 (1920x1080, 150 iter) - Modo: Optimizado
2026-01-06 23:44:52 - render - INFO - Iniciando frame 46 (1920x1080, 150 iter) - Modo: Optimizado
2026-01-06 23:44:52 - render - INFO - Iniciando frame 27 (1920x1080, 150 iter) - Modo: Optimizado
2026-01-06 23:44:52 - render - INFO - Iniciando frame 50 (1920x1080, 150 iter) - Modo: Optimizado
2026-01-06 23:44:52 - render - INFO - Iniciando frame 52 (1920x1080, 150 iter) - Modo: Optimizado
2026-01-06 23:44:52 - render - INFO - Iniciando frame 29 (1920x1080, 150 iter) - Modo: Optimizado
2026-01-06 23:44:52 - render - INFO - Iniciando frame 31 (1920x1080, 150 iter) - Modo: Optimizado
2026-01-06 23:44:52 - render - INFO - Iniciando frame 54 (1920x1080, 150 iter) - Modo: Optimizado
2026-01-06 23:44:52 - render - INFO - Iniciando frame 56 (1920x1080, 150 iter) - Modo: Optimizado
2026-01-06 23:44:52 - render - INFO - Iniciando frame 33 (1920x1080, 150 iter) - Modo: Optimizado
2026-01-06 23:44:52 - render - INFO - Iniciando frame 58 (1920x1080, 150 iter) - Modo: Optimizado
2026-01-06 23:44:52 - render - INFO - Iniciando frame 35 (1920x1080, 150 iter) - Modo: Optimizado
2026-01-06 23:44:52 - render - INFO - Iniciando frame 37 (1920x1080, 150 iter) - Modo: Optimizado
2026-01-06 23:44:52 - render - INFO - Iniciando frame 39 (1920x1080, 150 iter) - Modo: Optimizado
2026-01-06 23:44:52 - render - INFO - Iniciando frame 60 (1920x1080, 150 iter) - Modo: Optimizado
2026-01-06 23:44:52 - render - INFO - Iniciando frame 41 (1920x1080, 150 iter) - Modo: Optimizado
2026-01-06 23:44:52 - render - INFO - Iniciando frame 62 (1920x1080, 150 iter) - Modo: Optimizado
2026-01-06 23:44:52 - render - INFO - Iniciando frame 42 (1920x1080, 150 iter) - Modo: Optimizado
2026-01-06 23:44:52 - render - INFO - Iniciando frame 43 (1920x1080, 150 iter) - Modo: Optimizado
2026-01-06 23:44:52 - render - INFO - Iniciando frame 45 (1920x1080, 150 iter) - Modo: Optimizado
2026-01-06 23:44:52 - render - INFO - Iniciando frame 48 (1920x1080, 150 iter) - Modo: Optimizado
2026-01-06 23:44:52 - render - INFO - Iniciando frame 47 (1920x1080, 150 iter) - Modo: Optimizado
2026-01-06 23:44:52 - render - INFO - Iniciando frame 38 (1920x1080, 150 iter) - Modo: Optimizado
2026-01-06 23:44:52 - render - INFO - Iniciando frame 49 (1920x1080, 150 iter) - Modo: Optimizado
2026-01-06 23:44:52 - render - INFO - Iniciando frame 51 (1920x1080, 150 iter) - Modo: Optimizado
2026-01-06 23:44:52 - render - INFO - Iniciando frame 53 (1920x1080, 150 iter) - Modo: Optimizado
2026-01-06 23:44:52 - render - INFO - Iniciando frame 55 (1920x1080, 150 iter) - Modo: Optimizado
2026-01-06 23:44:52 - render - INFO - Iniciando frame 23 (1920x1080, 150 iter) - Modo: Optimizado
2026-01-06 23:44:52 - render - INFO - Iniciando frame 63 (1920x1080, 150 iter) - Modo: Optimizado
2026-01-06 23:44:52 - render - INFO - Iniciando frame 61 (1920x1080, 150 iter) - Modo: Optimizado
2026-01-06 23:44:52 - render - INFO - Iniciando frame 59 (1920x1080, 150 iter) - Modo: Optimizado
2026-01-06 23:45:03 - render - INFO - Frame 39 completado en 11.57s (381.4 KB)
2026-01-06 23:45:03 - render - INFO - Frame 33 completado en 11.57s (441.9 KB)
2026-01-06 23:45:03 - render - INFO - Iniciando frame 67 (1920x1080, 150 iter) - Modo: Optimizado
2026-01-06 23:45:03 - render - INFO - Iniciando frame 65 (1920x1080, 150 iter) - Modo: Optimizado
2026-01-06 23:45:04 - render - INFO - Frame 29 completado en 12.72s (380.6 KB)
2026-01-06 23:45:04 - render - INFO - Iniciando frame 69 (1920x1080, 150 iter) - Modo: Optimizado
2026-01-06 23:45:04 - render - INFO - Frame 15 completado en 12.78s (263.7 KB)
2026-01-06 23:45:04 - render - INFO - Iniciando frame 71 (1920x1080, 150 iter) - Modo: Optimizado
2026-01-06 23:45:04 - render - INFO - Frame 51 completado en 12.80s (597.4 KB)
2026-01-06 23:45:04 - render - INFO - Frame 21 completado en 12.83s (285.9 KB)
2026-01-06 23:45:05 - render - INFO - Frame 37 completado en 12.87s (425.4 KB)
2026-01-06 23:45:05 - render - INFO - Frame 36 completado en 12.88s (440.2 KB)
2026-01-06 23:45:05 - render - INFO - Frame 50 completado en 12.90s (569.2 KB)
2026-01-06 23:45:05 - render - INFO - Iniciando frame 64 (1920x1080, 150 iter) - Modo: Optimizado
2026-01-06 23:45:05 - render - INFO - Iniciando frame 66 (1920x1080, 150 iter) - Modo: Optimizado
2026-01-06 23:45:05 - render - INFO - Iniciando frame 73 (1920x1080, 150 iter) - Modo: Optimizado
2026-01-06 23:45:05 - render - INFO - Iniciando frame 75 (1920x1080, 150 iter) - Modo: Optimizado
2026-01-06 23:45:05 - render - INFO - Iniciando frame 77 (1920x1080, 150 iter) - Modo: Optimizado
2026-01-06 23:45:05 - render - INFO - Frame 53 completado en 13.19s (677.7 KB)
2026-01-06 23:45:05 - render - INFO - Frame 57 completado en 13.25s (759.2 KB)
2026-01-06 23:45:05 - render - INFO - Frame 47 completado en 13.23s (505.0 KB)
2026-01-06 23:45:05 - render - INFO - Iniciando frame 79 (1920x1080, 150 iter) - Modo: Optimizado
2026-01-06 23:45:05 - render - INFO - Iniciando frame 83 (1920x1080, 150 iter) - Modo: Optimizado
2026-01-06 23:45:05 - render - INFO - Iniciando frame 81 (1920x1080, 150 iter) - Modo: Optimizado
2026-01-06 23:45:05 - render - INFO - Frame 41 completado en 13.32s (355.7 KB)
2026-01-06 23:45:05 - render - INFO - Frame 59 completado en 13.28s (729.7 KB)
2026-01-06 23:45:05 - render - INFO - Frame 40 completado en 13.57s (356.8 KB)
2026-01-06 23:45:05 - render - INFO - Frame 46 completado en 13.56s (465.7 KB)
2026-01-06 23:45:05 - render - INFO - Frame 30 completado en 13.57s (396.6 KB)
2026-01-06 23:45:05 - render - INFO - Frame 13 completado en 13.74s (275.3 KB)
2026-01-06 23:45:05 - render - INFO - Frame 38 completado en 13.75s (408.8 KB)
2026-01-06 23:45:05 - render - INFO - Frame 54 completado en 13.75s (707.9 KB)
2026-01-06 23:45:05 - render - INFO - Frame 28 completado en 13.79s (357.4 KB)
2026-01-06 23:45:05 - render - INFO - Frame 43 completado en 13.71s (389.8 KB)
2026-01-06 23:45:05 - render - INFO - Frame 49 completado en 13.72s (537.4 KB)
2026-01-06 23:45:05 - render - INFO - Frame 45 completado en 13.75s (433.9 KB)
2026-01-06 23:45:05 - render - INFO - Frame 31 completado en 13.77s (408.7 KB)
2026-01-06 23:45:05 - render - INFO - Frame 17 completado en 13.73s (269.1 KB)
2026-01-06 23:45:06 - render - INFO - Frame 55 completado en 13.74s (737.8 KB)
2026-01-06 23:45:06 - render - INFO - Iniciando frame 68 (1920x1080, 150 iter) - Modo: Optimizado
2026-01-06 23:45:06 - render - INFO - Frame 42 completado en 13.83s (373.8 KB)
2026-01-06 23:45:06 - render - INFO - Iniciando frame 70 (1920x1080, 150 iter) - Modo: Optimizado
2026-01-06 23:45:06 - render - INFO - Frame 58 completado en 13.83s (745.0 KB)
2026-01-06 23:45:06 - render - INFO - Frame 20 completado en 13.85s (278.0 KB)
2026-01-06 23:45:06 - render - INFO - Iniciando frame 72 (1920x1080, 150 iter) - Modo: Optimizado
2026-01-06 23:45:06 - render - INFO - Frame 32 completado en 13.85s (423.0 KB)
2026-01-06 23:45:06 - render - INFO - Frame 24 completado en 13.84s (305.8 KB)
2026-01-06 23:45:06 - render - INFO - Frame 48 completado en 13.91s (517.2 KB)
2026-01-06 23:45:06 - render - INFO - Frame 44 completado en 13.93s (401.8 KB)
2026-01-06 23:45:06 - render - INFO - Frame 34 completado en 13.93s (450.7 KB)
2026-01-06 23:45:06 - render - INFO - Frame 56 completado en 13.95s (756.0 KB)
2026-01-06 23:45:06 - render - INFO - Frame 26 completado en 13.97s (336.1 KB)
2026-01-06 23:45:06 - render - INFO - Iniciando frame 74 (1920x1080, 150 iter) - Modo: Optimizado
2026-01-06 23:45:06 - render - INFO - Iniciando frame 87 (1920x1080, 150 iter) - Modo: Optimizado
2026-01-06 23:45:06 - render - INFO - Iniciando frame 85 (1920x1080, 150 iter) - Modo: Optimizado
2026-01-06 23:45:06 - render - INFO - Iniciando frame 78 (1920x1080, 150 iter) - Modo: Optimizado
2026-01-06 23:45:06 - render - INFO - Iniciando frame 76 (1920x1080, 150 iter) - Modo: Optimizado
2026-01-06 23:45:06 - render - INFO - Frame 4 completado en 14.00s (389.4 KB)
2026-01-06 23:45:06 - render - INFO - Iniciando frame 86 (1920x1080, 150 iter) - Modo: Optimizado
2026-01-06 23:45:06 - render - INFO - Frame 12 completado en 14.02s (314.8 KB)
2026-01-06 23:45:06 - render - INFO - Iniciando frame 80 (1920x1080, 150 iter) - Modo: Optimizado
2026-01-06 23:45:06 - render - INFO - Iniciando frame 82 (1920x1080, 150 iter) - Modo: Optimizado
2026-01-06 23:45:06 - render - INFO - Iniciando frame 99 (1920x1080, 150 iter) - Modo: Optimizado
2026-01-06 23:45:06 - render - INFO - Iniciando frame 95 (1920x1080, 150 iter) - Modo: Optimizado
2026-01-06 23:45:06 - render - INFO - Frame 5 completado en 14.25s (342.1 KB)
2026-01-06 23:45:06 - render - INFO - Iniciando frame 93 (1920x1080, 150 iter) - Modo: Optimizado
2026-01-06 23:45:06 - render - INFO - Iniciando frame 91 (1920x1080, 150 iter) - Modo: Optimizado
2026-01-06 23:45:06 - render - INFO - Frame 23 completado en 14.23s (302.1 KB)
2026-01-06 23:45:06 - render - INFO - Frame 19 completado en 14.26s (278.3 KB)
2026-01-06 23:45:06 - render - INFO - Iniciando frame 97 (1920x1080, 150 iter) - Modo: Optimizado
2026-01-06 23:45:06 - render - INFO - Frame 11 completado en 14.30s (356.6 KB)
2026-01-06 23:45:06 - render - INFO - Frame 7 completado en 14.27s (360.9 KB)
2026-01-06 23:45:06 - render - INFO - Iniciando frame 89 (1920x1080, 150 iter) - Modo: Optimizado
2026-01-06 23:45:06 - render - INFO - Frame 25 completado en 14.29s (317.4 KB)
2026-01-06 23:45:06 - render - INFO - Frame 27 completado en 14.30s (344.1 KB)
2026-01-06 23:45:06 - render - INFO - Iniciando frame 84 (1920x1080, 150 iter) - Modo: Optimizado
2026-01-06 23:45:06 - render - INFO - Iniciando frame 96 (1920x1080, 150 iter) - Modo: Optimizado
2026-01-06 23:45:06 - render - INFO - Frame 35 completado en 14.33s (446.7 KB)
2026-01-06 23:45:06 - render - INFO - Frame 3 completado en 14.42s (366.2 KB)
2026-01-06 23:45:06 - render - INFO - Iniciando frame 88 (1920x1080, 150 iter) - Modo: Optimizado
2026-01-06 23:45:06 - render - INFO - Frame 9 completado en 14.46s (382.3 KB)
2026-01-06 23:45:06 - render - INFO - Frame 1 completado en 14.49s (292.8 KB)
2026-01-06 23:45:06 - render - INFO - Iniciando frame 92 (1920x1080, 150 iter) - Modo: Optimizado
2026-01-06 23:45:06 - render - INFO - Iniciando frame 94 (1920x1080, 150 iter) - Modo: Optimizado
2026-01-06 23:45:06 - render - INFO - Iniciando frame 90 (1920x1080, 150 iter) - Modo: Optimizado
2026-01-06 23:45:06 - render - INFO - Iniciando frame 98 (1920x1080, 150 iter) - Modo: Optimizado
2026-01-06 23:45:06 - render - INFO - Frame 0 completado en 14.61s (257.2 KB)
2026-01-06 23:45:07 - render - INFO - Frame 18 completado en 14.63s (273.6 KB)
2026-01-06 23:45:07 - render - INFO - Frame 22 completado en 14.61s (290.8 KB)
2026-01-06 23:45:07 - render - INFO - Frame 16 completado en 14.63s (271.9 KB)
2026-01-06 23:45:07 - render - INFO - Frame 14 completado en 14.64s (253.9 KB)
2026-01-06 23:45:07 - render - INFO - Frame 6 completado en 14.66s (342.3 KB)
2026-01-06 23:45:07 - render - INFO - Frame 8 completado en 14.66s (382.0 KB)
2026-01-06 23:45:08 - render - INFO - Frame 52 completado en 14.63s (635.7 KB)
2026-01-06 23:45:08 - render - INFO - Frame 2 completado en 14.67s (332.2 KB)
2026-01-06 23:45:08 - render - INFO - Frame 10 completado en 14.64s (367.2 KB)
2026-01-06 23:45:09 - render - INFO - Frame 61 completado en 14.99s (697.1 KB)
2026-01-06 23:45:09 - render - INFO - Frame 63 completado en 16.50s (672.1 KB)
2026-01-06 23:45:11 - render - INFO - Frame 60 completado en 17.61s (719.7 KB)
2026-01-06 23:45:11 - render - INFO - Frame 62 completado en 18.06s (687.0 KB)
2026-01-06 23:45:20 - render - INFO - Frame 65 completado en 17.04s (629.5 KB)
2026-01-06 23:45:20 - render - INFO - Frame 67 completado en 17.10s (584.5 KB)
2026-01-06 23:45:20 - render - INFO - Frame 69 completado en 16.01s (607.6 KB)
2026-01-06 23:45:21 - render - INFO - Frame 71 completado en 15.88s (652.0 KB)
2026-01-06 23:45:21 - render - INFO - Frame 93 completado en 14.30s (605.9 KB)
2026-01-06 23:45:21 - render - INFO - Frame 73 completado en 15.73s (677.2 KB)
2026-01-06 23:45:21 - render - INFO - Frame 99 completado en 14.35s (468.2 KB)
2026-01-06 23:45:21 - render - INFO - Frame 77 completado en 15.60s (706.0 KB)
2026-01-06 23:45:21 - render - INFO - Frame 75 completado en 15.79s (687.0 KB)
2026-01-06 23:45:21 - render - INFO - Frame 83 completado en 15.30s (863.7 KB)
2026-01-06 23:45:21 - render - INFO - Frame 81 completado en 15.37s (817.6 KB)
2026-01-06 23:45:21 - render - INFO - Frame 79 completado en 15.35s (779.2 KB)
2026-01-06 23:45:21 - render - INFO - Frame 91 completado en 14.64s (635.2 KB)
2026-01-06 23:45:21 - render - INFO - Frame 66 completado en 16.07s (594.8 KB)
2026-01-06 23:45:21 - render - INFO - Frame 95 completado en 14.76s (543.8 KB)
2026-01-06 23:45:21 - render - INFO - Frame 97 completado en 14.73s (503.2 KB)
2026-01-06 23:45:21 - render - INFO - Frame 64 completado en 16.15s (650.4 KB)
2026-01-06 23:45:21 - render - INFO - Frame 80 completado en 14.52s (808.7 KB)
2026-01-06 23:45:21 - render - INFO - Frame 85 completado en 15.00s (797.2 KB)
2026-01-06 23:45:21 - render - INFO - Frame 89 completado en 14.85s (655.5 KB)
2026-01-06 23:45:21 - render - INFO - Frame 87 completado en 15.04s (718.0 KB)
2026-01-06 23:45:21 - render - INFO - Frame 68 completado en 15.66s (602.1 KB)
2026-01-06 23:45:21 - render - INFO - Frame 70 completado en 15.72s (624.2 KB)
2026-01-06 23:45:21 - render - INFO - Frame 74 completado en 15.74s (688.4 KB)
2026-01-06 23:45:21 - render - INFO - Frame 72 completado en 15.77s (667.9 KB)
2026-01-06 23:45:21 - render - INFO - Frame 78 completado en 15.24s (731.0 KB)
2026-01-06 23:45:21 - render - INFO - Frame 76 completado en 15.41s (695.8 KB)
2026-01-06 23:45:21 - render - INFO - Frame 82 completado en 15.27s (833.5 KB)
2026-01-06 23:45:22 - render - INFO - Frame 86 completado en 15.26s (759.8 KB)
2026-01-06 23:45:22 - render - INFO - Frame 92 completado en 12.85s (629.2 KB)
2026-01-06 23:45:22 - render - INFO - Frame 98 completado en 12.75s (477.2 KB)
2026-01-06 23:45:22 - render - INFO - Frame 90 completado en 12.82s (648.4 KB)
2026-01-06 23:45:22 - render - INFO - Frame 96 completado en 13.72s (519.6 KB)
2026-01-06 23:45:22 - render - INFO - Frame 94 completado en 12.96s (579.3 KB)
2026-01-06 23:45:22 - render - INFO - Frame 88 completado en 12.96s (678.1 KB)
2026-01-06 23:45:22 - render - INFO - Frame 84 completado en 13.68s (832.8 KB)
2026-01-06 23:45:38 - render - INFO - Frame 0 obtenido del caché
2026-01-06 23:45:38 - render - INFO - Frame 10 obtenido del caché
2026-01-06 23:45:38 - render - INFO - Frame 2 obtenido del caché
2026-01-06 23:45:38 - render - INFO - Frame 4 obtenido del caché
2026-01-06 23:45:38 - render - INFO - Frame 6 obtenido del caché
2026-01-06 23:45:38 - render - INFO - Frame 8 obtenido del caché
2026-01-06 23:45:38 - render - INFO - Frame 14 obtenido del caché
2026-01-06 23:45:38 - render - INFO - Frame 12 obtenido del caché
2026-01-06 23:45:38 - render - INFO - Frame 16 obtenido del caché
2026-01-06 23:45:38 - render - INFO - Frame 26 obtenido del caché
2026-01-06 23:45:38 - render - INFO - Frame 28 obtenido del caché
2026-01-06 23:45:38 - render - INFO - Frame 30 obtenido del caché
2026-01-06 23:45:38 - render - INFO - Frame 18 obtenido del caché
2026-01-06 23:45:38 - render - INFO - Frame 38 obtenido del caché
2026-01-06 23:45:38 - render - INFO - Frame 42 obtenido del caché
2026-01-06 23:45:38 - render - INFO - Frame 22 obtenido del caché
2026-01-06 23:45:38 - render - INFO - Frame 36 obtenido del caché
2026-01-06 23:45:38 - render - INFO - Frame 52 obtenido del caché
2026-01-06 23:45:38 - render - INFO - Frame 34 obtenido del caché
2026-01-06 23:45:38 - render - INFO - Frame 48 obtenido del caché
2026-01-06 23:45:38 - render - INFO - Frame 20 obtenido del caché
2026-01-06 23:45:38 - render - INFO - Frame 24 obtenido del caché
2026-01-06 23:45:38 - render - INFO - Frame 40 obtenido del caché
2026-01-06 23:45:38 - render - INFO - Frame 50 obtenido del caché
2026-01-06 23:45:38 - render - INFO - Frame 32 obtenido del caché
2026-01-06 23:45:38 - render - INFO - Frame 44 obtenido del caché
2026-01-06 23:45:38 - render - INFO - Frame 46 obtenido del caché
2026-01-06 23:45:38 - render - INFO - Frame 56 obtenido del caché
2026-01-06 23:45:38 - render - INFO - Frame 62 obtenido del caché
2026-01-06 23:45:38 - render - INFO - Frame 54 obtenido del caché
2026-01-06 23:45:38 - render - INFO - Frame 60 obtenido del caché
2026-01-06 23:45:38 - render - INFO - Frame 58 obtenido del caché
2026-01-06 23:45:38 - render - INFO - Frame 68 obtenido del caché
2026-01-06 23:45:38 - render - INFO - Frame 64 obtenido del caché
2026-01-06 23:45:38 - render - INFO - Frame 66 obtenido del caché
2026-01-06 23:45:38 - render - INFO - Frame 70 obtenido del caché
2026-01-06 23:45:38 - render - INFO - Frame 72 obtenido del caché
2026-01-06 23:45:38 - render - INFO - Frame 78 obtenido del caché
2026-01-06 23:45:38 - render - INFO - Frame 74 obtenido del caché
2026-01-06 23:45:38 - render - INFO - Frame 76 obtenido del caché
2026-01-06 23:45:38 - render - INFO - Frame 90 obtenido del caché
2026-01-06 23:45:38 - render - INFO - Frame 80 obtenido del caché
2026-01-06 23:45:38 - render - INFO - Frame 82 obtenido del caché
2026-01-06 23:45:38 - render - INFO - Frame 84 obtenido del caché
2026-01-06 23:45:38 - render - INFO - Frame 96 obtenido del caché
2026-01-06 23:45:38 - render - INFO - Frame 86 obtenido del caché
2026-01-06 23:45:38 - render - INFO - Frame 92 obtenido del caché
2026-01-06 23:45:38 - render - INFO - Frame 94 obtenido del caché
2026-01-06 23:45:38 - render - INFO - Frame 88 obtenido del caché
2026-01-06 23:45:38 - render - INFO - Frame 98 obtenido del caché
2026-01-06 23:45:38 - render - INFO - Frame 1 obtenido del caché
2026-01-06 23:45:38 - render - INFO - Frame 3 obtenido del caché
2026-01-06 23:45:38 - render - INFO - Frame 5 obtenido del caché
2026-01-06 23:45:38 - render - INFO - Frame 17 obtenido del caché
2026-01-06 23:45:38 - render - INFO - Frame 23 obtenido del caché
2026-01-06 23:45:38 - render - INFO - Frame 9 obtenido del caché
2026-01-06 23:45:38 - render - INFO - Frame 13 obtenido del caché
2026-01-06 23:45:38 - render - INFO - Frame 7 obtenido del caché
2026-01-06 23:45:38 - render - INFO - Frame 15 obtenido del caché
2026-01-06 23:45:38 - render - INFO - Frame 11 obtenido del caché
2026-01-06 23:45:38 - render - INFO - Frame 57 obtenido del caché
2026-01-06 23:45:38 - render - INFO - Frame 25 obtenido del caché
2026-01-06 23:45:38 - render - INFO - Frame 29 obtenido del caché
2026-01-06 23:45:38 - render - INFO - Frame 31 obtenido del caché
2026-01-06 23:45:38 - render - INFO - Frame 37 obtenido del caché
2026-01-06 23:45:38 - render - INFO - Frame 27 obtenido del caché
2026-01-06 23:45:38 - render - INFO - Frame 19 obtenido del caché
2026-01-06 23:45:38 - render - INFO - Frame 21 obtenido del caché
2026-01-06 23:45:38 - render - INFO - Frame 35 obtenido del caché
2026-01-06 23:45:38 - render - INFO - Frame 41 obtenido del caché
2026-01-06 23:45:38 - render - INFO - Frame 33 obtenido del caché
2026-01-06 23:45:38 - render - INFO - Frame 43 obtenido del caché
2026-01-06 23:45:38 - render - INFO - Frame 49 obtenido del caché
2026-01-06 23:45:38 - render - INFO - Frame 47 obtenido del caché
2026-01-06 23:45:38 - render - INFO - Frame 51 obtenido del caché
2026-01-06 23:45:38 - render - INFO - Frame 45 obtenido del caché
2026-01-06 23:45:38 - render - INFO - Frame 59 obtenido del caché
2026-01-06 23:45:38 - render - INFO - Frame 55 obtenido del caché
2026-01-06 23:45:38 - render - INFO - Frame 53 obtenido del caché
2026-01-06 23:45:38 - render - INFO - Frame 61 obtenido del caché
2026-01-06 23:45:38 - render - INFO - Frame 39 obtenido del caché
2026-01-06 23:45:38 - render - INFO - Frame 63 obtenido del caché
2026-01-06 23:45:38 - render - INFO - Frame 67 obtenido del caché
2026-01-06 23:45:38 - render - INFO - Frame 65 obtenido del caché
2026-01-06 23:45:38 - render - INFO - Frame 69 obtenido del caché
2026-01-06 23:45:38 - render - INFO - Frame 75 obtenido del caché
2026-01-06 23:45:38 - render - INFO - Frame 77 obtenido del caché
2026-01-06 23:45:38 - render - INFO - Frame 71 obtenido del caché
2026-01-06 23:45:38 - render - INFO - Frame 73 obtenido del caché
2026-01-06 23:45:38 - render - INFO - Frame 83 obtenido del caché
2026-01-06 23:45:38 - render - INFO - Frame 81 obtenido del caché
2026-01-06 23:45:38 - render - INFO - Frame 79 obtenido del caché
2026-01-06 23:45:38 - render - INFO - Frame 95 obtenido del caché
2026-01-06 23:45:38 - render - INFO - Frame 85 obtenido del caché
2026-01-06 23:45:38 - render - INFO - Frame 87 obtenido del caché
2026-01-06 23:45:38 - render - INFO - Frame 89 obtenido del caché
2026-01-06 23:45:38 - render - INFO - Frame 93 obtenido del caché
2026-01-06 23:45:38 - render - INFO - Frame 91 obtenido del caché
2026-01-06 23:45:38 - render - INFO - Frame 99 obtenido del caché
2026-01-06 23:45:38 - render - INFO - Frame 97 obtenido del caché
2026-01-07 00:05:39 - render - INFO - Iniciando frame 0 (854x480, 80 iter) - Modo: Optimizado
2026-01-07 00:05:39 - render - INFO - Iniciando frame 1 (854x480, 80 iter) - Modo: Optimizado
2026-01-07 00:05:39 - render - INFO - Iniciando frame 4 (854x480, 80 iter) - Modo: Optimizado
2026-01-07 00:05:39 - render - INFO - Iniciando frame 3 (854x480, 80 iter) - Modo: Optimizado
2026-01-07 00:05:39 - render - INFO - Iniciando frame 2 (854x480, 80 iter) - Modo: Optimizado
2026-01-07 00:05:39 - render - INFO - Iniciando frame 5 (854x480, 80 iter) - Modo: Optimizado
2026-01-07 00:05:39 - render - INFO - Iniciando frame 14 (854x480, 80 iter) - Modo: Optimizado
2026-01-07 00:05:39 - render - INFO - Iniciando frame 16 (854x480, 80 iter) - Modo: Optimizado
2026-01-07 00:05:39 - render - INFO - Iniciando frame 27 (854x480, 80 iter) - Modo: Optimizado
2026-01-07 00:05:39 - render - INFO - Iniciando frame 18 (854x480, 80 iter) - Modo: Optimizado
2026-01-07 00:05:39 - render - INFO - Iniciando frame 19 (854x480, 80 iter) - Modo: Optimizado
2026-01-07 00:05:39 - render - INFO - Iniciando frame 20 (854x480, 80 iter) - Modo: Optimizado
2026-01-07 00:05:39 - render - INFO - Iniciando frame 21 (854x480, 80 iter) - Modo: Optimizado
2026-01-07 00:05:39 - render - INFO - Iniciando frame 28 (854x480, 80 iter) - Modo: Optimizado
2026-01-07 00:05:39 - render - INFO - Iniciando frame 7 (854x480, 80 iter) - Modo: Optimizado
2026-01-07 00:05:39 - render - INFO - Iniciando frame 8 (854x480, 80 iter) - Modo: Optimizado
2026-01-07 00:05:39 - render - INFO - Iniciando frame 9 (854x480, 80 iter) - Modo: Optimizado
2026-01-07 00:05:39 - render - INFO - Iniciando frame 10 (854x480, 80 iter) - Modo: Optimizado
2026-01-07 00:05:39 - render - INFO - Iniciando frame 11 (854x480, 80 iter) - Modo: Optimizado
2026-01-07 00:05:39 - render - INFO - Iniciando frame 12 (854x480, 80 iter) - Modo: Optimizado
2026-01-07 00:05:39 - render - INFO - Iniciando frame 13 (854x480, 80 iter) - Modo: Optimizado
2026-01-07 00:05:39 - render - INFO - Iniciando frame 15 (854x480, 80 iter) - Modo: Optimizado
2026-01-07 00:05:39 - render - INFO - Iniciando frame 22 (854x480, 80 iter) - Modo: Optimizado
2026-01-07 00:05:39 - render - INFO - Iniciando frame 23 (854x480, 80 iter) - Modo: Optimizado
2026-01-07 00:05:39 - render - INFO - Iniciando frame 24 (854x480, 80 iter) - Modo: Optimizado
2026-01-07 00:05:39 - render - INFO - Iniciando frame 25 (854x480, 80 iter) - Modo: Optimizado
2026-01-07 00:05:39 - render - INFO - Iniciando frame 6 (854x480, 80 iter) - Modo: Optimizado
2026-01-07 00:05:39 - render - INFO - Iniciando frame 26 (854x480, 80 iter) - Modo: Optimizado
2026-01-07 00:05:39 - render - INFO - Iniciando frame 17 (854x480, 80 iter) - Modo: Optimizado
2026-01-07 00:05:39 - render - INFO - Iniciando frame 29 (854x480, 80 iter) - Modo: Optimizado
2026-01-07 00:05:47 - render - INFO - Frame 5 completado en 7.67s (56.7 KB)
2026-01-07 00:05:47 - render - INFO - Frame 12 completado en 7.65s (71.5 KB)
2026-01-07 00:05:47 - render - INFO - Frame 25 completado en 7.66s (59.1 KB)
2026-01-07 00:05:47 - render - INFO - Frame 9 completado en 7.67s (59.6 KB)
2026-01-07 00:05:47 - render - INFO - Frame 0 completado en 7.78s (67.8 KB)
2026-01-07 00:05:47 - render - INFO - Frame 2 completado en 7.78s (82.8 KB)
2026-01-07 00:05:48 - render - INFO - Frame 4 completado en 8.75s (80.3 KB)
2026-01-07 00:05:48 - render - INFO - Frame 15 completado en 8.65s (52.1 KB)
2026-01-07 00:05:48 - render - INFO - Frame 3 completado en 8.82s (91.5 KB)
2026-01-07 00:05:48 - render - INFO - Frame 28 completado en 8.77s (55.5 KB)
2026-01-07 00:05:48 - render - INFO - Frame 20 completado en 8.80s (83.1 KB)
2026-01-07 00:05:48 - render - INFO - Frame 6 completado en 8.81s (57.9 KB)
2026-01-07 00:05:48 - render - INFO - Frame 8 completado en 8.82s (57.5 KB)
2026-01-07 00:05:48 - render - INFO - Frame 13 completado en 8.82s (66.0 KB)
2026-01-07 00:05:48 - render - INFO - Frame 1 completado en 8.96s (92.0 KB)
2026-01-07 00:05:48 - render - INFO - Frame 19 completado en 8.85s (77.7 KB)
2026-01-07 00:05:48 - render - INFO - Frame 21 completado en 8.86s (77.0 KB)
2026-01-07 00:05:48 - render - INFO - Frame 11 completado en 8.87s (68.7 KB)
2026-01-07 00:05:48 - render - INFO - Frame 24 completado en 8.89s (62.9 KB)
2026-01-07 00:05:48 - render - INFO - Frame 27 completado en 8.89s (57.0 KB)
2026-01-07 00:05:48 - render - INFO - Frame 22 completado en 8.92s (73.8 KB)
2026-01-07 00:05:48 - render - INFO - Frame 18 completado en 8.92s (66.7 KB)
2026-01-07 00:05:48 - render - INFO - Frame 7 completado en 8.93s (56.7 KB)
2026-01-07 00:05:48 - render - INFO - Frame 10 completado en 8.94s (63.4 KB)
2026-01-07 00:05:48 - render - INFO - Frame 14 completado en 8.97s (53.9 KB)
2026-01-07 00:05:48 - render - INFO - Frame 16 completado en 8.98s (56.9 KB)
2026-01-07 00:05:48 - render - INFO - Frame 26 completado en 8.90s (56.1 KB)
2026-01-07 00:05:48 - render - INFO - Frame 17 completado en 8.91s (60.9 KB)
2026-01-07 00:05:48 - render - INFO - Frame 23 completado en 9.00s (72.9 KB)
2026-01-07 00:05:48 - render - INFO - Frame 29 completado en 8.91s (55.5 KB)
2026-01-07 00:06:42 - render - INFO - Iniciando frame 0 (854x480, 80 iter) - Modo: Optimizado
2026-01-07 00:06:42 - render - INFO - Iniciando frame 3 (854x480, 80 iter) - Modo: Optimizado
2026-01-07 00:06:42 - render - INFO - Iniciando frame 4 (854x480, 80 iter) - Modo: Optimizado
2026-01-07 00:06:42 - render - INFO - Iniciando frame 2 (854x480, 80 iter) - Modo: Optimizado
2026-01-07 00:06:42 - render - INFO - Iniciando frame 1 (854x480, 80 iter) - Modo: Optimizado
2026-01-07 00:06:42 - render - INFO - Iniciando frame 6 (854x480, 80 iter) - Modo: Optimizado
2026-01-07 00:06:42 - render - INFO - Iniciando frame 12 (854x480, 80 iter) - Modo: Optimizado
2026-01-07 00:06:42 - render - INFO - Iniciando frame 5 (854x480, 80 iter) - Modo: Optimizado
2026-01-07 00:06:42 - render - INFO - Iniciando frame 7 (854x480, 80 iter) - Modo: Optimizado
2026-01-07 00:06:42 - render - INFO - Iniciando frame 10 (854x480, 80 iter) - Modo: Optimizado
2026-01-07 00:06:42 - render - INFO - Iniciando frame 11 (854x480, 80 iter) - Modo: Optimizado
2026-01-07 00:06:42 - render - INFO - Iniciando frame 13 (854x480, 80 iter) - Modo: Optimizado
2026-01-07 00:06:42 - render - INFO - Iniciando frame 15 (854x480, 80 iter) - Modo: Optimizado
2026-01-07 00:06:42 - render - INFO - Iniciando frame 16 (854x480, 80 iter) - Modo: Optimizado
2026-01-07 00:06:42 - render - INFO - Iniciando frame 17 (854x480, 80 iter) - Modo: Optimizado
2026-01-07 00:06:42 - render - INFO - Iniciando frame 18 (854x480, 80 iter) - Modo: Optimizado
2026-01-07 00:06:42 - render - INFO - Iniciando frame 19 (854x480, 80 iter) - Modo: Optimizado
2026-01-07 00:06:42 - render - INFO - Iniciando frame 8 (854x480, 80 iter) - Modo: Optimizado
2026-01-07 00:06:42 - render - INFO - Iniciando frame 9 (854x480, 80 iter) - Modo: Optimizado
2026-01-07 00:06:42 - render - INFO - Iniciando frame 14 (854x480, 80 iter) - Modo: Optimizado
2026-01-07 00:06:42 - render - INFO - Iniciando frame 21 (854x480, 80 iter) - Modo: Optimizado
2026-01-07 00:06:42 - render - INFO - Iniciando frame 20 (854x480, 80 iter) - Modo: Optimizado
2026-01-07 00:06:42 - render - INFO - Iniciando frame 22 (854x480, 80 iter) - Modo: Optimizado
2026-01-07 00:06:42 - render - INFO - Iniciando frame 29 (854x480, 80 iter) - Modo: Optimizado
2026-01-07 00:06:42 - render - INFO - Iniciando frame 24 (854x480, 80 iter) - Modo: Optimizado
2026-01-07 00:06:42 - render - INFO - Iniciando frame 25 (854x480, 80 iter) - Modo: Optimizado
2026-01-07 00:06:42 - render - INFO - Iniciando frame 26 (854x480, 80 iter) - Modo: Optimizado
2026-01-07 00:06:42 - render - INFO - Iniciando frame 27 (854x480, 80 iter) - Modo: Optimizado
2026-01-07 00:06:42 - render - INFO - Iniciando frame 28 (854x480, 80 iter) - Modo: Optimizado
2026-01-07 00:06:42 - render - INFO - Iniciando frame 23 (854x480, 80 iter) - Modo: Optimizado
2026-01-07 00:06:44 - render - INFO - Frame 17 completado en 1.88s (60.9 KB)
2026-01-07 00:06:44 - render - INFO - Frame 18 completado en 1.97s (66.7 KB)
2026-01-07 00:06:45 - render - INFO - Frame 2 completado en 2.43s (82.8 KB)
2026-01-07 00:06:45 - render - INFO - Frame 0 completado en 2.52s (67.8 KB)
2026-01-07 00:06:45 - render - INFO - Frame 20 completado en 2.53s (83.1 KB)
2026-01-07 00:06:45 - render - INFO - Frame 7 completado en 2.54s (56.7 KB)
2026-01-07 00:06:45 - render - INFO - Frame 19 completado en 2.55s (77.7 KB)
2026-01-07 00:06:45 - render - INFO - Frame 6 completado en 2.57s (57.9 KB)
2026-01-07 00:06:45 - render - INFO - Frame 15 completado en 2.56s (52.1 KB)
2026-01-07 00:06:45 - render - INFO - Frame 16 completado en 2.58s (56.9 KB)
2026-01-07 00:06:45 - render - INFO - Frame 23 completado en 2.60s (72.9 KB)
2026-01-07 00:06:45 - render - INFO - Frame 9 completado en 2.62s (59.6 KB)
2026-01-07 00:06:45 - render - INFO - Frame 10 completado en 2.61s (63.4 KB)
2026-01-07 00:06:45 - render - INFO - Frame 24 completado en 2.63s (62.9 KB)
2026-01-07 00:06:45 - render - INFO - Frame 25 completado en 2.63s (59.1 KB)
2026-01-07 00:06:45 - render - INFO - Frame 8 completado en 2.64s (57.5 KB)
2026-01-07 00:06:45 - render - INFO - Frame 29 completado en 2.65s (55.5 KB)
2026-01-07 00:06:45 - render - INFO - Frame 26 completado en 2.65s (56.1 KB)
2026-01-07 00:06:45 - render - INFO - Frame 5 completado en 2.66s (56.7 KB)
2026-01-07 00:06:45 - render - INFO - Frame 13 completado en 2.67s (66.0 KB)
2026-01-07 00:06:45 - render - INFO - Frame 1 completado en 2.68s (92.0 KB)
2026-01-07 00:06:45 - render - INFO - Frame 14 completado en 2.67s (53.9 KB)
2026-01-07 00:06:45 - render - INFO - Frame 28 completado en 2.66s (55.5 KB)
2026-01-07 00:06:45 - render - INFO - Frame 11 completado en 2.67s (68.7 KB)
2026-01-07 00:06:45 - render - INFO - Frame 4 completado en 2.69s (80.3 KB)
2026-01-07 00:06:45 - render - INFO - Frame 3 completado en 2.68s (91.5 KB)
2026-01-07 00:06:45 - render - INFO - Frame 27 completado en 2.67s (57.0 KB)
2026-01-07 00:06:45 - render - INFO - Frame 22 completado en 2.67s (73.8 KB)
2026-01-07 00:06:45 - render - INFO - Frame 12 completado en 2.68s (71.5 KB)
2026-01-07 00:06:45 - render - INFO - Frame 21 completado en 2.68s (77.0 KB)
2026-01-30 07:51:04 - render - INFO - Iniciando frame 0 - julia (800x600, 100 iter) - Modo: Optimizado
2026-01-30 07:51:10 - render - INFO - Frame 0 completado en 6.33s (102.5 KB)
2026-01-30 07:51:10 - render - INFO - Iniciando frame 0 - mandelbrot (800x600, 100 iter) - Modo: Optimizado
2026-01-30 07:51:12 - render - INFO - Frame 0 completado en 1.27s (80.9 KB)
2026-01-30 07:55:22 - render - INFO - Iniciando frame 0 - mandelbrot (854x480, 80 iter) - Modo: Optimizado
2026-01-30 07:55:22 - render - INFO - Iniciando frame 3 - mandelbrot (854x480, 80 iter) - Modo: Optimizado
2026-01-30 07:55:22 - render - INFO - Iniciando frame 5 - mandelbrot (854x480, 80 iter) - Modo: Optimizado
2026-01-30 07:55:22 - render - INFO - Iniciando frame 1 - mandelbrot (854x480, 80 iter) - Modo: Optimizado
2026-01-30 07:55:22 - render - INFO - Iniciando frame 6 - mandelbrot (854x480, 80 iter) - Modo: Optimizado
2026-01-30 07:55:22 - render - INFO - Iniciando frame 2 - mandelbrot (854x480, 80 iter) - Modo: Optimizado
2026-01-30 07:55:22 - render - INFO - Iniciando frame 4 - mandelbrot (854x480, 80 iter) - Modo: Optimizado
2026-01-30 07:55:22 - render - INFO - Iniciando frame 8 - mandelbrot (854x480, 80 iter) - Modo: Optimizado
2026-01-30 07:55:22 - render - INFO - Iniciando frame 9 - mandelbrot (854x480, 80 iter) - Modo: Optimizado
2026-01-30 07:55:22 - render - INFO - Iniciando frame 7 - mandelbrot (854x480, 80 iter) - Modo: Optimizado
2026-01-30 07:55:26 - render - INFO - Frame 6 completado en 3.41s (1.2 KB)
2026-01-30 07:55:26 - render - INFO - Frame 2 completado en 3.44s (37.7 KB)
2026-01-30 07:55:26 - render - INFO - Frame 3 completado en 3.48s (14.3 KB)
2026-01-30 07:55:26 - render - INFO - Frame 8 completado en 3.49s (1.2 KB)
2026-01-30 07:55:26 - render - INFO - Frame 7 completado en 3.49s (1.2 KB)
2026-01-30 07:55:26 - render - INFO - Frame 5 completado en 3.51s (1.2 KB)
2026-01-30 07:55:26 - render - INFO - Frame 9 completado en 3.50s (1.2 KB)
2026-01-30 07:55:26 - render - INFO - Frame 4 completado en 3.51s (1.2 KB)
2026-01-30 07:55:26 - render - INFO - Frame 0 completado en 3.53s (65.7 KB)
2026-01-30 07:55:26 - render - INFO - Frame 1 completado en 3.53s (84.6 KB)
2026-01-30 07:59:52 - render - INFO - Iniciando frame 0 - julia (854x480, 80 iter) - Modo: Optimizado
2026-01-30 07:59:52 - render - INFO - Iniciando frame 7 - julia (854x480, 80 iter) - Modo: Optimizado
2026-01-30 07:59:52 - render - INFO - Iniciando frame 3 - julia (854x480, 80 iter) - Modo: Optimizado
2026-01-30 07:59:52 - render - INFO - Iniciando frame 8 - julia (854x480, 80 iter) - Modo: Optimizado
2026-01-30 07:59:52 - render - INFO - Iniciando frame 2 - julia (854x480, 80 iter) - Modo: Optimizado
2026-01-30 07:59:52 - render - INFO - Iniciando frame 1 - julia (854x480, 80 iter) - Modo: Optimizado
2026-01-30 07:59:52 - render - INFO - Iniciando frame 4 - julia (854x480, 80 iter) - Modo: Optimizado
2026-01-30 07:59:52 - render - INFO - Iniciando frame 5 - julia (854x480, 80 iter) - Modo: Optimizado
2026-01-30 07:59:52 - render - INFO - Iniciando frame 6 - julia (854x480, 80 iter) - Modo: Optimizado
2026-01-30 07:59:52 - render - INFO - Iniciando frame 9 - julia (854x480, 80 iter) - Modo: Optimizado
2026-01-30 07:59:58 - render - INFO - Frame 7 completado en 5.81s (11.3 KB)
2026-01-30 07:59:58 - render - INFO - Frame 3 completado en 5.85s (96.3 KB)
2026-01-30 07:59:58 - render - INFO - Frame 8 completado en 5.91s (2.3 KB)
2026-01-30 07:59:58 - render - INFO - Frame 4 completado en 5.95s (91.2 KB)
2026-01-30 07:59:58 - render - INFO - Frame 1 completado en 5.97s (92.5 KB)
2026-01-30 07:59:58 - render - INFO - Frame 6 completado en 6.05s (24.0 KB)
2026-01-30 07:59:58 - render - INFO - Frame 0 completado en 6.14s (51.9 KB)
2026-01-30 07:59:58 - render - INFO - Frame 5 completado en 6.21s (59.1 KB)
2026-01-30 07:59:58 - render - INFO - Frame 2 completado en 6.27s (118.2 KB)
2026-01-30 07:59:58 - render - INFO - Frame 9 completado en 6.36s (1.2 KB)
2026-01-30 08:00:16 - render - INFO - Frame 1 obtenido del caché
2026-01-30 08:00:16 - render - INFO - Frame 0 obtenido del caché
2026-01-30 08:00:16 - render - INFO - Frame 2 obtenido del caché
2026-01-30 08:00:16 - render - INFO - Frame 5 obtenido del caché
2026-01-30 08:00:16 - render - INFO - Frame 9 obtenido del caché
2026-01-30 08:00:16 - render - INFO - Frame 8 obtenido del caché
2026-01-30 08:00:16 - render - INFO - Frame 7 obtenido del caché
2026-01-30 08:00:16 - render - INFO - Frame 4 obtenido del caché
2026-01-30 08:00:16 - render - INFO - Frame 6 obtenido del caché
2026-01-30 08:00:16 - render - INFO - Frame 3 obtenido del caché
2026-01-30 08:04:25 - render - INFO - Iniciando frame 0 - mandelbrot (1920x1080, 150 iter) - Modo: Optimizado
2026-01-30 08:04:25 - render - INFO - Iniciando frame 2 - mandelbrot (1920x1080, 150 iter) - Modo: Optimizado
2026-01-30 08:04:25 - render - INFO - Iniciando frame 1 - mandelbrot (1920x1080, 150 iter) - Modo: Optimizado
2026-01-30 08:04:25 - render - INFO - Iniciando frame 9 - mandelbrot (1920x1080, 150 iter) - Modo: Optimizado
2026-01-30 08:04:25 - render - INFO - Iniciando frame 14 - mandelbrot (1920x1080, 150 iter) - Modo: Optimizado
2026-01-30 08:04:25 - render - INFO - Iniciando frame 5 - mandelbrot (1920x1080, 150 iter) - Modo: Optimizado
2026-01-30 08:04:25 - render - INFO - Iniciando frame 4 - mandelbrot (1920x1080, 150 iter) - Modo: Optimizado
2026-01-30 08:04:25 - render - INFO - Iniciando frame 6 - mandelbrot (1920x1080, 150 iter) - Modo: Optimizado
2026-01-30 08:04:25 - render - INFO - Iniciando frame 3 - mandelbrot (1920x1080, 150 iter) - Modo: Optimizado
2026-01-30 08:04:25 - render - INFO - Iniciando frame 7 - mandelbrot (1920x1080, 150 iter) - Modo: Optimizado
2026-01-30 08:04:25 - render - INFO - Iniciando frame 12 - mandelbrot (1920x1080, 150 iter) - Modo: Optimizado
2026-01-30 08:04:25 - render - INFO - Iniciando frame 13 - mandelbrot (1920x1080, 150 iter) - Modo: Optimizado
2026-01-30 08:04:25 - render - INFO - Iniciando frame 10 - mandelbrot (1920x1080, 150 iter) - Modo: Optimizado
2026-01-30 08:04:25 - render - INFO - Iniciando frame 11 - mandelbrot (1920x1080, 150 iter) - Modo: Optimizado
2026-01-30 08:04:25 - render - INFO - Iniciando frame 8 - mandelbrot (1920x1080, 150 iter) - Modo: Optimizado
2026-01-30 08:04:25 - render - INFO - Iniciando frame 16 - mandelbrot (1920x1080, 150 iter) - Modo: Optimizado
2026-01-30 08:04:25 - render - INFO - Iniciando frame 20 - mandelbrot (1920x1080, 150 iter) - Modo: Optimizado
2026-01-30 08:04:25 - render - INFO - Iniciando frame 23 - mandelbrot (1920x1080, 150 iter) - Modo: Optimizado
2026-01-30 08:04:25 - render - INFO - Iniciando frame 17 - mandelbrot (1920x1080, 150 iter) - Modo: Optimizado
2026-01-30 08:04:25 - render - INFO - Iniciando frame 15 - mandelbrot (1920x1080, 150 iter) - Modo: Optimizado
2026-01-30 08:04:25 - render - INFO - Iniciando frame 24 - mandelbrot (1920x1080, 150 iter) - Modo: Optimizado
2026-01-30 08:04:25 - render - INFO - Iniciando frame 18 - mandelbrot (1920x1080, 150 iter) - Modo: Optimizado
2026-01-30 08:04:25 - render - INFO - Iniciando frame 22 - mandelbrot (1920x1080, 150 iter) - Modo: Optimizado
2026-01-30 08:04:25 - render - INFO - Iniciando frame 26 - mandelbrot (1920x1080, 150 iter) - Modo: Optimizado
2026-01-30 08:04:25 - render - INFO - Iniciando frame 25 - mandelbrot (1920x1080, 150 iter) - Modo: Optimizado
2026-01-30 08:04:25 - render - INFO - Iniciando frame 19 - mandelbrot (1920x1080, 150 iter) - Modo: Optimizado
2026-01-30 08:04:25 - render - INFO - Iniciando frame 21 - mandelbrot (1920x1080, 150 iter) - Modo: Optimizado
2026-01-30 08:04:25 - render - INFO - Iniciando frame 28 - mandelbrot (1920x1080, 150 iter) - Modo: Optimizado
2026-01-30 08:04:25 - render - INFO - Iniciando frame 30 - mandelbrot (1920x1080, 150 iter) - Modo: Optimizado
2026-01-30 08:04:25 - render - INFO - Iniciando frame 27 - mandelbrot (1920x1080, 150 iter) - Modo: Optimizado
2026-01-30 08:04:25 - render - INFO - Iniciando frame 31 - mandelbrot (1920x1080, 150 iter) - Modo: Optimizado
2026-01-30 08:04:25 - render - INFO - Iniciando frame 29 - mandelbrot (1920x1080, 150 iter) - Modo: Optimizado
2026-01-30 08:04:32 - render - INFO - Frame 1 completado en 6.24s (292.8 KB)
2026-01-30 08:04:32 - render - INFO - Iniciando frame 32 - mandelbrot (1920x1080, 150 iter) - Modo: Optimizado
2026-01-30 08:04:32 - render - INFO - Frame 5 completado en 6.43s (342.1 KB)
2026-01-30 08:04:32 - render - INFO - Iniciando frame 33 - mandelbrot (1920x1080, 150 iter) - Modo: Optimizado
2026-01-30 08:04:32 - render - INFO - Frame 13 completado en 6.48s (275.3 KB)
2026-01-30 08:04:32 - render - INFO - Iniciando frame 34 - mandelbrot (1920x1080, 150 iter) - Modo: Optimizado
2026-01-30 08:04:32 - render - INFO - Frame 3 completado en 6.57s (366.2 KB)
2026-01-30 08:04:32 - render - INFO - Iniciando frame 35 - mandelbrot (1920x1080, 150 iter) - Modo: Optimizado
2026-01-30 08:04:32 - render - INFO - Frame 30 completado en 6.69s (396.6 KB)
2026-01-30 08:04:32 - render - INFO - Frame 25 completado en 6.70s (317.4 KB)
2026-01-30 08:04:32 - render - INFO - Frame 19 completado en 6.70s (278.3 KB)
2026-01-30 08:04:32 - render - INFO - Iniciando frame 36 - mandelbrot (1920x1080, 150 iter) - Modo: Optimizado
2026-01-30 08:04:32 - render - INFO - Iniciando frame 37 - mandelbrot (1920x1080, 150 iter) - Modo: Optimizado
2026-01-30 08:04:32 - render - INFO - Iniciando frame 38 - mandelbrot (1920x1080, 150 iter) - Modo: Optimizado
2026-01-30 08:04:32 - render - INFO - Frame 26 completado en 6.83s (336.1 KB)
2026-01-30 08:04:32 - render - INFO - Frame 16 completado en 6.85s (271.9 KB)
2026-01-30 08:04:32 - render - INFO - Frame 7 completado en 6.89s (360.9 KB)
2026-01-30 08:04:33 - render - INFO - Frame 4 completado en 7.08s (389.4 KB)
2026-01-30 08:04:33 - render - INFO - Iniciando frame 39 - mandelbrot (1920x1080, 150 iter) - Modo: Optimizado
2026-01-30 08:04:33 - render - INFO - Frame 27 completado en 7.05s (344.1 KB)
2026-01-30 08:04:33 - render - INFO - Frame 23 completado en 7.14s (302.1 KB)
2026-01-30 08:04:33 - render - INFO - Iniciando frame 40 - mandelbrot (1920x1080, 150 iter) - Modo: Optimizado
2026-01-30 08:04:33 - render - INFO - Iniciando frame 41 - mandelbrot (1920x1080, 150 iter) - Modo: Optimizado
2026-01-30 08:04:33 - render - INFO - Frame 24 completado en 7.17s (305.8 KB)
2026-01-30 08:04:33 - render - INFO - Frame 12 completado en 7.23s (314.8 KB)
2026-01-30 08:04:33 - render - INFO - Frame 31 completado en 7.19s (408.7 KB)
2026-01-30 08:04:33 - render - INFO - Iniciando frame 43 - mandelbrot (1920x1080, 150 iter) - Modo: Optimizado
2026-01-30 08:04:33 - render - INFO - Frame 9 completado en 7.28s (382.3 KB)
2026-01-30 08:04:33 - render - INFO - Iniciando frame 42 - mandelbrot (1920x1080, 150 iter) - Modo: Optimizado
2026-01-30 08:04:33 - render - INFO - Frame 14 completado en 7.25s (253.9 KB)
2026-01-30 08:04:33 - render - INFO - Frame 29 completado en 7.27s (380.6 KB)
2026-01-30 08:04:33 - render - INFO - Iniciando frame 44 - mandelbrot (1920x1080, 150 iter) - Modo: Optimizado
2026-01-30 08:04:33 - render - INFO - Frame 22 completado en 7.35s (290.8 KB)
2026-01-30 08:04:33 - render - INFO - Frame 11 completado en 7.32s (356.6 KB)
2026-01-30 08:04:33 - render - INFO - Iniciando frame 45 - mandelbrot (1920x1080, 150 iter) - Modo: Optimizado
2026-01-30 08:04:33 - render - INFO - Frame 18 completado en 7.55s (273.6 KB)
2026-01-30 08:04:33 - render - INFO - Iniciando frame 46 - mandelbrot (1920x1080, 150 iter) - Modo: Optimizado
2026-01-30 08:04:33 - render - INFO - Iniciando frame 47 - mandelbrot (1920x1080, 150 iter) - Modo: Optimizado
2026-01-30 08:04:33 - render - INFO - Iniciando frame 48 - mandelbrot (1920x1080, 150 iter) - Modo: Optimizado
2026-01-30 08:04:33 - render - INFO - Iniciando frame 50 - mandelbrot (1920x1080, 150 iter) - Modo: Optimizado
2026-01-30 08:04:33 - render - INFO - Iniciando frame 51 - mandelbrot (1920x1080, 150 iter) - Modo: Optimizado
2026-01-30 08:04:33 - render - INFO - Iniciando frame 49 - mandelbrot (1920x1080, 150 iter) - Modo: Optimizado
2026-01-30 08:04:33 - render - INFO - Frame 21 completado en 7.65s (285.9 KB)
2026-01-30 08:04:33 - render - INFO - Frame 20 completado en 7.69s (278.0 KB)
2026-01-30 08:04:33 - render - INFO - Frame 6 completado en 7.69s (342.3 KB)
2026-01-30 08:04:33 - render - INFO - Frame 10 completado en 7.68s (367.2 KB)
2026-01-30 08:04:33 - render - INFO - Iniciando frame 52 - mandelbrot (1920x1080, 150 iter) - Modo: Optimizado
2026-01-30 08:04:33 - render - INFO - Iniciando frame 53 - mandelbrot (1920x1080, 150 iter) - Modo: Optimizado
2026-01-30 08:04:33 - render - INFO - Frame 28 completado en 7.69s (357.4 KB)
2026-01-30 08:04:33 - render - INFO - Frame 17 completado en 7.70s (269.1 KB)
2026-01-30 08:04:33 - render - INFO - Frame 8 completado en 7.72s (382.0 KB)
2026-01-30 08:04:33 - render - INFO - Frame 2 completado en 7.78s (332.2 KB)
2026-01-30 08:04:33 - render - INFO - Frame 0 completado en 7.81s (257.2 KB)
2026-01-30 08:04:34 - render - INFO - Iniciando frame 54 - mandelbrot (1920x1080, 150 iter) - Modo: Optimizado
2026-01-30 08:04:34 - render - INFO - Frame 15 completado en 7.71s (263.7 KB)
2026-01-30 08:04:34 - render - INFO - Iniciando frame 55 - mandelbrot (1920x1080, 150 iter) - Modo: Optimizado
2026-01-30 08:04:34 - render - INFO - Iniciando frame 57 - mandelbrot (1920x1080, 150 iter) - Modo: Optimizado
2026-01-30 08:04:34 - render - INFO - Iniciando frame 56 - mandelbrot (1920x1080, 150 iter) - Modo: Optimizado
2026-01-30 08:04:34 - render - INFO - Iniciando frame 58 - mandelbrot (1920x1080, 150 iter) - Modo: Optimizado
2026-01-30 08:04:34 - render - INFO - Iniciando frame 62 - mandelbrot (1920x1080, 150 iter) - Modo: Optimizado
2026-01-30 08:04:34 - render - INFO - Iniciando frame 59 - mandelbrot (1920x1080, 150 iter) - Modo: Optimizado
2026-01-30 08:04:34 - render - INFO - Iniciando frame 60 - mandelbrot (1920x1080, 150 iter) - Modo: Optimizado
2026-01-30 08:04:34 - render - INFO - Iniciando frame 61 - mandelbrot (1920x1080, 150 iter) - Modo: Optimizado
2026-01-30 08:04:34 - render - INFO - Iniciando frame 63 - mandelbrot (1920x1080, 150 iter) - Modo: Optimizado
2026-01-30 08:04:38 - render - INFO - Frame 32 completado en 6.16s (423.0 KB)
2026-01-30 08:04:38 - render - INFO - Iniciando frame 64 - mandelbrot (1920x1080, 150 iter) - Modo: Optimizado
2026-01-30 08:04:38 - render - INFO - Frame 34 completado en 6.32s (450.7 KB)
2026-01-30 08:04:38 - render - INFO - Iniciando frame 65 - mandelbrot (1920x1080, 150 iter) - Modo: Optimizado
2026-01-30 08:04:39 - render - INFO - Frame 33 completado en 6.49s (441.9 KB)
2026-01-30 08:04:39 - render - INFO - Iniciando frame 66 - mandelbrot (1920x1080, 150 iter) - Modo: Optimizado
2026-01-30 08:04:39 - render - INFO - Frame 36 completado en 6.42s (440.2 KB)
2026-01-30 08:04:39 - render - INFO - Iniciando frame 67 - mandelbrot (1920x1080, 150 iter) - Modo: Optimizado
2026-01-30 08:04:39 - render - INFO - Frame 35 completado en 6.64s (446.7 KB)
2026-01-30 08:04:39 - render - INFO - Iniciando frame 68 - mandelbrot (1920x1080, 150 iter) - Modo: Optimizado
2026-01-30 08:04:39 - render - INFO - Frame 38 completado en 6.58s (408.8 KB)
2026-01-30 08:04:39 - render - INFO - Frame 41 completado en 6.21s (355.7 KB)
2026-01-30 08:04:39 - render - INFO - Iniciando frame 69 - mandelbrot (1920x1080, 150 iter) - Modo: Optimizado
2026-01-30 08:04:39 - render - INFO - Frame 37 completado en 6.71s (425.4 KB)
2026-01-30 08:04:39 - render - INFO - Iniciando frame 70 - mandelbrot (1920x1080, 150 iter) - Modo: Optimizado
2026-01-30 08:04:39 - render - INFO - Frame 39 completado en 6.37s (381.4 KB)
2026-01-30 08:04:39 - render - INFO - Iniciando frame 71 - mandelbrot (1920x1080, 150 iter) - Modo: Optimizado
2026-01-30 08:04:39 - render - INFO - Iniciando frame 72 - mandelbrot (1920x1080, 150 iter) - Modo: Optimizado
2026-01-30 08:04:40 - render - INFO - Frame 43 completado en 6.25s (389.8 KB)
2026-01-30 08:04:40 - render - INFO - Frame 45 completado en 6.20s (433.9 KB)
2026-01-30 08:04:40 - render - INFO - Iniciando frame 73 - mandelbrot (1920x1080, 150 iter) - Modo: Optimizado
2026-01-30 08:04:40 - render - INFO - Iniciando frame 74 - mandelbrot (1920x1080, 150 iter) - Modo: Optimizado
2026-01-30 08:04:40 - render - INFO - Frame 47 completado en 6.23s (505.0 KB)
2026-01-30 08:04:40 - render - INFO - Iniciando frame 75 - mandelbrot (1920x1080, 150 iter) - Modo: Optimizado
2026-01-30 08:04:40 - render - INFO - Frame 44 completado en 6.47s (401.8 KB)
2026-01-30 08:04:40 - render - INFO - Frame 40 completado en 6.99s (356.8 KB)
2026-01-30 08:04:40 - render - INFO - Frame 52 completado en 6.36s (635.7 KB)
2026-01-30 08:04:40 - render - INFO - Iniciando frame 76 - mandelbrot (1920x1080, 150 iter) - Modo: Optimizado
2026-01-30 08:04:40 - render - INFO - Iniciando frame 77 - mandelbrot (1920x1080, 150 iter) - Modo: Optimizado
2026-01-30 08:04:40 - render - INFO - Iniciando frame 78 - mandelbrot (1920x1080, 150 iter) - Modo: Optimizado
2026-01-30 08:04:40 - render - INFO - Frame 48 completado en 6.58s (517.2 KB)
2026-01-30 08:04:40 - render - INFO - Frame 49 completado en 6.64s (537.4 KB)
2026-01-30 08:04:40 - render - INFO - Iniciando frame 79 - mandelbrot (1920x1080, 150 iter) - Modo: Optimizado
2026-01-30 08:04:40 - render - INFO - Iniciando frame 80 - mandelbrot (1920x1080, 150 iter) - Modo: Optimizado
2026-01-30 08:04:41 - render - INFO - Frame 46 completado en 7.15s (465.7 KB)
2026-01-30 08:04:41 - render - INFO - Iniciando frame 81 - mandelbrot (1920x1080, 150 iter) - Modo: Optimizado
2026-01-30 08:04:41 - render - INFO - Frame 42 completado en 7.33s (373.8 KB)
2026-01-30 08:04:41 - render - INFO - Iniciando frame 82 - mandelbrot (1920x1080, 150 iter) - Modo: Optimizado
2026-01-30 08:04:41 - render - INFO - Frame 50 completado en 7.52s (569.2 KB)
2026-01-30 08:04:41 - render - INFO - Frame 51 completado en 7.55s (597.4 KB)
2026-01-30 08:04:41 - render - INFO - Frame 62 completado en 6.70s (687.0 KB)
2026-01-30 08:04:41 - render - INFO - Iniciando frame 83 - mandelbrot (1920x1080, 150 iter) - Modo: Optimizado
2026-01-30 08:04:41 - render - INFO - Iniciando frame 84 - mandelbrot (1920x1080, 150 iter) - Modo: Optimizado
2026-01-30 08:04:41 - render - INFO - Frame 53 completado en 7.20s (677.7 KB)
2026-01-30 08:04:41 - render - INFO - Iniciando frame 85 - mandelbrot (1920x1080, 150 iter) - Modo: Optimizado
2026-01-30 08:04:41 - render - INFO - Iniciando frame 86 - mandelbrot (1920x1080, 150 iter) - Modo: Optimizado
2026-01-30 08:04:41 - render - INFO - Frame 57 completado en 7.04s (759.2 KB)
2026-01-30 08:04:41 - render - INFO - Frame 58 completado en 7.02s (745.0 KB)
2026-01-30 08:04:42 - render - INFO - Iniciando frame 87 - mandelbrot (1920x1080, 150 iter) - Modo: Optimizado
2026-01-30 08:04:42 - render - INFO - Iniciando frame 88 - mandelbrot (1920x1080, 150 iter) - Modo: Optimizado
2026-01-30 08:04:42 - render - INFO - Frame 56 completado en 7.22s (756.0 KB)
2026-01-30 08:04:42 - render - INFO - Frame 55 completado en 7.14s (737.8 KB)
2026-01-30 08:04:42 - render - INFO - Frame 54 completado en 7.24s (707.9 KB)
2026-01-30 08:04:42 - render - INFO - Frame 59 completado en 7.00s (729.7 KB)
2026-01-30 08:04:42 - render - INFO - Iniciando frame 89 - mandelbrot (1920x1080, 150 iter) - Modo: Optimizado
2026-01-30 08:04:42 - render - INFO - Frame 60 completado en 7.17s (719.7 KB)
2026-01-30 08:04:42 - render - INFO - Frame 63 completado en 6.79s (672.1 KB)
2026-01-30 08:04:42 - render - INFO - Iniciando frame 91 - mandelbrot (1920x1080, 150 iter) - Modo: Optimizado
2026-01-30 08:04:42 - render - INFO - Iniciando frame 92 - mandelbrot (1920x1080, 150 iter) - Modo: Optimizado
2026-01-30 08:04:42 - render - INFO - Iniciando frame 90 - mandelbrot (1920x1080, 150 iter) - Modo: Optimizado
2026-01-30 08:04:42 - render - INFO - Iniciando frame 94 - mandelbrot (1920x1080, 150 iter) - Modo: Optimizado
2026-01-30 08:04:42 - render - INFO - Iniciando frame 93 - mandelbrot (1920x1080, 150 iter) - Modo: Optimizado
2026-01-30 08:04:42 - render - INFO - Frame 61 completado en 7.24s (697.1 KB)
2026-01-30 08:04:43 - render - INFO - Iniciando frame 95 - mandelbrot (1920x1080, 150 iter) - Modo: Optimizado
2026-01-30 08:04:46 - render - INFO - Frame 64 completado en 7.62s (650.4 KB)
2026-01-30 08:04:46 - render - INFO - Iniciando frame 96 - mandelbrot (1920x1080, 150 iter) - Modo: Optimizado
2026-01-30 08:04:46 - render - INFO - Frame 65 completado en 7.55s (629.5 KB)
2026-01-30 08:04:46 - render - INFO - Iniciando frame 97 - mandelbrot (1920x1080, 150 iter) - Modo: Optimizado
2026-01-30 08:04:46 - render - INFO - Frame 66 completado en 7.39s (594.8 KB)
2026-01-30 08:04:46 - render - INFO - Iniciando frame 98 - mandelbrot (1920x1080, 150 iter) - Modo: Optimizado
2026-01-30 08:04:47 - render - INFO - Frame 67 completado en 7.44s (584.5 KB)
2026-01-30 08:04:47 - render - INFO - Frame 68 completado en 7.24s (602.1 KB)
2026-01-30 08:04:47 - render - INFO - Iniciando frame 99 - mandelbrot (1920x1080, 150 iter) - Modo: Optimizado
2026-01-30 08:04:47 - render - INFO - Frame 70 completado en 7.27s (624.2 KB)
2026-01-30 08:04:47 - render - INFO - Frame 69 completado en 7.39s (607.6 KB)
2026-01-30 08:04:47 - render - INFO - Frame 72 completado en 7.11s (667.9 KB)
2026-01-30 08:04:47 - render - INFO - Frame 71 completado en 7.22s (652.0 KB)
2026-01-30 08:04:47 - render - INFO - Frame 73 completado en 6.95s (677.2 KB)
2026-01-30 08:04:47 - render - INFO - Frame 74 completado en 7.03s (688.4 KB)
2026-01-30 08:04:47 - render - INFO - Frame 76 completado en 6.83s (695.8 KB)
2026-01-30 08:04:47 - render - INFO - Frame 75 completado en 7.07s (687.0 KB)
2026-01-30 08:04:47 - render - INFO - Frame 78 completado en 6.86s (731.0 KB)
2026-01-30 08:04:47 - render - INFO - Frame 79 completado en 6.82s (779.2 KB)
2026-01-30 08:04:47 - render - INFO - Frame 80 completado en 6.85s (808.7 KB)
2026-01-30 08:04:47 - render - INFO - Frame 77 completado en 7.27s (706.0 KB)
2026-01-30 08:04:48 - render - INFO - Frame 82 completado en 7.08s (833.5 KB)
2026-01-30 08:04:48 - render - INFO - Frame 81 completado en 7.24s (817.6 KB)
2026-01-30 08:04:48 - render - INFO - Frame 88 completado en 6.37s (678.1 KB)
2026-01-30 08:04:48 - render - INFO - Frame 85 completado en 6.75s (797.2 KB)
2026-01-30 08:04:48 - render - INFO - Frame 84 completado en 6.94s (832.8 KB)
2026-01-30 08:04:48 - render - INFO - Frame 86 completado en 6.64s (759.8 KB)
2026-01-30 08:04:48 - render - INFO - Frame 87 completado en 6.49s (718.0 KB)
2026-01-30 08:04:48 - render - INFO - Frame 83 completado en 6.98s (863.7 KB)
2026-01-30 08:04:48 - render - INFO - Frame 89 completado en 6.19s (655.5 KB)
2026-01-30 08:04:48 - render - INFO - Frame 90 completado en 6.15s (648.4 KB)
2026-01-30 08:04:48 - render - INFO - Frame 94 completado en 6.12s (579.3 KB)
2026-01-30 08:04:48 - render - INFO - Frame 95 completado en 5.47s (543.8 KB)
2026-01-30 08:04:48 - render - INFO - Frame 92 completado en 6.17s (629.2 KB)
2026-01-30 08:04:48 - render - INFO - Frame 93 completado en 6.11s (605.9 KB)
2026-01-30 08:04:48 - render - INFO - Frame 91 completado en 6.17s (635.2 KB)
2026-01-30 08:04:48 - render - INFO - Frame 96 completado en 2.84s (519.6 KB)
2026-01-30 08:04:49 - render - INFO - Frame 97 completado en 2.49s (503.2 KB)
2026-01-30 08:04:49 - render - INFO - Frame 98 completado en 2.26s (477.2 KB)
2026-01-30 08:04:49 - render - INFO - Frame 99 completado en 1.95s (468.2 KB)
2026-01-30 08:05:30 - render - INFO - Iniciando frame 0 - julia (1920x1080, 150 iter) - Modo: Optimizado
2026-01-30 08:05:30 - render - INFO - Iniciando frame 1 - julia (1920x1080, 150 iter) - Modo: Optimizado
2026-01-30 08:05:30 - render - INFO - Iniciando frame 7 - julia (1920x1080, 150 iter) - Modo: Optimizado
2026-01-30 08:05:30 - render - INFO - Iniciando frame 5 - julia (1920x1080, 150 iter) - Modo: Optimizado
2026-01-30 08:05:30 - render - INFO - Iniciando frame 13 - julia (1920x1080, 150 iter) - Modo: Optimizado
2026-01-30 08:05:30 - render - INFO - Iniciando frame 19 - julia (1920x1080, 150 iter) - Modo: Optimizado
2026-01-30 08:05:30 - render - INFO - Iniciando frame 17 - julia (1920x1080, 150 iter) - Modo: Optimizado
2026-01-30 08:05:30 - render - INFO - Iniciando frame 30 - julia (1920x1080, 150 iter) - Modo: Optimizado
2026-01-30 08:05:30 - render - INFO - Iniciando frame 24 - julia (1920x1080, 150 iter) - Modo: Optimizado
2026-01-30 08:05:30 - render - INFO - Iniciando frame 18 - julia (1920x1080, 150 iter) - Modo: Optimizado
2026-01-30 08:05:30 - render - INFO - Iniciando frame 12 - julia (1920x1080, 150 iter) - Modo: Optimizado
2026-01-30 08:05:30 - render - INFO - Iniciando frame 25 - julia (1920x1080, 150 iter) - Modo: Optimizado
2026-01-30 08:05:30 - render - INFO - Iniciando frame 15 - julia (1920x1080, 150 iter) - Modo: Optimizado
2026-01-30 08:05:30 - render - INFO - Iniciando frame 26 - julia (1920x1080, 150 iter) - Modo: Optimizado
2026-01-30 08:05:30 - render - INFO - Iniciando frame 28 - julia (1920x1080, 150 iter) - Modo: Optimizado
2026-01-30 08:05:30 - render - INFO - Iniciando frame 22 - julia (1920x1080, 150 iter) - Modo: Optimizado
2026-01-30 08:05:30 - render - INFO - Iniciando frame 6 - julia (1920x1080, 150 iter) - Modo: Optimizado
2026-01-30 08:05:30 - render - INFO - Iniciando frame 14 - julia (1920x1080, 150 iter) - Modo: Optimizado
2026-01-30 08:05:30 - render - INFO - Iniciando frame 4 - julia (1920x1080, 150 iter) - Modo: Optimizado
2026-01-30 08:05:30 - render - INFO - Iniciando frame 9 - julia (1920x1080, 150 iter) - Modo: Optimizado
2026-01-30 08:05:30 - render - INFO - Iniciando frame 29 - julia (1920x1080, 150 iter) - Modo: Optimizado
2026-01-30 08:05:30 - render - INFO - Iniciando frame 10 - julia (1920x1080, 150 iter) - Modo: Optimizado
2026-01-30 08:05:30 - render - INFO - Iniciando frame 21 - julia (1920x1080, 150 iter) - Modo: Optimizado
2026-01-30 08:05:30 - render - INFO - Iniciando frame 11 - julia (1920x1080, 150 iter) - Modo: Optimizado
2026-01-30 08:05:30 - render - INFO - Iniciando frame 20 - julia (1920x1080, 150 iter) - Modo: Optimizado
2026-01-30 08:05:30 - render - INFO - Iniciando frame 3 - julia (1920x1080, 150 iter) - Modo: Optimizado
2026-01-30 08:05:30 - render - INFO - Iniciando frame 8 - julia (1920x1080, 150 iter) - Modo: Optimizado
2026-01-30 08:05:30 - render - INFO - Iniciando frame 27 - julia (1920x1080, 150 iter) - Modo: Optimizado
2026-01-30 08:05:30 - render - INFO - Iniciando frame 16 - julia (1920x1080, 150 iter) - Modo: Optimizado
2026-01-30 08:05:30 - render - INFO - Iniciando frame 2 - julia (1920x1080, 150 iter) - Modo: Optimizado
2026-01-30 08:05:30 - render - INFO - Iniciando frame 23 - julia (1920x1080, 150 iter) - Modo: Optimizado
2026-01-30 08:05:30 - render - INFO - Iniciando frame 31 - julia (1920x1080, 150 iter) - Modo: Optimizado
2026-01-30 08:06:33 - render - INFO - Frame 0 completado en 63.17s (273.2 KB)
2026-01-30 08:06:34 - render - INFO - Iniciando frame 32 - julia (1920x1080, 150 iter) - Modo: Optimizado
2026-01-30 08:06:34 - render - INFO - Frame 1 completado en 63.93s (284.7 KB)
2026-01-30 08:06:34 - render - INFO - Iniciando frame 33 - julia (1920x1080, 150 iter) - Modo: Optimizado
2026-01-30 08:06:36 - render - INFO - Frame 2 completado en 65.46s (298.8 KB)
2026-01-30 08:06:36 - render - INFO - Frame 5 completado en 65.96s (345.9 KB)
2026-01-30 08:06:36 - render - INFO - Frame 4 completado en 65.98s (327.2 KB)
2026-01-30 08:06:36 - render - INFO - Iniciando frame 34 - julia (1920x1080, 150 iter) - Modo: Optimizado
2026-01-30 08:06:36 - render - INFO - Iniciando frame 35 - julia (1920x1080, 150 iter) - Modo: Optimizado
2026-01-30 08:06:37 - render - INFO - Iniciando frame 36 - julia (1920x1080, 150 iter) - Modo: Optimizado
2026-01-30 08:06:38 - render - INFO - Frame 6 completado en 67.20s (362.0 KB)
2026-01-30 08:06:38 - render - INFO - Frame 3 completado en 67.65s (313.0 KB)
2026-01-30 08:06:38 - render - INFO - Iniciando frame 37 - julia (1920x1080, 150 iter) - Modo: Optimizado
2026-01-30 08:06:38 - render - INFO - Iniciando frame 38 - julia (1920x1080, 150 iter) - Modo: Optimizado
2026-01-30 08:06:39 - render - INFO - Frame 7 completado en 68.97s (377.4 KB)
2026-01-30 08:06:40 - render - INFO - Iniciando frame 39 - julia (1920x1080, 150 iter) - Modo: Optimizado
2026-01-30 08:06:40 - render - INFO - Frame 8 completado en 69.86s (396.0 KB)
2026-01-30 08:06:41 - render - INFO - Iniciando frame 40 - julia (1920x1080, 150 iter) - Modo: Optimizado
2026-01-30 08:06:41 - render - INFO - Frame 9 completado en 70.75s (411.2 KB)
2026-01-30 08:06:41 - render - INFO - Iniciando frame 41 - julia (1920x1080, 150 iter) - Modo: Optimizado
2026-01-30 08:06:42 - render - INFO - Frame 11 completado en 71.28s (439.2 KB)
2026-01-30 08:06:42 - render - INFO - Frame 10 completado en 70.95s (428.8 KB)
2026-01-30 08:06:42 - render - INFO - Iniciando frame 43 - julia (1920x1080, 150 iter) - Modo: Optimizado
2026-01-30 08:06:42 - render - INFO - Iniciando frame 42 - julia (1920x1080, 150 iter) - Modo: Optimizado
2026-01-30 08:06:43 - render - INFO - Frame 12 completado en 72.84s (456.5 KB)
2026-01-30 08:06:43 - render - INFO - Iniciando frame 44 - julia (1920x1080, 150 iter) - Modo: Optimizado
2026-01-30 08:06:45 - render - INFO - Frame 14 completado en 74.02s (496.6 KB)
2026-01-30 08:06:45 - render - INFO - Frame 13 completado en 74.75s (478.1 KB)
2026-01-30 08:06:45 - render - INFO - Iniciando frame 45 - julia (1920x1080, 150 iter) - Modo: Optimizado
2026-01-30 08:06:45 - render - INFO - Iniciando frame 46 - julia (1920x1080, 150 iter) - Modo: Optimizado
2026-01-30 08:06:47 - render - INFO - Frame 15 completado en 76.07s (519.7 KB)
2026-01-30 08:06:47 - render - INFO - Iniciando frame 47 - julia (1920x1080, 150 iter) - Modo: Optimizado
2026-01-30 08:06:48 - render - INFO - Frame 16 completado en 77.66s (538.7 KB)
2026-01-30 08:06:48 - render - INFO - Iniciando frame 48 - julia (1920x1080, 150 iter) - Modo: Optimizado
2026-01-30 08:06:49 - render - INFO - Frame 17 completado en 79.14s (558.5 KB)
2026-01-30 08:06:50 - render - INFO - Iniciando frame 49 - julia (1920x1080, 150 iter) - Modo: Optimizado
2026-01-30 08:06:51 - render - INFO - Frame 21 completado en 80.62s (585.5 KB)
2026-01-30 08:06:52 - render - INFO - Frame 20 completado en 81.66s (573.5 KB)
2026-01-30 08:06:52 - render - INFO - Frame 31 completado en 81.81s (630.7 KB)
2026-01-30 08:06:52 - render - INFO - Frame 19 completado en 81.75s (570.8 KB)
2026-01-30 08:06:52 - render - INFO - Iniciando frame 50 - julia (1920x1080, 150 iter) - Modo: Optimizado
2026-01-30 08:06:52 - render - INFO - Frame 24 completado en 82.46s (609.1 KB)
2026-01-30 08:06:53 - render - INFO - Iniciando frame 52 - julia (1920x1080, 150 iter) - Modo: Optimizado
2026-01-30 08:06:53 - render - INFO - Iniciando frame 51 - julia (1920x1080, 150 iter) - Modo: Optimizado
2026-01-30 08:06:53 - render - INFO - Iniciando frame 53 - julia (1920x1080, 150 iter) - Modo: Optimizado
2026-01-30 08:06:53 - render - INFO - Frame 22 completado en 82.51s (596.9 KB)
2026-01-30 08:06:53 - render - INFO - Frame 18 completado en 82.51s (569.6 KB)
2026-01-30 08:06:53 - render - INFO - Frame 23 completado en 82.95s (604.5 KB)
2026-01-30 08:06:53 - render - INFO - Iniciando frame 54 - julia (1920x1080, 150 iter) - Modo: Optimizado
2026-01-30 08:06:53 - render - INFO - Iniciando frame 57 - julia (1920x1080, 150 iter) - Modo: Optimizado
2026-01-30 08:06:53 - render - INFO - Iniciando frame 56 - julia (1920x1080, 150 iter) - Modo: Optimizado
2026-01-30 08:06:53 - render - INFO - Iniciando frame 55 - julia (1920x1080, 150 iter) - Modo: Optimizado
2026-01-30 08:06:54 - render - INFO - Frame 28 completado en 84.38s (613.2 KB)
2026-01-30 08:06:55 - render - INFO - Frame 25 completado en 84.55s (607.7 KB)
2026-01-30 08:06:55 - render - INFO - Iniciando frame 58 - julia (1920x1080, 150 iter) - Modo: Optimizado
2026-01-30 08:06:56 - render - INFO - Iniciando frame 59 - julia (1920x1080, 150 iter) - Modo: Optimizado
2026-01-30 08:06:56 - render - INFO - Frame 27 completado en 85.68s (606.5 KB)
2026-01-30 08:06:57 - render - INFO - Frame 29 completado en 85.84s (626.2 KB)
2026-01-30 08:06:57 - render - INFO - Frame 26 completado en 86.66s (604.5 KB)
2026-01-30 08:06:57 - render - INFO - Iniciando frame 60 - julia (1920x1080, 150 iter) - Modo: Optimizado
2026-01-30 08:06:57 - render - INFO - Iniciando frame 62 - julia (1920x1080, 150 iter) - Modo: Optimizado
2026-01-30 08:06:58 - render - INFO - Iniciando frame 61 - julia (1920x1080, 150 iter) - Modo: Optimizado
2026-01-30 08:06:58 - render - INFO - Frame 30 completado en 87.76s (633.1 KB)
2026-01-30 08:06:59 - render - INFO - Iniciando frame 63 - julia (1920x1080, 150 iter) - Modo: Optimizado
2026-01-30 08:07:49 - render - INFO - Frame 32 completado en 74.28s (615.6 KB)
2026-01-30 08:07:50 - render - INFO - Iniciando frame 64 - julia (1920x1080, 150 iter) - Modo: Optimizado
2026-01-30 08:07:52 - render - INFO - Frame 36 completado en 72.16s (592.7 KB)
2026-01-30 08:07:52 - render - INFO - Iniciando frame 65 - julia (1920x1080, 150 iter) - Modo: Optimizado
2026-01-30 08:07:54 - render - INFO - Frame 33 completado en 78.64s (608.2 KB)
2026-01-30 08:07:55 - render - INFO - Iniciando frame 66 - julia (1920x1080, 150 iter) - Modo: Optimizado
2026-01-30 08:07:56 - render - INFO - Frame 38 completado en 76.77s (577.4 KB)
2026-01-30 08:07:58 - render - INFO - Iniciando frame 67 - julia (1920x1080, 150 iter) - Modo: Optimizado
2026-01-30 08:07:58 - render - INFO - Frame 35 completado en 79.65s (594.9 KB)
2026-01-30 08:07:58 - render - INFO - Frame 40 completado en 75.57s (587.5 KB)
2026-01-30 08:07:58 - render - INFO - Frame 34 completado en 80.44s (598.5 KB)
2026-01-30 08:07:58 - render - INFO - Frame 43 completado en 74.15s (575.3 KB)
2026-01-30 08:07:59 - render - INFO - Iniciando frame 68 - julia (1920x1080, 150 iter) - Modo: Optimizado
2026-01-30 08:07:59 - render - INFO - Frame 42 completado en 75.38s (588.9 KB)
2026-01-30 08:07:59 - render - INFO - Frame 37 completado en 79.86s (585.2 KB)
2026-01-30 08:07:59 - render - INFO - Iniciando frame 70 - julia (1920x1080, 150 iter) - Modo: Optimizado
2026-01-30 08:07:59 - render - INFO - Iniciando frame 69 - julia (1920x1080, 150 iter) - Modo: Optimizado
2026-01-30 08:07:59 - render - INFO - Frame 44 completado en 74.24s (572.1 KB)
2026-01-30 08:07:59 - render - INFO - Frame 39 completado en 78.47s (585.4 KB)
2026-01-30 08:07:59 - render - INFO - Iniciando frame 71 - julia (1920x1080, 150 iter) - Modo: Optimizado
2026-01-30 08:07:59 - render - INFO - Iniciando frame 72 - julia (1920x1080, 150 iter) - Modo: Optimizado
2026-01-30 08:07:59 - render - INFO - Iniciando frame 74 - julia (1920x1080, 150 iter) - Modo: Optimizado
2026-01-30 08:08:00 - render - INFO - Iniciando frame 73 - julia (1920x1080, 150 iter) - Modo: Optimizado
2026-01-30 08:08:00 - render - INFO - Frame 46 completado en 73.59s (563.1 KB)
2026-01-30 08:08:00 - render - INFO - Iniciando frame 75 - julia (1920x1080, 150 iter) - Modo: Optimizado
2026-01-30 08:08:00 - render - INFO - Frame 47 completado en 72.30s (559.8 KB)
2026-01-30 08:08:01 - render - INFO - Iniciando frame 76 - julia (1920x1080, 150 iter) - Modo: Optimizado
2026-01-30 08:08:02 - render - INFO - Frame 49 completado en 70.29s (576.9 KB)
2026-01-30 08:08:02 - render - INFO - Iniciando frame 77 - julia (1920x1080, 150 iter) - Modo: Optimizado
2026-01-30 08:08:03 - render - INFO - Iniciando frame 78 - julia (1920x1080, 150 iter) - Modo: Optimizado
2026-01-30 08:08:03 - render - INFO - Frame 41 completado en 80.14s (595.0 KB)
2026-01-30 08:08:04 - render - INFO - Frame 45 completado en 76.28s (565.4 KB)
2026-01-30 08:08:04 - render - INFO - Frame 48 completado en 73.12s (565.7 KB)
2026-01-30 08:08:05 - render - INFO - Iniciando frame 79 - julia (1920x1080, 150 iter) - Modo: Optimizado
2026-01-30 08:08:05 - render - INFO - Iniciando frame 80 - julia (1920x1080, 150 iter) - Modo: Optimizado
2026-01-30 08:08:06 - render - INFO - Iniciando frame 81 - julia (1920x1080, 150 iter) - Modo: Optimizado
2026-01-30 08:08:08 - render - INFO - Frame 51 completado en 74.68s (615.0 KB)
2026-01-30 08:08:09 - render - INFO - Iniciando frame 82 - julia (1920x1080, 150 iter) - Modo: Optimizado
2026-01-30 08:08:16 - render - INFO - Frame 50 completado en 81.58s (591.6 KB)
2026-01-30 08:08:16 - render - INFO - Frame 52 completado en 81.92s (641.3 KB)
2026-01-30 08:08:16 - render - INFO - Frame 55 completado en 81.22s (678.7 KB)
2026-01-30 08:08:16 - render - INFO - Frame 53 completado en 80.87s (659.4 KB)
2026-01-30 08:08:18 - render - INFO - Iniciando frame 84 - julia (1920x1080, 150 iter) - Modo: Optimizado
2026-01-30 08:08:18 - render - INFO - Iniciando frame 85 - julia (1920x1080, 150 iter) - Modo: Optimizado
2026-01-30 08:08:18 - render - INFO - Iniciando frame 83 - julia (1920x1080, 150 iter) - Modo: Optimizado
2026-01-30 08:08:18 - render - INFO - Iniciando frame 86 - julia (1920x1080, 150 iter) - Modo: Optimizado
2026-01-30 08:08:19 - render - INFO - Frame 56 completado en 83.53s (687.1 KB)
2026-01-30 08:08:20 - render - INFO - Iniciando frame 87 - julia (1920x1080, 150 iter) - Modo: Optimizado
2026-01-30 08:08:21 - render - INFO - Frame 57 completado en 86.46s (692.8 KB)
2026-01-30 08:08:21 - render - INFO - Iniciando frame 88 - julia (1920x1080, 150 iter) - Modo: Optimizado
2026-01-30 08:08:21 - render - INFO - Frame 58 completado en 85.02s (699.4 KB)
2026-01-30 08:08:22 - render - INFO - Frame 62 completado en 83.44s (701.0 KB)
2026-01-30 08:08:22 - render - INFO - Frame 54 completado en 87.84s (674.3 KB)
2026-01-30 08:08:22 - render - INFO - Iniciando frame 89 - julia (1920x1080, 150 iter) - Modo: Optimizado
2026-01-30 08:08:23 - render - INFO - Iniciando frame 90 - julia (1920x1080, 150 iter) - Modo: Optimizado
2026-01-30 08:08:24 - render - INFO - Frame 61 completado en 84.37s (702.9 KB)
2026-01-30 08:08:24 - render - INFO - Iniciando frame 91 - julia (1920x1080, 150 iter) - Modo: Optimizado
2026-01-30 08:08:25 - render - INFO - Iniciando frame 92 - julia (1920x1080, 150 iter) - Modo: Optimizado
2026-01-30 08:08:27 - render - INFO - Frame 59 completado en 87.91s (709.3 KB)
2026-01-30 08:08:29 - render - INFO - Frame 60 completado en 88.49s (707.4 KB)
2026-01-30 08:08:29 - render - INFO - Iniciando frame 93 - julia (1920x1080, 150 iter) - Modo: Optimizado
2026-01-30 08:08:30 - render - INFO - Iniciando frame 94 - julia (1920x1080, 150 iter) - Modo: Optimizado
2026-01-30 08:08:32 - render - INFO - Frame 63 completado en 90.66s (700.2 KB)
2026-01-30 08:08:34 - render - INFO - Iniciando frame 95 - julia (1920x1080, 150 iter) - Modo: Optimizado
2026-01-30 08:09:50 - render - INFO - Frame 66 completado en 114.32s (712.7 KB)
2026-01-30 08:09:51 - render - INFO - Iniciando frame 96 - julia (1920x1080, 150 iter) - Modo: Optimizado
2026-01-30 08:09:53 - render - INFO - Frame 67 completado en 114.39s (725.6 KB)
2026-01-30 08:09:54 - render - INFO - Frame 64 completado en 123.07s (704.9 KB)
2026-01-30 08:09:54 - render - INFO - Iniciando frame 97 - julia (1920x1080, 150 iter) - Modo: Optimizado
2026-01-30 08:09:54 - render - INFO - Frame 74 completado en 113.47s (733.7 KB)
2026-01-30 08:09:55 - render - INFO - Iniciando frame 98 - julia (1920x1080, 150 iter) - Modo: Optimizado
2026-01-30 08:09:55 - render - INFO - Iniciando frame 99 - julia (1920x1080, 150 iter) - Modo: Optimizado
2026-01-30 08:09:56 - render - INFO - Frame 81 completado en 108.95s (628.0 KB)
2026-01-30 08:09:57 - render - INFO - Frame 85 completado en 97.67s (549.8 KB)
2026-01-30 08:09:58 - render - INFO - Frame 82 completado en 106.56s (612.3 KB)
2026-01-30 08:09:58 - render - INFO - Frame 76 completado en 115.11s (702.0 KB)
2026-01-30 08:09:58 - render - INFO - Frame 84 completado en 98.18s (565.5 KB)
2026-01-30 08:09:58 - render - INFO - Frame 79 completado en 111.79s (643.6 KB)
2026-01-30 08:09:59 - render - INFO - Frame 72 completado en 118.22s (752.5 KB)
2026-01-30 08:09:59 - render - INFO - Frame 65 completado en 123.97s (710.1 KB)
2026-01-30 08:10:01 - render - INFO - Frame 69 completado en 120.86s (744.9 KB)
2026-01-30 08:10:03 - render - INFO - Frame 78 completado en 118.22s (658.2 KB)
2026-01-30 08:10:03 - render - INFO - Frame 68 completado en 122.94s (738.8 KB)
2026-01-30 08:10:03 - render - INFO - Frame 80 completado en 116.49s (634.4 KB)
2026-01-30 08:10:03 - render - INFO - Frame 71 completado en 123.00s (760.1 KB)
2026-01-30 08:10:03 - render - INFO - Frame 73 completado en 122.64s (742.8 KB)
2026-01-30 08:10:03 - render - INFO - Frame 86 completado en 103.65s (539.6 KB)
2026-01-30 08:10:03 - render - INFO - Frame 87 completado en 102.90s (525.2 KB)
2026-01-30 08:10:04 - render - INFO - Frame 91 completado en 98.70s (479.7 KB)
2026-01-30 08:10:04 - render - INFO - Frame 70 completado en 123.98s (751.7 KB)
2026-01-30 08:10:04 - render - INFO - Frame 77 completado en 121.25s (680.0 KB)
2026-01-30 08:10:04 - render - INFO - Frame 88 completado en 101.88s (511.4 KB)
2026-01-30 08:10:04 - render - INFO - Frame 90 completado en 99.29s (484.7 KB)
2026-01-30 08:10:04 - render - INFO - Frame 89 completado en 101.27s (496.8 KB)
2026-01-30 08:10:04 - render - INFO - Frame 92 completado en 97.59s (475.4 KB)
2026-01-30 08:10:04 - render - INFO - Frame 94 completado en 93.38s (485.5 KB)
2026-01-30 08:10:05 - render - INFO - Frame 83 completado en 105.78s (591.1 KB)
2026-01-30 08:10:05 - render - INFO - Frame 93 completado en 95.10s (479.6 KB)
2026-01-30 08:10:05 - render - INFO - Frame 75 completado en 124.06s (720.2 KB)
2026-01-30 08:10:05 - render - INFO - Frame 95 completado en 90.13s (494.3 KB)
2026-01-30 08:10:12 - render - INFO - Frame 96 completado en 19.98s (507.4 KB)
2026-01-30 08:10:12 - render - INFO - Frame 97 completado en 17.58s (506.4 KB)
2026-01-30 08:10:12 - render - INFO - Frame 99 completado en 16.35s (500.2 KB)
2026-01-30 08:10:12 - render - INFO - Frame 98 completado en 16.72s (504.4 KB)
2026-01-30 08:14:37 - render - INFO - Frame 0 obtenido del caché
2026-01-30 08:14:37 - render - INFO - Frame 3 obtenido del caché
2026-01-30 08:14:37 - render - INFO - Frame 6 obtenido del caché
2026-01-30 08:14:37 - render - INFO - Frame 1 obtenido del caché
2026-01-30 08:14:37 - render - INFO - Frame 2 obtenido del caché
2026-01-30 08:14:37 - render - INFO - Frame 5 obtenido del caché
2026-01-30 08:14:37 - render - INFO - Frame 4 obtenido del caché
2026-01-30 08:14:37 - render - INFO - Frame 8 obtenido del caché
2026-01-30 08:14:37 - render - INFO - Frame 9 obtenido del caché
2026-01-30 08:14:37 - render - INFO - Frame 7 obtenido del caché
2026-01-30 08:14:47 - render - INFO - Iniciando frame 1 - julia (1280x720, 100 iter) - Modo: Optimizado
2026-01-30 08:14:47 - render - INFO - Iniciando frame 5 - julia (1280x720, 100 iter) - Modo: Optimizado
2026-01-30 08:14:47 - render - INFO - Iniciando frame 3 - julia (1280x720, 100 iter) - Modo: Optimizado
2026-01-30 08:14:47 - render - INFO - Iniciando frame 8 - julia (1280x720, 100 iter) - Modo: Optimizado
2026-01-30 08:14:47 - render - INFO - Iniciando frame 6 - julia (1280x720, 100 iter) - Modo: Optimizado
2026-01-30 08:14:47 - render - INFO - Iniciando frame 4 - julia (1280x720, 100 iter) - Modo: Optimizado
2026-01-30 08:14:47 - render - INFO - Iniciando frame 15 - julia (1280x720, 100 iter) - Modo: Optimizado
2026-01-30 08:14:47 - render - INFO - Iniciando frame 2 - julia (1280x720, 100 iter) - Modo: Optimizado
2026-01-30 08:14:47 - render - INFO - Iniciando frame 7 - julia (1280x720, 100 iter) - Modo: Optimizado
2026-01-30 08:14:47 - render - INFO - Iniciando frame 0 - julia (1280x720, 100 iter) - Modo: Optimizado
2026-01-30 08:14:47 - render - INFO - Iniciando frame 12 - julia (1280x720, 100 iter) - Modo: Optimizado
2026-01-30 08:14:47 - render - INFO - Iniciando frame 14 - julia (1280x720, 100 iter) - Modo: Optimizado
2026-01-30 08:14:47 - render - INFO - Iniciando frame 9 - julia (1280x720, 100 iter) - Modo: Optimizado
2026-01-30 08:14:47 - render - INFO - Iniciando frame 16 - julia (1280x720, 100 iter) - Modo: Optimizado
2026-01-30 08:14:47 - render - INFO - Iniciando frame 13 - julia (1280x720, 100 iter) - Modo: Optimizado
2026-01-30 08:14:47 - render - INFO - Iniciando frame 17 - julia (1280x720, 100 iter) - Modo: Optimizado
2026-01-30 08:14:47 - render - INFO - Iniciando frame 11 - julia (1280x720, 100 iter) - Modo: Optimizado
2026-01-30 08:14:47 - render - INFO - Iniciando frame 10 - julia (1280x720, 100 iter) - Modo: Optimizado
2026-01-30 08:14:47 - render - INFO - Iniciando frame 19 - julia (1280x720, 100 iter) - Modo: Optimizado
2026-01-30 08:14:47 - render - INFO - Iniciando frame 22 - julia (1280x720, 100 iter) - Modo: Optimizado
2026-01-30 08:14:47 - render - INFO - Iniciando frame 20 - julia (1280x720, 100 iter) - Modo: Optimizado
2026-01-30 08:14:47 - render - INFO - Iniciando frame 23 - julia (1280x720, 100 iter) - Modo: Optimizado
2026-01-30 08:14:47 - render - INFO - Iniciando frame 24 - julia (1280x720, 100 iter) - Modo: Optimizado
2026-01-30 08:14:47 - render - INFO - Iniciando frame 25 - julia (1280x720, 100 iter) - Modo: Optimizado
2026-01-30 08:14:47 - render - INFO - Iniciando frame 27 - julia (1280x720, 100 iter) - Modo: Optimizado
2026-01-30 08:14:47 - render - INFO - Iniciando frame 28 - julia (1280x720, 100 iter) - Modo: Optimizado
2026-01-30 08:14:47 - render - INFO - Iniciando frame 29 - julia (1280x720, 100 iter) - Modo: Optimizado
2026-01-30 08:14:47 - render - INFO - Iniciando frame 30 - julia (1280x720, 100 iter) - Modo: Optimizado
2026-01-30 08:14:47 - render - INFO - Iniciando frame 31 - julia (1280x720, 100 iter) - Modo: Optimizado
2026-01-30 08:14:47 - render - INFO - Iniciando frame 26 - julia (1280x720, 100 iter) - Modo: Optimizado
2026-01-30 08:14:47 - render - INFO - Iniciando frame 21 - julia (1280x720, 100 iter) - Modo: Optimizado
2026-01-30 08:14:47 - render - INFO - Iniciando frame 18 - julia (1280x720, 100 iter) - Modo: Optimizado
2026-01-30 08:15:10 - render - INFO - Frame 23 completado en 21.50s (88.8 KB)
2026-01-30 08:15:11 - render - INFO - Iniciando frame 32 - julia (1280x720, 100 iter) - Modo: Optimizado
2026-01-30 08:15:11 - render - INFO - Frame 27 completado en 23.00s (87.2 KB)
2026-01-30 08:15:11 - render - INFO - Frame 17 completado en 22.94s (127.8 KB)
2026-01-30 08:15:11 - render - INFO - Frame 21 completado en 23.26s (106.1 KB)
2026-01-30 08:15:11 - render - INFO - Frame 0 completado en 23.16s (112.7 KB)
2026-01-30 08:15:11 - render - INFO - Iniciando frame 34 - julia (1280x720, 100 iter) - Modo: Optimizado
2026-01-30 08:15:11 - render - INFO - Iniciando frame 33 - julia (1280x720, 100 iter) - Modo: Optimizado
2026-01-30 08:15:11 - render - INFO - Frame 15 completado en 23.27s (131.9 KB)
2026-01-30 08:15:11 - render - INFO - Frame 24 completado en 23.04s (85.6 KB)
2026-01-30 08:15:11 - render - INFO - Frame 25 completado en 23.26s (82.5 KB)
2026-01-30 08:15:11 - render - INFO - Frame 28 completado en 23.29s (88.0 KB)
2026-01-30 08:15:11 - render - INFO - Frame 26 completado en 23.33s (85.0 KB)
2026-01-30 08:15:11 - render - INFO - Iniciando frame 36 - julia (1280x720, 100 iter) - Modo: Optimizado
2026-01-30 08:15:11 - render - INFO - Iniciando frame 35 - julia (1280x720, 100 iter) - Modo: Optimizado
2026-01-30 08:15:11 - render - INFO - Frame 29 completado en 23.33s (85.7 KB)
2026-01-30 08:15:11 - render - INFO - Iniciando frame 37 - julia (1280x720, 100 iter) - Modo: Optimizado
2026-01-30 08:15:12 - render - INFO - Iniciando frame 38 - julia (1280x720, 100 iter) - Modo: Optimizado
2026-01-30 08:15:12 - render - INFO - Frame 22 completado en 23.44s (100.0 KB)
2026-01-30 08:15:12 - render - INFO - Frame 31 completado en 23.55s (68.3 KB)
2026-01-30 08:15:12 - render - INFO - Frame 16 completado en 23.56s (130.7 KB)
2026-01-30 08:15:12 - render - INFO - Iniciando frame 40 - julia (1280x720, 100 iter) - Modo: Optimizado
2026-01-30 08:15:12 - render - INFO - Iniciando frame 39 - julia (1280x720, 100 iter) - Modo: Optimizado
2026-01-30 08:15:12 - render - INFO - Iniciando frame 41 - julia (1280x720, 100 iter) - Modo: Optimizado
2026-01-30 08:15:12 - render - INFO - Frame 19 completado en 23.58s (123.4 KB)
2026-01-30 08:15:12 - render - INFO - Iniciando frame 42 - julia (1280x720, 100 iter) - Modo: Optimizado
2026-01-30 08:15:12 - render - INFO - Frame 1 completado en 23.60s (136.6 KB)
2026-01-30 08:15:12 - render - INFO - Frame 18 completado en 23.74s (128.2 KB)
2026-01-30 08:15:12 - render - INFO - Frame 30 completado en 23.58s (77.1 KB)
2026-01-30 08:15:12 - render - INFO - Iniciando frame 43 - julia (1280x720, 100 iter) - Modo: Optimizado
2026-01-30 08:15:12 - render - INFO - Frame 20 completado en 23.75s (114.8 KB)
2026-01-30 08:15:12 - render - INFO - Frame 12 completado en 23.73s (210.4 KB)
2026-01-30 08:15:12 - render - INFO - Iniciando frame 44 - julia (1280x720, 100 iter) - Modo: Optimizado
2026-01-30 08:15:12 - render - INFO - Iniciando frame 45 - julia (1280x720, 100 iter) - Modo: Optimizado
2026-01-30 08:15:12 - render - INFO - Frame 14 completado en 23.77s (161.5 KB)
2026-01-30 08:15:12 - render - INFO - Iniciando frame 46 - julia (1280x720, 100 iter) - Modo: Optimizado
2026-01-30 08:15:12 - render - INFO - Iniciando frame 49 - julia (1280x720, 100 iter) - Modo: Optimizado
2026-01-30 08:15:12 - render - INFO - Frame 13 completado en 23.80s (185.1 KB)
2026-01-30 08:15:12 - render - INFO - Iniciando frame 47 - julia (1280x720, 100 iter) - Modo: Optimizado
2026-01-30 08:15:12 - render - INFO - Iniciando frame 48 - julia (1280x720, 100 iter) - Modo: Optimizado
2026-01-30 08:15:13 - render - INFO - Frame 2 completado en 24.53s (161.6 KB)
2026-01-30 08:15:13 - render - INFO - Frame 11 completado en 25.32s (226.2 KB)
2026-01-30 08:15:14 - render - INFO - Frame 5 completado en 25.41s (249.1 KB)
2026-01-30 08:15:14 - render - INFO - Frame 10 completado en 25.32s (251.9 KB)
2026-01-30 08:15:14 - render - INFO - Frame 3 completado en 25.81s (196.2 KB)
2026-01-30 08:15:14 - render - INFO - Frame 8 completado en 25.97s (290.8 KB)
2026-01-30 08:15:15 - render - INFO - Frame 6 completado en 26.37s (260.5 KB)
2026-01-30 08:15:15 - render - INFO - Frame 7 completado en 26.31s (276.2 KB)
2026-01-30 08:15:15 - render - INFO - Frame 9 completado en 26.57s (275.9 KB)
2026-01-30 08:15:15 - render - INFO - Frame 4 completado en 26.57s (227.9 KB)
2026-01-30 08:15:26 - render - INFO - Frame 40 completado en 13.92s (53.9 KB)
2026-01-30 08:15:26 - render - INFO - Frame 33 completado en 14.51s (56.9 KB)
2026-01-30 08:15:26 - render - INFO - Frame 42 completado en 14.15s (47.5 KB)
2026-01-30 08:15:26 - render - INFO - Frame 34 completado en 14.66s (49.7 KB)
2026-01-30 08:15:26 - render - INFO - Frame 46 completado en 13.73s (44.9 KB)
2026-01-30 08:15:26 - render - INFO - Frame 41 completado en 14.32s (50.3 KB)
2026-01-30 08:15:26 - render - INFO - Frame 36 completado en 14.63s (47.2 KB)
2026-01-30 08:15:26 - render - INFO - Frame 32 completado en 15.26s (60.2 KB)
2026-01-30 08:15:26 - render - INFO - Frame 47 completado en 13.54s (46.8 KB)
2026-01-30 08:15:26 - render - INFO - Frame 38 completado en 14.57s (54.7 KB)
2026-01-30 08:15:26 - render - INFO - Frame 37 completado en 14.66s (51.0 KB)
2026-01-30 08:15:26 - render - INFO - Frame 43 completado en 14.03s (44.8 KB)
2026-01-30 08:15:26 - render - INFO - Frame 39 completado en 14.68s (56.5 KB)
2026-01-30 08:15:26 - render - INFO - Frame 49 completado en 13.85s (53.2 KB)
2026-01-30 08:15:26 - render - INFO - Frame 48 completado en 13.77s (50.8 KB)
2026-01-30 08:15:26 - render - INFO - Frame 35 completado en 14.85s (50.1 KB)
2026-01-30 08:15:26 - render - INFO - Frame 45 completado en 13.97s (42.6 KB)
2026-01-30 08:15:26 - render - INFO - Frame 44 completado en 13.99s (41.4 KB)
